REGIONE;PROV_CITTA_METROPOLITANA;SIGLA_PROV;COMUNE;COD_ISTAT_COMUNE;ZONA_SISMICA
Piemonte;Torino;TO;Agliè;1001;3
Piemonte;Torino;TO;Airasca;1002;3
Piemonte;Torino;TO;Ala di Stura;1003;3S
Piemonte;Torino;TO;Albiano d'Ivrea;1004;3
Piemonte;Torino;TO;Almese;1006;3S
Piemonte;Torino;TO;Alpette;1007;3
Piemonte;Torino;TO;Alpignano;1008;3
Piemonte;Torino;TO;Andezeno;1009;4
Piemonte;Torino;TO;Andrate;1010;3
Piemonte;Torino;TO;Angrogna;1011;3S
Piemonte;Torino;TO;Arignano;1012;4
Piemonte;Torino;TO;Avigliana;1013;3S
Piemonte;Torino;TO;Azeglio;1014;3
Piemonte;Torino;TO;Bairo;1015;3
Piemonte;Torino;TO;Balangero;1016;3
Piemonte;Torino;TO;Baldissero Canavese;1017;3
Piemonte;Torino;TO;Baldissero Torinese;1018;3
Piemonte;Torino;TO;Balme;1019;3S
Piemonte;Torino;TO;Banchette;1020;3
Piemonte;Torino;TO;Barbania;1021;3
Piemonte;Torino;TO;Bardonecchia;1022;3
Piemonte;Torino;TO;Barone Canavese;1023;3
Piemonte;Torino;TO;Beinasco;1024;3
Piemonte;Torino;TO;Bibiana;1025;3S
Piemonte;Torino;TO;Bobbio Pellice;1026;3S
Piemonte;Torino;TO;Bollengo;1027;3
Piemonte;Torino;TO;Borgaro Torinese;1028;3
Piemonte;Torino;TO;Borgiallo;1029;3
Piemonte;Torino;TO;Borgofranco d'Ivrea;1030;3
Piemonte;Torino;TO;Borgomasino;1031;4
Piemonte;Torino;TO;Borgone Susa;1032;3S
Piemonte;Torino;TO;Bosconero;1033;3
Piemonte;Torino;TO;Brandizzo;1034;4
Piemonte;Torino;TO;Bricherasio;1035;3S
Piemonte;Torino;TO;Brosso;1036;3
Piemonte;Torino;TO;Brozolo;1037;4
Piemonte;Torino;TO;Bruino;1038;3
Piemonte;Torino;TO;Brusasco;1039;4
Piemonte;Torino;TO;Bruzolo;1040;3S
Piemonte;Torino;TO;Buriasco;1041;3
Piemonte;Torino;TO;Burolo;1042;3
Piemonte;Torino;TO;Busano;1043;3
Piemonte;Torino;TO;Bussoleno;1044;3S
Piemonte;Torino;TO;Buttigliera Alta;1045;3
Piemonte;Torino;TO;Cafasse;1046;3
Piemonte;Torino;TO;Caluso;1047;4
Piemonte;Torino;TO;Cambiano;1048;3
Piemonte;Torino;TO;Campiglione Fenile;1049;3S
Piemonte;Torino;TO;Candia Canavese;1050;3
Piemonte;Torino;TO;Candiolo;1051;3
Piemonte;Torino;TO;Canischio;1052;3
Piemonte;Torino;TO;Cantalupa;1053;3S
Piemonte;Torino;TO;Cantoira;1054;3S
Piemonte;Torino;TO;Caprie;1055;3S
Piemonte;Torino;TO;Caravino;1056;3
Piemonte;Torino;TO;Carema;1057;3
Piemonte;Torino;TO;Carignano;1058;3
Piemonte;Torino;TO;Carmagnola;1059;3
Piemonte;Torino;TO;Casalborgone;1060;4
Piemonte;Torino;TO;Cascinette d'Ivrea;1061;3
Piemonte;Torino;TO;Caselette;1062;3
Piemonte;Torino;TO;Caselle Torinese;1063;3
Piemonte;Torino;TO;Castagneto Po;1064;4
Piemonte;Torino;TO;Castagnole Piemonte;1065;3
Piemonte;Torino;TO;Castellamonte;1066;3
Piemonte;Torino;TO;Castelnuovo Nigra;1067;3
Piemonte;Torino;TO;Castiglione Torinese;1068;4
Piemonte;Torino;TO;Cavagnolo;1069;4
Piemonte;Torino;TO;Cavour;1070;3S
Piemonte;Torino;TO;Cercenasco;1071;3
Piemonte;Torino;TO;Ceres;1072;3S
Piemonte;Torino;TO;Ceresole Reale;1073;3
Piemonte;Torino;TO;Cesana Torinese;1074;3
Piemonte;Torino;TO;Chialamberto;1075;3S
Piemonte;Torino;TO;Chianocco;1076;3S
Piemonte;Torino;TO;Chiaverano;1077;3
Piemonte;Torino;TO;Chieri;1078;4
Piemonte;Torino;TO;Chiesanuova;1079;3
Piemonte;Torino;TO;Chiomonte;1080;3S
Piemonte;Torino;TO;Chiusa di San Michele;1081;3S
Piemonte;Torino;TO;Chivasso;1082;4
Piemonte;Torino;TO;Ciconio;1083;3
Piemonte;Torino;TO;Cintano;1084;3
Piemonte;Torino;TO;Cinzano;1085;4
Piemonte;Torino;TO;Ciriè;1086;3
Piemonte;Torino;TO;Claviere;1087;3
Piemonte;Torino;TO;Coassolo Torinese;1088;3S
Piemonte;Torino;TO;Coazze;1089;3S
Piemonte;Torino;TO;Collegno;1090;3
Piemonte;Torino;TO;Colleretto Castelnuovo;1091;3
Piemonte;Torino;TO;Colleretto Giacosa;1092;3
Piemonte;Torino;TO;Condove;1093;3S
Piemonte;Torino;TO;Corio;1094;3
Piemonte;Torino;TO;Cossano Canavese;1095;4
Piemonte;Torino;TO;Cuceglio;1096;3
Piemonte;Torino;TO;Cumiana;1097;3S
Piemonte;Torino;TO;Cuorgnè;1098;3
Piemonte;Torino;TO;Druento;1099;3
Piemonte;Torino;TO;Exilles;1100;3S
Piemonte;Torino;TO;Favria;1101;3
Piemonte;Torino;TO;Feletto;1102;3
Piemonte;Torino;TO;Fenestrelle;1103;3S
Piemonte;Torino;TO;Fiano;1104;3
Piemonte;Torino;TO;Fiorano Canavese;1105;3
Piemonte;Torino;TO;Foglizzo;1106;3
Piemonte;Torino;TO;Forno Canavese;1107;3
Piemonte;Torino;TO;Frassinetto;1108;3
Piemonte;Torino;TO;Front;1109;3
Piemonte;Torino;TO;Frossasco;1110;3S
Piemonte;Torino;TO;Garzigliana;1111;3S
Piemonte;Torino;TO;Gassino Torinese;1112;4
Piemonte;Torino;TO;Germagnano;1113;3S
Piemonte;Torino;TO;Giaglione;1114;3S
Piemonte;Torino;TO;Giaveno;1115;3S
Piemonte;Torino;TO;Givoletto;1116;3
Piemonte;Torino;TO;Gravere;1117;3S
Piemonte;Torino;TO;Groscavallo;1118;3S
Piemonte;Torino;TO;Grosso;1119;3
Piemonte;Torino;TO;Grugliasco;1120;3
Piemonte;Torino;TO;Ingria;1121;3
Piemonte;Torino;TO;Inverso Pinasca;1122;3S
Piemonte;Torino;TO;Isolabella;1123;4
Piemonte;Torino;TO;Issiglio;1124;3
Piemonte;Torino;TO;Ivrea;1125;3
Piemonte;Torino;TO;La Cassa;1126;3
Piemonte;Torino;TO;La Loggia;1127;3
Piemonte;Torino;TO;Lanzo Torinese;1128;3
Piemonte;Torino;TO;Lauriano;1129;4
Piemonte;Torino;TO;Leini;1130;3
Piemonte;Torino;TO;Lemie;1131;3S
Piemonte;Torino;TO;Lessolo;1132;3
Piemonte;Torino;TO;Levone;1133;3
Piemonte;Torino;TO;Locana;1134;3
Piemonte;Torino;TO;Lombardore;1135;3
Piemonte;Torino;TO;Lombriasco;1136;3
Piemonte;Torino;TO;Loranzè;1137;3
Piemonte;Torino;TO;Luserna San Giovanni;1139;3S
Piemonte;Torino;TO;Lusernetta;1140;3S
Piemonte;Torino;TO;Lusigliè;1141;3
Piemonte;Torino;TO;Macello;1142;3S
Piemonte;Torino;TO;Maglione;1143;4
Piemonte;Torino;TO;Marentino;1144;4
Piemonte;Torino;TO;Massello;1145;3S
Piemonte;Torino;TO;Mathi;1146;3
Piemonte;Torino;TO;Mattie;1147;3S
Piemonte;Torino;TO;Mazzè;1148;4
Piemonte;Torino;TO;Meana di Susa;1149;3S
Piemonte;Torino;TO;Mercenasco;1150;3
Piemonte;Torino;TO;Mezzenile;1152;3S
Piemonte;Torino;TO;Mombello di Torino;1153;4
Piemonte;Torino;TO;Mompantero;1154;3S
Piemonte;Torino;TO;Monastero di Lanzo;1155;3S
Piemonte;Torino;TO;Moncalieri;1156;3
Piemonte;Torino;TO;Moncenisio;1157;3S
Piemonte;Torino;TO;Montaldo Torinese;1158;4
Piemonte;Torino;TO;Montalenghe;1159;3
Piemonte;Torino;TO;Montalto Dora;1160;3
Piemonte;Torino;TO;Montanaro;1161;4
Piemonte;Torino;TO;Monteu da Po;1162;4
Piemonte;Torino;TO;Moriondo Torinese;1163;4
Piemonte;Torino;TO;Nichelino;1164;3
Piemonte;Torino;TO;Noasca;1165;3
Piemonte;Torino;TO;Nole;1166;3
Piemonte;Torino;TO;Nomaglio;1167;3
Piemonte;Torino;TO;None;1168;3
Piemonte;Torino;TO;Novalesa;1169;3S
Piemonte;Torino;TO;Oglianico;1170;3
Piemonte;Torino;TO;Orbassano;1171;3
Piemonte;Torino;TO;Orio Canavese;1172;3
Piemonte;Torino;TO;Osasco;1173;3S
Piemonte;Torino;TO;Osasio;1174;3
Piemonte;Torino;TO;Oulx;1175;3
Piemonte;Torino;TO;Ozegna;1176;3
Piemonte;Torino;TO;Palazzo Canavese;1177;3
Piemonte;Torino;TO;Pancalieri;1178;3
Piemonte;Torino;TO;Parella;1179;3
Piemonte;Torino;TO;Pavarolo;1180;4
Piemonte;Torino;TO;Pavone Canavese;1181;3
Piemonte;Torino;TO;Pecetto Torinese;1183;3
Piemonte;Torino;TO;Perosa Argentina;1184;3S
Piemonte;Torino;TO;Perosa Canavese;1185;3
Piemonte;Torino;TO;Perrero;1186;3S
Piemonte;Torino;TO;Pertusio;1187;3
Piemonte;Torino;TO;Pessinetto;1188;3S
Piemonte;Torino;TO;Pianezza;1189;3
Piemonte;Torino;TO;Pinasca;1190;3S
Piemonte;Torino;TO;Pinerolo;1191;3S
Piemonte;Torino;TO;Pino Torinese;1192;3
Piemonte;Torino;TO;Piobesi Torinese;1193;3
Piemonte;Torino;TO;Piossasco;1194;3
Piemonte;Torino;TO;Piscina;1195;3
Piemonte;Torino;TO;Piverone;1196;3
Piemonte;Torino;TO;Poirino;1197;4
Piemonte;Torino;TO;Pomaretto;1198;3S
Piemonte;Torino;TO;Pont Canavese;1199;3
Piemonte;Torino;TO;Porte;1200;3S
Piemonte;Torino;TO;Pragelato;1201;3S
Piemonte;Torino;TO;Prali;1202;3S
Piemonte;Torino;TO;Pralormo;1203;4
Piemonte;Torino;TO;Pramollo;1204;3S
Piemonte;Torino;TO;Prarostino;1205;3S
Piemonte;Torino;TO;Prascorsano;1206;3
Piemonte;Torino;TO;Pratiglione;1207;3
Piemonte;Torino;TO;Quagliuzzo;1208;3
Piemonte;Torino;TO;Quassolo;1209;3
Piemonte;Torino;TO;Quincinetto;1210;3
Piemonte;Torino;TO;Reano;1211;3
Piemonte;Torino;TO;Ribordone;1212;3
Piemonte;Torino;TO;Rivalba;1213;4
Piemonte;Torino;TO;Rivalta di Torino;1214;3
Piemonte;Torino;TO;Riva presso Chieri;1215;4
Piemonte;Torino;TO;Rivara;1216;3
Piemonte;Torino;TO;Rivarolo Canavese;1217;3
Piemonte;Torino;TO;Rivarossa;1218;3
Piemonte;Torino;TO;Rivoli;1219;3
Piemonte;Torino;TO;Robassomero;1220;3
Piemonte;Torino;TO;Rocca Canavese;1221;3
Piemonte;Torino;TO;Roletto;1222;3S
Piemonte;Torino;TO;Romano Canavese;1223;3
Piemonte;Torino;TO;Ronco Canavese;1224;3
Piemonte;Torino;TO;Rondissone;1225;4
Piemonte;Torino;TO;Rorà;1226;3S
Piemonte;Torino;TO;Roure;1227;3S
Piemonte;Torino;TO;Rosta;1228;3
Piemonte;Torino;TO;Rubiana;1229;3S
Piemonte;Torino;TO;Rueglio;1230;3
Piemonte;Torino;TO;Salassa;1231;3
Piemonte;Torino;TO;Salbertrand;1232;3S
Piemonte;Torino;TO;Salerano Canavese;1233;3
Piemonte;Torino;TO;Salza di Pinerolo;1234;3S
Piemonte;Torino;TO;Samone;1235;3
Piemonte;Torino;TO;San Benigno Canavese;1236;3
Piemonte;Torino;TO;San Carlo Canavese;1237;3
Piemonte;Torino;TO;San Colombano Belmonte;1238;3
Piemonte;Torino;TO;San Didero;1239;3S
Piemonte;Torino;TO;San Francesco al Campo;1240;3
Piemonte;Torino;TO;Sangano;1241;3
Piemonte;Torino;TO;San Germano Chisone;1242;3S
Piemonte;Torino;TO;San Gillio;1243;3
Piemonte;Torino;TO;San Giorgio Canavese;1244;3
Piemonte;Torino;TO;San Giorio di Susa;1245;3S
Piemonte;Torino;TO;San Giusto Canavese;1246;3
Piemonte;Torino;TO;San Martino Canavese;1247;3
Piemonte;Torino;TO;San Maurizio Canavese;1248;3
Piemonte;Torino;TO;San Mauro Torinese;1249;3
Piemonte;Torino;TO;San Pietro Val Lemina;1250;3S
Piemonte;Torino;TO;San Ponso;1251;3
Piemonte;Torino;TO;San Raffaele Cimena;1252;4
Piemonte;Torino;TO;San Sebastiano da Po;1253;4
Piemonte;Torino;TO;San Secondo di Pinerolo;1254;3S
Piemonte;Torino;TO;Sant'Ambrogio di Torino;1255;3S
Piemonte;Torino;TO;Sant'Antonino di Susa;1256;3S
Piemonte;Torino;TO;Santena;1257;3
Piemonte;Torino;TO;Sauze di Cesana;1258;3
Piemonte;Torino;TO;Sauze d'Oulx;1259;3
Piemonte;Torino;TO;Scalenghe;1260;3
Piemonte;Torino;TO;Scarmagno;1261;3
Piemonte;Torino;TO;Sciolze;1262;4
Piemonte;Torino;TO;Sestriere;1263;3
Piemonte;Torino;TO;Settimo Rottaro;1264;4
Piemonte;Torino;TO;Settimo Torinese;1265;3
Piemonte;Torino;TO;Settimo Vittone;1266;3
Piemonte;Torino;TO;Sparone;1267;3
Piemonte;Torino;TO;Strambinello;1268;3
Piemonte;Torino;TO;Strambino;1269;3
Piemonte;Torino;TO;Susa;1270;3S
Piemonte;Torino;TO;Tavagnasco;1271;3
Piemonte;Torino;TO;Torino;1272;3
Piemonte;Torino;TO;Torrazza Piemonte;1273;4
Piemonte;Torino;TO;Torre Canavese;1274;3
Piemonte;Torino;TO;Torre Pellice;1275;3S
Piemonte;Torino;TO;Trana;1276;3
Piemonte;Torino;TO;Traversella;1278;3
Piemonte;Torino;TO;Traves;1279;3S
Piemonte;Torino;TO;Trofarello;1280;3
Piemonte;Torino;TO;Usseaux;1281;3S
Piemonte;Torino;TO;Usseglio;1282;3S
Piemonte;Torino;TO;Vaie;1283;3S
Piemonte;Torino;TO;Val della Torre;1284;3S
Piemonte;Torino;TO;Valgioie;1285;3S
Piemonte;Torino;TO;Vallo Torinese;1286;3
Piemonte;Torino;TO;Valperga;1287;3
Piemonte;Torino;TO;Valprato Soana;1288;3
Piemonte;Torino;TO;Varisella;1289;3
Piemonte;Torino;TO;Vauda Canavese;1290;3
Piemonte;Torino;TO;Venaus;1291;3S
Piemonte;Torino;TO;Venaria Reale;1292;3
Piemonte;Torino;TO;Verolengo;1293;4
Piemonte;Torino;TO;Verrua Savoia;1294;4
Piemonte;Torino;TO;Vestignè;1295;3
Piemonte;Torino;TO;Vialfrè;1296;3
Piemonte;Torino;TO;Vidracco;1298;3
Piemonte;Torino;TO;Vigone;1299;3
Piemonte;Torino;TO;Villafranca Piemonte;1300;3
Piemonte;Torino;TO;Villanova Canavese;1301;3
Piemonte;Torino;TO;Villarbasse;1302;3
Piemonte;Torino;TO;Villar Dora;1303;3S
Piemonte;Torino;TO;Villareggia;1304;4
Piemonte;Torino;TO;Villar Focchiardo;1305;3S
Piemonte;Torino;TO;Villar Pellice;1306;3S
Piemonte;Torino;TO;Villar Perosa;1307;3S
Piemonte;Torino;TO;Villastellone;1308;3
Piemonte;Torino;TO;Vinovo;1309;3
Piemonte;Torino;TO;Virle Piemonte;1310;3
Piemonte;Torino;TO;Vische;1311;4
Piemonte;Torino;TO;Vistrorio;1312;3
Piemonte;Torino;TO;Viù;1313;3S
Piemonte;Torino;TO;Volpiano;1314;3
Piemonte;Torino;TO;Volvera;1315;3
Piemonte;Torino;TO;Mappano;1316;3
Piemonte;Torino;TO;Val di Chy;1317;3
Piemonte;Torino;TO;Valchiusa;1318;3
Piemonte;Vercelli;VC;Alagna Valsesia;2002;3
Piemonte;Vercelli;VC;Albano Vercellese;2003;4
Piemonte;Vercelli;VC;Alice Castello;2004;4
Piemonte;Vercelli;VC;Arborio;2006;4
Piemonte;Vercelli;VC;Asigliano Vercellese;2007;4
Piemonte;Vercelli;VC;Balmuccia;2008;4
Piemonte;Vercelli;VC;Balocco;2009;4
Piemonte;Vercelli;VC;Bianzè;2011;4
Piemonte;Vercelli;VC;Boccioleto;2014;4
Piemonte;Vercelli;VC;Borgo d'Ale;2015;4
Piemonte;Vercelli;VC;Borgosesia;2016;4
Piemonte;Vercelli;VC;Borgo Vercelli;2017;4
Piemonte;Vercelli;VC;Buronzo;2021;4
Piemonte;Vercelli;VC;Campertogno;2025;4
Piemonte;Vercelli;VC;Carcoforo;2029;4
Piemonte;Vercelli;VC;Caresana;2030;4
Piemonte;Vercelli;VC;Caresanablot;2031;4
Piemonte;Vercelli;VC;Carisio;2032;4
Piemonte;Vercelli;VC;Casanova Elvo;2033;4
Piemonte;Vercelli;VC;San Giacomo Vercellese;2035;4
Piemonte;Vercelli;VC;Cervatto;2041;4
Piemonte;Vercelli;VC;Cigliano;2042;4
Piemonte;Vercelli;VC;Civiasco;2043;4
Piemonte;Vercelli;VC;Collobiano;2045;4
Piemonte;Vercelli;VC;Costanzana;2047;4
Piemonte;Vercelli;VC;Cravagliana;2048;4
Piemonte;Vercelli;VC;Crescentino;2049;4
Piemonte;Vercelli;VC;Crova;2052;4
Piemonte;Vercelli;VC;Desana;2054;4
Piemonte;Vercelli;VC;Fobello;2057;4
Piemonte;Vercelli;VC;Fontanetto Po;2058;4
Piemonte;Vercelli;VC;Formigliana;2059;4
Piemonte;Vercelli;VC;Gattinara;2061;4
Piemonte;Vercelli;VC;Ghislarengo;2062;4
Piemonte;Vercelli;VC;Greggio;2065;4
Piemonte;Vercelli;VC;Guardabosone;2066;4
Piemonte;Vercelli;VC;Lamporo;2067;4
Piemonte;Vercelli;VC;Lenta;2068;4
Piemonte;Vercelli;VC;Lignana;2070;4
Piemonte;Vercelli;VC;Livorno Ferraris;2071;4
Piemonte;Vercelli;VC;Lozzolo;2072;4
Piemonte;Vercelli;VC;Mollia;2078;4
Piemonte;Vercelli;VC;Moncrivello;2079;4
Piemonte;Vercelli;VC;Motta de' Conti;2082;4
Piemonte;Vercelli;VC;Olcenengo;2088;4
Piemonte;Vercelli;VC;Oldenico;2089;4
Piemonte;Vercelli;VC;Palazzolo Vercellese;2090;4
Piemonte;Vercelli;VC;Pertengo;2091;4
Piemonte;Vercelli;VC;Pezzana;2093;4
Piemonte;Vercelli;VC;Pila;2096;4
Piemonte;Vercelli;VC;Piode;2097;4
Piemonte;Vercelli;VC;Postua;2102;4
Piemonte;Vercelli;VC;Prarolo;2104;4
Piemonte;Vercelli;VC;Quarona;2107;4
Piemonte;Vercelli;VC;Quinto Vercellese;2108;4
Piemonte;Vercelli;VC;Rassa;2110;4
Piemonte;Vercelli;VC;Rimella;2113;4
Piemonte;Vercelli;VC;Rive;2115;4
Piemonte;Vercelli;VC;Roasio;2116;4
Piemonte;Vercelli;VC;Ronsecco;2118;4
Piemonte;Vercelli;VC;Rossa;2121;4
Piemonte;Vercelli;VC;Rovasenda;2122;4
Piemonte;Vercelli;VC;Salasco;2126;4
Piemonte;Vercelli;VC;Sali Vercellese;2127;4
Piemonte;Vercelli;VC;Saluggia;2128;4
Piemonte;Vercelli;VC;San Germano Vercellese;2131;4
Piemonte;Vercelli;VC;Santhià;2133;4
Piemonte;Vercelli;VC;Scopa;2134;4
Piemonte;Vercelli;VC;Scopello;2135;4
Piemonte;Vercelli;VC;Serravalle Sesia;2137;4
Piemonte;Vercelli;VC;Stroppiana;2142;4
Piemonte;Vercelli;VC;Tricerro;2147;4
Piemonte;Vercelli;VC;Trino;2148;4
Piemonte;Vercelli;VC;Tronzano Vercellese;2150;4
Piemonte;Vercelli;VC;Valduggia;2152;4
Piemonte;Vercelli;VC;Varallo;2156;4
Piemonte;Vercelli;VC;Vercelli;2158;4
Piemonte;Vercelli;VC;Villarboit;2163;4
Piemonte;Vercelli;VC;Villata;2164;4
Piemonte;Vercelli;VC;Vocca;2166;4
Piemonte;Vercelli;VC;Alto Sermenza;2170;4
Piemonte;Vercelli;VC;Cellio con Breia;2171;4
Piemonte;Novara;NO;Agrate Conturbia;3001;4
Piemonte;Novara;NO;Ameno;3002;4
Piemonte;Novara;NO;Armeno;3006;4
Piemonte;Novara;NO;Arona;3008;4
Piemonte;Novara;NO;Barengo;3012;4
Piemonte;Novara;NO;Bellinzago Novarese;3016;4
Piemonte;Novara;NO;Biandrate;3018;4
Piemonte;Novara;NO;Boca;3019;4
Piemonte;Novara;NO;Bogogno;3021;4
Piemonte;Novara;NO;Bolzano Novarese;3022;4
Piemonte;Novara;NO;Borgolavezzaro;3023;4
Piemonte;Novara;NO;Borgomanero;3024;4
Piemonte;Novara;NO;Borgo Ticino;3025;4
Piemonte;Novara;NO;Briga Novarese;3026;4
Piemonte;Novara;NO;Briona;3027;4
Piemonte;Novara;NO;Caltignaga;3030;4
Piemonte;Novara;NO;Cameri;3032;4
Piemonte;Novara;NO;Carpignano Sesia;3036;4
Piemonte;Novara;NO;Casalbeltrame;3037;4
Piemonte;Novara;NO;Casaleggio Novara;3039;4
Piemonte;Novara;NO;Casalino;3040;4
Piemonte;Novara;NO;Casalvolone;3041;4
Piemonte;Novara;NO;Castellazzo Novarese;3042;4
Piemonte;Novara;NO;Castelletto sopra Ticino;3043;4
Piemonte;Novara;NO;Cavaglietto;3044;4
Piemonte;Novara;NO;Cavaglio d'Agogna;3045;4
Piemonte;Novara;NO;Cavallirio;3047;4
Piemonte;Novara;NO;Cerano;3049;4
Piemonte;Novara;NO;Colazza;3051;4
Piemonte;Novara;NO;Comignago;3052;4
Piemonte;Novara;NO;Cressa;3055;4
Piemonte;Novara;NO;Cureggio;3058;4
Piemonte;Novara;NO;Divignano;3060;4
Piemonte;Novara;NO;Dormelletto;3062;4
Piemonte;Novara;NO;Fara Novarese;3065;4
Piemonte;Novara;NO;Fontaneto d'Agogna;3066;4
Piemonte;Novara;NO;Galliate;3068;4
Piemonte;Novara;NO;Garbagna Novarese;3069;4
Piemonte;Novara;NO;Gargallo;3070;4
Piemonte;Novara;NO;Ghemme;3073;4
Piemonte;Novara;NO;Gozzano;3076;4
Piemonte;Novara;NO;Granozzo con Monticello;3077;4
Piemonte;Novara;NO;Grignasco;3079;4
Piemonte;Novara;NO;Invorio;3082;4
Piemonte;Novara;NO;Landiona;3083;4
Piemonte;Novara;NO;Lesa;3084;4
Piemonte;Novara;NO;Maggiora;3088;4
Piemonte;Novara;NO;Mandello Vitta;3090;4
Piemonte;Novara;NO;Marano Ticino;3091;4
Piemonte;Novara;NO;Massino Visconti;3093;4
Piemonte;Novara;NO;Meina;3095;4
Piemonte;Novara;NO;Mezzomerico;3097;4
Piemonte;Novara;NO;Miasino;3098;4
Piemonte;Novara;NO;Momo;3100;4
Piemonte;Novara;NO;Nebbiuno;3103;4
Piemonte;Novara;NO;Nibbiola;3104;4
Piemonte;Novara;NO;Novara;3106;4
Piemonte;Novara;NO;Oleggio;3108;4
Piemonte;Novara;NO;Oleggio Castello;3109;4
Piemonte;Novara;NO;Orta San Giulio;3112;4
Piemonte;Novara;NO;Paruzzaro;3114;4
Piemonte;Novara;NO;Pella;3115;4
Piemonte;Novara;NO;Pettenasco;3116;4
Piemonte;Novara;NO;Pisano;3119;4
Piemonte;Novara;NO;Pogno;3120;4
Piemonte;Novara;NO;Pombia;3121;4
Piemonte;Novara;NO;Prato Sesia;3122;4
Piemonte;Novara;NO;Recetto;3129;4
Piemonte;Novara;NO;Romagnano Sesia;3130;4
Piemonte;Novara;NO;Romentino;3131;4
Piemonte;Novara;NO;San Maurizio d'Opaglio;3133;4
Piemonte;Novara;NO;San Nazzaro Sesia;3134;4
Piemonte;Novara;NO;San Pietro Mosezzo;3135;4
Piemonte;Novara;NO;Sillavengo;3138;4
Piemonte;Novara;NO;Sizzano;3139;4
Piemonte;Novara;NO;Soriso;3140;4
Piemonte;Novara;NO;Sozzago;3141;4
Piemonte;Novara;NO;Suno;3143;4
Piemonte;Novara;NO;Terdobbiate;3144;4
Piemonte;Novara;NO;Tornaco;3146;4
Piemonte;Novara;NO;Trecate;3149;4
Piemonte;Novara;NO;Vaprio d'Agogna;3153;4
Piemonte;Novara;NO;Varallo Pombia;3154;4
Piemonte;Novara;NO;Vespolate;3158;4
Piemonte;Novara;NO;Vicolungo;3159;4
Piemonte;Novara;NO;Vinzaglio;3164;4
Piemonte;Novara;NO;Gattico-Veruno;3166;4
Piemonte;Cuneo;CN;Acceglio;4001;3S
Piemonte;Cuneo;CN;Aisone;4002;3S
Piemonte;Cuneo;CN;Alba;4003;4
Piemonte;Cuneo;CN;Albaretto della Torre;4004;4
Piemonte;Cuneo;CN;Alto;4005;3S
Piemonte;Cuneo;CN;Argentera;4006;3S
Piemonte;Cuneo;CN;Arguello;4007;4
Piemonte;Cuneo;CN;Bagnasco;4008;3
Piemonte;Cuneo;CN;Bagnolo Piemonte;4009;3S
Piemonte;Cuneo;CN;Baldissero d'Alba;4010;4
Piemonte;Cuneo;CN;Barbaresco;4011;4
Piemonte;Cuneo;CN;Barge;4012;3S
Piemonte;Cuneo;CN;Barolo;4013;4
Piemonte;Cuneo;CN;Bastia Mondovì;4014;4
Piemonte;Cuneo;CN;Battifollo;4015;3
Piemonte;Cuneo;CN;Beinette;4016;3
Piemonte;Cuneo;CN;Bellino;4017;3S
Piemonte;Cuneo;CN;Belvedere Langhe;4018;4
Piemonte;Cuneo;CN;Bene Vagienna;4019;4
Piemonte;Cuneo;CN;Benevello;4020;4
Piemonte;Cuneo;CN;Bergolo;4021;4
Piemonte;Cuneo;CN;Bernezzo;4022;3S
Piemonte;Cuneo;CN;Bonvicino;4023;4
Piemonte;Cuneo;CN;Borgomale;4024;4
Piemonte;Cuneo;CN;Borgo San Dalmazzo;4025;3S
Piemonte;Cuneo;CN;Bosia;4026;4
Piemonte;Cuneo;CN;Bossolasco;4027;4
Piemonte;Cuneo;CN;Boves;4028;3S
Piemonte;Cuneo;CN;Bra;4029;3
Piemonte;Cuneo;CN;Briaglia;4030;4
Piemonte;Cuneo;CN;Briga Alta;4031;3S
Piemonte;Cuneo;CN;Brondello;4032;3S
Piemonte;Cuneo;CN;Brossasco;4033;3S
Piemonte;Cuneo;CN;Busca;4034;3S
Piemonte;Cuneo;CN;Camerana;4035;4
Piemonte;Cuneo;CN;Canale;4037;4
Piemonte;Cuneo;CN;Canosio;4038;3S
Piemonte;Cuneo;CN;Caprauna;4039;3S
Piemonte;Cuneo;CN;Caraglio;4040;3S
Piemonte;Cuneo;CN;Caramagna Piemonte;4041;3
Piemonte;Cuneo;CN;Cardè;4042;3
Piemonte;Cuneo;CN;Carrù;4043;4
Piemonte;Cuneo;CN;Cartignano;4044;3S
Piemonte;Cuneo;CN;Casalgrasso;4045;3
Piemonte;Cuneo;CN;Castagnito;4046;4
Piemonte;Cuneo;CN;Casteldelfino;4047;3S
Piemonte;Cuneo;CN;Castelletto Stura;4049;3
Piemonte;Cuneo;CN;Castelletto Uzzone;4050;4
Piemonte;Cuneo;CN;Castellinaldo d'Alba;4051;4
Piemonte;Cuneo;CN;Castellino Tanaro;4052;4
Piemonte;Cuneo;CN;Castelmagno;4053;3S
Piemonte;Cuneo;CN;Castelnuovo di Ceva;4054;3
Piemonte;Cuneo;CN;Castiglione Falletto;4055;4
Piemonte;Cuneo;CN;Castiglione Tinella;4056;4
Piemonte;Cuneo;CN;Castino;4057;4
Piemonte;Cuneo;CN;Cavallerleone;4058;3
Piemonte;Cuneo;CN;Cavallermaggiore;4059;3
Piemonte;Cuneo;CN;Celle di Macra;4060;3S
Piemonte;Cuneo;CN;Centallo;4061;3
Piemonte;Cuneo;CN;Ceresole Alba;4062;3
Piemonte;Cuneo;CN;Cerretto Langhe;4063;4
Piemonte;Cuneo;CN;Cervasca;4064;3S
Piemonte;Cuneo;CN;Cervere;4065;3
Piemonte;Cuneo;CN;Ceva;4066;4
Piemonte;Cuneo;CN;Cherasco;4067;3
Piemonte;Cuneo;CN;Chiusa di Pesio;4068;3
Piemonte;Cuneo;CN;Cigliè;4069;4
Piemonte;Cuneo;CN;Cissone;4070;4
Piemonte;Cuneo;CN;Clavesana;4071;4
Piemonte;Cuneo;CN;Corneliano d'Alba;4072;4
Piemonte;Cuneo;CN;Cortemilia;4073;4
Piemonte;Cuneo;CN;Cossano Belbo;4074;4
Piemonte;Cuneo;CN;Costigliole Saluzzo;4075;3S
Piemonte;Cuneo;CN;Cravanzana;4076;4
Piemonte;Cuneo;CN;Crissolo;4077;3S
Piemonte;Cuneo;CN;Cuneo;4078;3S
Piemonte;Cuneo;CN;Demonte;4079;3S
Piemonte;Cuneo;CN;Diano d'Alba;4080;4
Piemonte;Cuneo;CN;Dogliani;4081;4
Piemonte;Cuneo;CN;Dronero;4082;3S
Piemonte;Cuneo;CN;Elva;4083;3S
Piemonte;Cuneo;CN;Entracque;4084;3S
Piemonte;Cuneo;CN;Envie;4085;3S
Piemonte;Cuneo;CN;Farigliano;4086;4
Piemonte;Cuneo;CN;Faule;4087;3
Piemonte;Cuneo;CN;Feisoglio;4088;4
Piemonte;Cuneo;CN;Fossano;4089;3
Piemonte;Cuneo;CN;Frabosa Soprana;4090;3
Piemonte;Cuneo;CN;Frabosa Sottana;4091;3
Piemonte;Cuneo;CN;Frassino;4092;3S
Piemonte;Cuneo;CN;Gaiola;4093;3S
Piemonte;Cuneo;CN;Gambasca;4094;3S
Piemonte;Cuneo;CN;Garessio;4095;3
Piemonte;Cuneo;CN;Genola;4096;3
Piemonte;Cuneo;CN;Gorzegno;4097;4
Piemonte;Cuneo;CN;Gottasecca;4098;4
Piemonte;Cuneo;CN;Govone;4099;4
Piemonte;Cuneo;CN;Grinzane Cavour;4100;4
Piemonte;Cuneo;CN;Guarene;4101;4
Piemonte;Cuneo;CN;Igliano;4102;4
Piemonte;Cuneo;CN;Isasca;4103;3S
Piemonte;Cuneo;CN;Lagnasco;4104;3
Piemonte;Cuneo;CN;La Morra;4105;4
Piemonte;Cuneo;CN;Lequio Berria;4106;4
Piemonte;Cuneo;CN;Lequio Tanaro;4107;4
Piemonte;Cuneo;CN;Lesegno;4108;4
Piemonte;Cuneo;CN;Levice;4109;4
Piemonte;Cuneo;CN;Limone Piemonte;4110;3S
Piemonte;Cuneo;CN;Lisio;4111;3
Piemonte;Cuneo;CN;Macra;4112;3S
Piemonte;Cuneo;CN;Magliano Alfieri;4113;4
Piemonte;Cuneo;CN;Magliano Alpi;4114;3
Piemonte;Cuneo;CN;Mango;4115;4
Piemonte;Cuneo;CN;Manta;4116;3
Piemonte;Cuneo;CN;Marene;4117;3
Piemonte;Cuneo;CN;Margarita;4118;3
Piemonte;Cuneo;CN;Marmora;4119;3S
Piemonte;Cuneo;CN;Marsaglia;4120;4
Piemonte;Cuneo;CN;Martiniana Po;4121;3S
Piemonte;Cuneo;CN;Melle;4122;3S
Piemonte;Cuneo;CN;Moiola;4123;3S
Piemonte;Cuneo;CN;Mombarcaro;4124;4
Piemonte;Cuneo;CN;Mombasiglio;4125;4
Piemonte;Cuneo;CN;Monastero di Vasco;4126;3
Piemonte;Cuneo;CN;Monasterolo Casotto;4127;3
Piemonte;Cuneo;CN;Monasterolo di Savigliano;4128;3
Piemonte;Cuneo;CN;Monchiero;4129;4
Piemonte;Cuneo;CN;Mondovì;4130;3
Piemonte;Cuneo;CN;Monesiglio;4131;4
Piemonte;Cuneo;CN;Monforte d'Alba;4132;4
Piemonte;Cuneo;CN;Montà;4133;4
Piemonte;Cuneo;CN;Montaldo di Mondovì;4134;3
Piemonte;Cuneo;CN;Montaldo Roero;4135;4
Piemonte;Cuneo;CN;Montanera;4136;3
Piemonte;Cuneo;CN;Montelupo Albese;4137;4
Piemonte;Cuneo;CN;Montemale di Cuneo;4138;3S
Piemonte;Cuneo;CN;Monterosso Grana;4139;3S
Piemonte;Cuneo;CN;Monteu Roero;4140;4
Piemonte;Cuneo;CN;Montezemolo;4141;3
Piemonte;Cuneo;CN;Monticello d'Alba;4142;4
Piemonte;Cuneo;CN;Moretta;4143;3
Piemonte;Cuneo;CN;Morozzo;4144;3
Piemonte;Cuneo;CN;Murazzano;4145;4
Piemonte;Cuneo;CN;Murello;4146;3
Piemonte;Cuneo;CN;Narzole;4147;4
Piemonte;Cuneo;CN;Neive;4148;4
Piemonte;Cuneo;CN;Neviglie;4149;4
Piemonte;Cuneo;CN;Niella Belbo;4150;4
Piemonte;Cuneo;CN;Niella Tanaro;4151;4
Piemonte;Cuneo;CN;Novello;4152;4
Piemonte;Cuneo;CN;Nucetto;4153;4
Piemonte;Cuneo;CN;Oncino;4154;3S
Piemonte;Cuneo;CN;Ormea;4155;3S
Piemonte;Cuneo;CN;Ostana;4156;3S
Piemonte;Cuneo;CN;Paesana;4157;3S
Piemonte;Cuneo;CN;Pagno;4158;3S
Piemonte;Cuneo;CN;Pamparato;4159;3
Piemonte;Cuneo;CN;Paroldo;4160;4
Piemonte;Cuneo;CN;Perletto;4161;4
Piemonte;Cuneo;CN;Perlo;4162;3
Piemonte;Cuneo;CN;Peveragno;4163;3
Piemonte;Cuneo;CN;Pezzolo Valle Uzzone;4164;4
Piemonte;Cuneo;CN;Pianfei;4165;3
Piemonte;Cuneo;CN;Piasco;4166;3S
Piemonte;Cuneo;CN;Pietraporzio;4167;3S
Piemonte;Cuneo;CN;Piobesi d'Alba;4168;4
Piemonte;Cuneo;CN;Piozzo;4169;4
Piemonte;Cuneo;CN;Pocapaglia;4170;4
Piemonte;Cuneo;CN;Polonghera;4171;3
Piemonte;Cuneo;CN;Pontechianale;4172;3S
Piemonte;Cuneo;CN;Pradleves;4173;3S
Piemonte;Cuneo;CN;Prazzo;4174;3S
Piemonte;Cuneo;CN;Priero;4175;3
Piemonte;Cuneo;CN;Priocca;4176;4
Piemonte;Cuneo;CN;Priola;4177;3
Piemonte;Cuneo;CN;Prunetto;4178;4
Piemonte;Cuneo;CN;Racconigi;4179;3
Piemonte;Cuneo;CN;Revello;4180;3S
Piemonte;Cuneo;CN;Rifreddo;4181;3S
Piemonte;Cuneo;CN;Rittana;4182;3S
Piemonte;Cuneo;CN;Roaschia;4183;3S
Piemonte;Cuneo;CN;Roascio;4184;4
Piemonte;Cuneo;CN;Robilante;4185;3S
Piemonte;Cuneo;CN;Roburent;4186;3
Piemonte;Cuneo;CN;Roccabruna;4187;3S
Piemonte;Cuneo;CN;Rocca Cigliè;4188;4
Piemonte;Cuneo;CN;Rocca de' Baldi;4189;3
Piemonte;Cuneo;CN;Roccaforte Mondovì;4190;3
Piemonte;Cuneo;CN;Roccasparvera;4191;3S
Piemonte;Cuneo;CN;Roccavione;4192;3S
Piemonte;Cuneo;CN;Rocchetta Belbo;4193;4
Piemonte;Cuneo;CN;Roddi;4194;4
Piemonte;Cuneo;CN;Roddino;4195;4
Piemonte;Cuneo;CN;Rodello;4196;4
Piemonte;Cuneo;CN;Rossana;4197;3S
Piemonte;Cuneo;CN;Ruffia;4198;3
Piemonte;Cuneo;CN;Sale delle Langhe;4199;4
Piemonte;Cuneo;CN;Sale San Giovanni;4200;4
Piemonte;Cuneo;CN;Saliceto;4201;3
Piemonte;Cuneo;CN;Salmour;4202;4
Piemonte;Cuneo;CN;Saluzzo;4203;3
Piemonte;Cuneo;CN;Sambuco;4204;3S
Piemonte;Cuneo;CN;Sampeyre;4205;3S
Piemonte;Cuneo;CN;San Benedetto Belbo;4206;4
Piemonte;Cuneo;CN;San Damiano Macra;4207;3S
Piemonte;Cuneo;CN;Sanfrè;4208;3
Piemonte;Cuneo;CN;Sanfront;4209;3S
Piemonte;Cuneo;CN;San Michele Mondovì;4210;4
Piemonte;Cuneo;CN;Sant'Albano Stura;4211;3
Piemonte;Cuneo;CN;Santa Vittoria d'Alba;4212;4
Piemonte;Cuneo;CN;Santo Stefano Belbo;4213;4
Piemonte;Cuneo;CN;Santo Stefano Roero;4214;4
Piemonte;Cuneo;CN;Savigliano;4215;3
Piemonte;Cuneo;CN;Scagnello;4216;4
Piemonte;Cuneo;CN;Scarnafigi;4217;3
Piemonte;Cuneo;CN;Serralunga d'Alba;4218;4
Piemonte;Cuneo;CN;Serravalle Langhe;4219;4
Piemonte;Cuneo;CN;Sinio;4220;4
Piemonte;Cuneo;CN;Somano;4221;4
Piemonte;Cuneo;CN;Sommariva del Bosco;4222;3
Piemonte;Cuneo;CN;Sommariva Perno;4223;4
Piemonte;Cuneo;CN;Stroppo;4224;3S
Piemonte;Cuneo;CN;Tarantasca;4225;3
Piemonte;Cuneo;CN;Torre Bormida;4226;4
Piemonte;Cuneo;CN;Torre Mondovì;4227;3
Piemonte;Cuneo;CN;Torre San Giorgio;4228;3
Piemonte;Cuneo;CN;Torresina;4229;4
Piemonte;Cuneo;CN;Treiso;4230;4
Piemonte;Cuneo;CN;Trezzo Tinella;4231;4
Piemonte;Cuneo;CN;Trinità;4232;4
Piemonte;Cuneo;CN;Valdieri;4233;3S
Piemonte;Cuneo;CN;Valgrana;4234;3S
Piemonte;Cuneo;CN;Valloriate;4235;3S
Piemonte;Cuneo;CN;Venasca;4237;3S
Piemonte;Cuneo;CN;Verduno;4238;4
Piemonte;Cuneo;CN;Vernante;4239;3S
Piemonte;Cuneo;CN;Verzuolo;4240;3S
Piemonte;Cuneo;CN;Vezza d'Alba;4241;4
Piemonte;Cuneo;CN;Vicoforte;4242;3
Piemonte;Cuneo;CN;Vignolo;4243;3S
Piemonte;Cuneo;CN;Villafalletto;4244;3
Piemonte;Cuneo;CN;Villanova Mondovì;4245;3
Piemonte;Cuneo;CN;Villanova Solaro;4246;3
Piemonte;Cuneo;CN;Villar San Costanzo;4247;3S
Piemonte;Cuneo;CN;Vinadio;4248;3S
Piemonte;Cuneo;CN;Viola;4249;3
Piemonte;Cuneo;CN;Vottignasco;4250;3
Piemonte;Asti;AT;Agliano Terme;5001;4
Piemonte;Asti;AT;Albugnano;5002;4
Piemonte;Asti;AT;Antignano;5003;4
Piemonte;Asti;AT;Aramengo;5004;4
Piemonte;Asti;AT;Asti;5005;4
Piemonte;Asti;AT;Azzano d'Asti;5006;4
Piemonte;Asti;AT;Baldichieri d'Asti;5007;4
Piemonte;Asti;AT;Belveglio;5008;4
Piemonte;Asti;AT;Berzano di San Pietro;5009;4
Piemonte;Asti;AT;Bruno;5010;4
Piemonte;Asti;AT;Bubbio;5011;4
Piemonte;Asti;AT;Buttigliera d'Asti;5012;4
Piemonte;Asti;AT;Calamandrana;5013;4
Piemonte;Asti;AT;Calliano Monferrato;5014;4
Piemonte;Asti;AT;Calosso;5015;4
Piemonte;Asti;AT;Camerano Casasco;5016;4
Piemonte;Asti;AT;Canelli;5017;4
Piemonte;Asti;AT;Cantarana;5018;4
Piemonte;Asti;AT;Capriglio;5019;4
Piemonte;Asti;AT;Casorzo Monferrato;5020;4
Piemonte;Asti;AT;Cassinasco;5021;4
Piemonte;Asti;AT;Castagnole delle Lanze;5022;4
Piemonte;Asti;AT;Castagnole Monferrato;5023;4
Piemonte;Asti;AT;Castel Boglione;5024;4
Piemonte;Asti;AT;Castell'Alfero;5025;4
Piemonte;Asti;AT;Castellero;5026;4
Piemonte;Asti;AT;Castelletto Molina;5027;4
Piemonte;Asti;AT;Castello di Annone;5028;4
Piemonte;Asti;AT;Castelnuovo Belbo;5029;4
Piemonte;Asti;AT;Castelnuovo Calcea;5030;4
Piemonte;Asti;AT;Castelnuovo Don Bosco;5031;4
Piemonte;Asti;AT;Castel Rocchero;5032;4
Piemonte;Asti;AT;Cellarengo;5033;4
Piemonte;Asti;AT;Celle Enomondo;5034;4
Piemonte;Asti;AT;Cerreto d'Asti;5035;4
Piemonte;Asti;AT;Cerro Tanaro;5036;4
Piemonte;Asti;AT;Cessole;5037;4
Piemonte;Asti;AT;Chiusano d'Asti;5038;4
Piemonte;Asti;AT;Cinaglio;5039;4
Piemonte;Asti;AT;Cisterna d'Asti;5040;4
Piemonte;Asti;AT;Coazzolo;5041;4
Piemonte;Asti;AT;Cocconato;5042;4
Piemonte;Asti;AT;Corsione;5044;4
Piemonte;Asti;AT;Cortandone;5045;4
Piemonte;Asti;AT;Cortanze;5046;4
Piemonte;Asti;AT;Cortazzone;5047;4
Piemonte;Asti;AT;Cortiglione;5048;4
Piemonte;Asti;AT;Cossombrato;5049;4
Piemonte;Asti;AT;Costigliole d'Asti;5050;4
Piemonte;Asti;AT;Cunico;5051;4
Piemonte;Asti;AT;Dusino San Michele;5052;4
Piemonte;Asti;AT;Ferrere;5053;4
Piemonte;Asti;AT;Fontanile;5054;4
Piemonte;Asti;AT;Frinco;5055;4
Piemonte;Asti;AT;Grana Monferrato;5056;4
Piemonte;Asti;AT;Grazzano Badoglio;5057;4
Piemonte;Asti;AT;Incisa Scapaccino;5058;4
Piemonte;Asti;AT;Isola d'Asti;5059;4
Piemonte;Asti;AT;Loazzolo;5060;4
Piemonte;Asti;AT;Maranzana;5061;3
Piemonte;Asti;AT;Maretto;5062;4
Piemonte;Asti;AT;Moasca;5063;4
Piemonte;Asti;AT;Mombaldone;5064;3
Piemonte;Asti;AT;Mombaruzzo;5065;3
Piemonte;Asti;AT;Mombercelli;5066;4
Piemonte;Asti;AT;Monale;5067;4
Piemonte;Asti;AT;Monastero Bormida;5068;4
Piemonte;Asti;AT;Moncalvo;5069;4
Piemonte;Asti;AT;Moncucco Torinese;5070;4
Piemonte;Asti;AT;Mongardino;5071;4
Piemonte;Asti;AT;Montabone;5072;4
Piemonte;Asti;AT;Montafia;5073;4
Piemonte;Asti;AT;Montaldo Scarampi;5074;4
Piemonte;Asti;AT;Montechiaro d'Asti;5075;4
Piemonte;Asti;AT;Montegrosso d'Asti;5076;4
Piemonte;Asti;AT;Montemagno Monferrato;5077;4
Piemonte;Asti;AT;Nizza Monferrato;5080;4
Piemonte;Asti;AT;Olmo Gentile;5081;4
Piemonte;Asti;AT;Passerano Marmorito;5082;4
Piemonte;Asti;AT;Penango;5083;4
Piemonte;Asti;AT;Piea;5084;4
Piemonte;Asti;AT;Pino d'Asti;5085;4
Piemonte;Asti;AT;Piovà Massaia;5086;4
Piemonte;Asti;AT;Portacomaro;5087;4
Piemonte;Asti;AT;Quaranti;5088;3
Piemonte;Asti;AT;Refrancore;5089;4
Piemonte;Asti;AT;Revigliasco d'Asti;5090;4
Piemonte;Asti;AT;Roatto;5091;4
Piemonte;Asti;AT;Robella;5092;4
Piemonte;Asti;AT;Rocca d'Arazzo;5093;4
Piemonte;Asti;AT;Roccaverano;5094;4
Piemonte;Asti;AT;Rocchetta Palafea;5095;4
Piemonte;Asti;AT;Rocchetta Tanaro;5096;4
Piemonte;Asti;AT;San Damiano d'Asti;5097;4
Piemonte;Asti;AT;San Giorgio Scarampi;5098;4
Piemonte;Asti;AT;San Martino Alfieri;5099;4
Piemonte;Asti;AT;San Marzano Oliveto;5100;4
Piemonte;Asti;AT;San Paolo Solbrito;5101;4
Piemonte;Asti;AT;Scurzolengo;5103;4
Piemonte;Asti;AT;Serole;5104;4
Piemonte;Asti;AT;Sessame;5105;4
Piemonte;Asti;AT;Settime;5106;4
Piemonte;Asti;AT;Soglio;5107;4
Piemonte;Asti;AT;Tigliole;5108;4
Piemonte;Asti;AT;Tonco;5109;4
Piemonte;Asti;AT;Vaglio Serra;5111;4
Piemonte;Asti;AT;Valfenera;5112;4
Piemonte;Asti;AT;Vesime;5113;4
Piemonte;Asti;AT;Viale;5114;4
Piemonte;Asti;AT;Viarigi;5115;4
Piemonte;Asti;AT;Vigliano d'Asti;5116;4
Piemonte;Asti;AT;Villafranca d'Asti;5117;4
Piemonte;Asti;AT;Villanova d'Asti;5118;4
Piemonte;Asti;AT;Villa San Secondo;5119;4
Piemonte;Asti;AT;Vinchio;5120;4
Piemonte;Asti;AT;Montiglio Monferrato;5121;4
Piemonte;Asti;AT;Moransengo-Tonengo;5122;4
Piemonte;Alessandria;AL;Acqui Terme;6001;3
Piemonte;Alessandria;AL;Albera Ligure;6002;3
Piemonte;Alessandria;AL;Alessandria;6003;3
Piemonte;Alessandria;AL;Alfiano Natta;6004;4
Piemonte;Alessandria;AL;Alice Bel Colle;6005;3
Piemonte;Alessandria;AL;Altavilla Monferrato;6007;4
Piemonte;Alessandria;AL;Alzano Scrivia;6008;3
Piemonte;Alessandria;AL;Arquata Scrivia;6009;3
Piemonte;Alessandria;AL;Avolasca;6010;3
Piemonte;Alessandria;AL;Balzola;6011;4
Piemonte;Alessandria;AL;Basaluzzo;6012;3
Piemonte;Alessandria;AL;Bassignana;6013;4
Piemonte;Alessandria;AL;Belforte Monferrato;6014;3
Piemonte;Alessandria;AL;Bergamasco;6015;4
Piemonte;Alessandria;AL;Berzano di Tortona;6016;3
Piemonte;Alessandria;AL;Bistagno;6017;3
Piemonte;Alessandria;AL;Borghetto di Borbera;6018;3
Piemonte;Alessandria;AL;Borgoratto Alessandrino;6019;3
Piemonte;Alessandria;AL;Borgo San Martino;6020;4
Piemonte;Alessandria;AL;Bosco Marengo;6021;3
Piemonte;Alessandria;AL;Bosio;6022;3
Piemonte;Alessandria;AL;Bozzole;6023;4
Piemonte;Alessandria;AL;Brignano-Frascata;6024;3
Piemonte;Alessandria;AL;Cabella Ligure;6025;3
Piemonte;Alessandria;AL;Camagna Monferrato;6026;4
Piemonte;Alessandria;AL;Camino;6027;4
Piemonte;Alessandria;AL;Cantalupo Ligure;6028;3
Piemonte;Alessandria;AL;Capriata d'Orba;6029;3
Piemonte;Alessandria;AL;Carbonara Scrivia;6030;3
Piemonte;Alessandria;AL;Carentino;6031;4
Piemonte;Alessandria;AL;Carezzano;6032;3
Piemonte;Alessandria;AL;Carpeneto;6033;3
Piemonte;Alessandria;AL;Carrega Ligure;6034;3
Piemonte;Alessandria;AL;Carrosio;6035;3
Piemonte;Alessandria;AL;Cartosio;6036;3
Piemonte;Alessandria;AL;Casal Cermelli;6037;3
Piemonte;Alessandria;AL;Casaleggio Boiro;6038;3
Piemonte;Alessandria;AL;Casale Monferrato;6039;4
Piemonte;Alessandria;AL;Casalnoceto;6040;3
Piemonte;Alessandria;AL;Casasco;6041;3
Piemonte;Alessandria;AL;Cassine;6043;3
Piemonte;Alessandria;AL;Cassinelle;6044;3
Piemonte;Alessandria;AL;Castellania Coppi;6045;3
Piemonte;Alessandria;AL;Castellar Guidobono;6046;3
Piemonte;Alessandria;AL;Castellazzo Bormida;6047;3
Piemonte;Alessandria;AL;Castelletto d'Erro;6048;3
Piemonte;Alessandria;AL;Castelletto d'Orba;6049;3
Piemonte;Alessandria;AL;Castelletto Merli;6050;4
Piemonte;Alessandria;AL;Castelletto Monferrato;6051;4
Piemonte;Alessandria;AL;Castelnuovo Bormida;6052;3
Piemonte;Alessandria;AL;Castelnuovo Scrivia;6053;3
Piemonte;Alessandria;AL;Castelspina;6054;3
Piemonte;Alessandria;AL;Cavatore;6055;3
Piemonte;Alessandria;AL;Cella Monte;6056;4
Piemonte;Alessandria;AL;Cereseto;6057;4
Piemonte;Alessandria;AL;Cerreto Grue;6058;3
Piemonte;Alessandria;AL;Cerrina Monferrato;6059;4
Piemonte;Alessandria;AL;Coniolo;6060;4
Piemonte;Alessandria;AL;Conzano;6061;4
Piemonte;Alessandria;AL;Costa Vescovato;6062;3
Piemonte;Alessandria;AL;Cremolino;6063;3
Piemonte;Alessandria;AL;Denice;6065;3
Piemonte;Alessandria;AL;Dernice;6066;3
Piemonte;Alessandria;AL;Fabbrica Curone;6067;3
Piemonte;Alessandria;AL;Felizzano;6068;4
Piemonte;Alessandria;AL;Fraconalto;6069;3
Piemonte;Alessandria;AL;Francavilla Bisio;6070;3
Piemonte;Alessandria;AL;Frascaro;6071;3
Piemonte;Alessandria;AL;Frassinello Monferrato;6072;4
Piemonte;Alessandria;AL;Frassineto Po;6073;4
Piemonte;Alessandria;AL;Fresonara;6074;3
Piemonte;Alessandria;AL;Frugarolo;6075;3
Piemonte;Alessandria;AL;Fubine Monferrato;6076;4
Piemonte;Alessandria;AL;Gabiano;6077;4
Piemonte;Alessandria;AL;Gamalero;6078;3
Piemonte;Alessandria;AL;Garbagna;6079;3
Piemonte;Alessandria;AL;Gavi;6081;3
Piemonte;Alessandria;AL;Giarole;6082;4
Piemonte;Alessandria;AL;Gremiasco;6083;3
Piemonte;Alessandria;AL;Grognardo;6084;3
Piemonte;Alessandria;AL;Grondona;6085;3
Piemonte;Alessandria;AL;Guazzora;6086;3
Piemonte;Alessandria;AL;Isola Sant'Antonio;6087;3
Piemonte;Alessandria;AL;Lerma;6088;3
Piemonte;Alessandria;AL;Malvicino;6090;3
Piemonte;Alessandria;AL;Masio;6091;4
Piemonte;Alessandria;AL;Melazzo;6092;3
Piemonte;Alessandria;AL;Merana;6093;3
Piemonte;Alessandria;AL;Mirabello Monferrato;6094;4
Piemonte;Alessandria;AL;Molare;6095;3
Piemonte;Alessandria;AL;Molino dei Torti;6096;3
Piemonte;Alessandria;AL;Mombello Monferrato;6097;4
Piemonte;Alessandria;AL;Momperone;6098;3
Piemonte;Alessandria;AL;Moncestino;6099;4
Piemonte;Alessandria;AL;Mongiardino Ligure;6100;3
Piemonte;Alessandria;AL;Monleale;6101;3
Piemonte;Alessandria;AL;Montacuto;6102;3
Piemonte;Alessandria;AL;Montaldeo;6103;3
Piemonte;Alessandria;AL;Montaldo Bormida;6104;3
Piemonte;Alessandria;AL;Montecastello;6105;3
Piemonte;Alessandria;AL;Montechiaro d'Acqui;6106;3
Piemonte;Alessandria;AL;Montegioco;6107;3
Piemonte;Alessandria;AL;Montemarzino;6108;3
Piemonte;Alessandria;AL;Morano sul Po;6109;4
Piemonte;Alessandria;AL;Morbello;6110;3
Piemonte;Alessandria;AL;Mornese;6111;3
Piemonte;Alessandria;AL;Morsasco;6112;3
Piemonte;Alessandria;AL;Murisengo;6113;4
Piemonte;Alessandria;AL;Novi Ligure;6114;3
Piemonte;Alessandria;AL;Occimiano;6115;4
Piemonte;Alessandria;AL;Odalengo Grande;6116;4
Piemonte;Alessandria;AL;Odalengo Piccolo;6117;4
Piemonte;Alessandria;AL;Olivola;6118;4
Piemonte;Alessandria;AL;Orsara Bormida;6119;3
Piemonte;Alessandria;AL;Ottiglio;6120;4
Piemonte;Alessandria;AL;Ovada;6121;3
Piemonte;Alessandria;AL;Oviglio;6122;4
Piemonte;Alessandria;AL;Ozzano Monferrato;6123;4
Piemonte;Alessandria;AL;Paderna;6124;3
Piemonte;Alessandria;AL;Pareto;6125;3
Piemonte;Alessandria;AL;Parodi Ligure;6126;3
Piemonte;Alessandria;AL;Pasturana;6127;3
Piemonte;Alessandria;AL;Pecetto di Valenza;6128;4
Piemonte;Alessandria;AL;Pietra Marazzi;6129;3
Piemonte;Alessandria;AL;Pomaro Monferrato;6131;4
Piemonte;Alessandria;AL;Pontecurone;6132;3
Piemonte;Alessandria;AL;Pontestura;6133;4
Piemonte;Alessandria;AL;Ponti;6134;3
Piemonte;Alessandria;AL;Ponzano Monferrato;6135;4
Piemonte;Alessandria;AL;Ponzone;6136;3
Piemonte;Alessandria;AL;Pozzol Groppo;6137;3
Piemonte;Alessandria;AL;Pozzolo Formigaro;6138;3
Piemonte;Alessandria;AL;Prasco;6139;3
Piemonte;Alessandria;AL;Predosa;6140;3
Piemonte;Alessandria;AL;Quargnento;6141;4
Piemonte;Alessandria;AL;Quattordio;6142;4
Piemonte;Alessandria;AL;Ricaldone;6143;3
Piemonte;Alessandria;AL;Rivalta Bormida;6144;3
Piemonte;Alessandria;AL;Rivarone;6145;3
Piemonte;Alessandria;AL;Roccaforte Ligure;6146;3
Piemonte;Alessandria;AL;Rocca Grimalda;6147;3
Piemonte;Alessandria;AL;Rocchetta Ligure;6148;3
Piemonte;Alessandria;AL;Rosignano Monferrato;6149;4
Piemonte;Alessandria;AL;Sala Monferrato;6150;4
Piemonte;Alessandria;AL;Sale;6151;3
Piemonte;Alessandria;AL;San Cristoforo;6152;3
Piemonte;Alessandria;AL;San Giorgio Monferrato;6153;4
Piemonte;Alessandria;AL;San Salvatore Monferrato;6154;4
Piemonte;Alessandria;AL;San Sebastiano Curone;6155;3
Piemonte;Alessandria;AL;Sant'Agata Fossili;6156;3
Piemonte;Alessandria;AL;Sardigliano;6157;3
Piemonte;Alessandria;AL;Sarezzano;6158;3
Piemonte;Alessandria;AL;Serralunga di Crea;6159;4
Piemonte;Alessandria;AL;Serravalle Scrivia;6160;3
Piemonte;Alessandria;AL;Sezzadio;6161;3
Piemonte;Alessandria;AL;Silvano d'Orba;6162;3
Piemonte;Alessandria;AL;Solero;6163;4
Piemonte;Alessandria;AL;Solonghello;6164;4
Piemonte;Alessandria;AL;Spigno Monferrato;6165;3
Piemonte;Alessandria;AL;Spineto Scrivia;6166;3
Piemonte;Alessandria;AL;Stazzano;6167;3
Piemonte;Alessandria;AL;Strevi;6168;3
Piemonte;Alessandria;AL;Tagliolo Monferrato;6169;3
Piemonte;Alessandria;AL;Tassarolo;6170;3
Piemonte;Alessandria;AL;Terruggia;6171;4
Piemonte;Alessandria;AL;Terzo;6172;3
Piemonte;Alessandria;AL;Ticineto;6173;4
Piemonte;Alessandria;AL;Tortona;6174;3
Piemonte;Alessandria;AL;Treville;6175;4
Piemonte;Alessandria;AL;Trisobbio;6176;3
Piemonte;Alessandria;AL;Valenza;6177;4
Piemonte;Alessandria;AL;Valmacca;6178;4
Piemonte;Alessandria;AL;Vignale Monferrato;6179;4
Piemonte;Alessandria;AL;Vignole Borbera;6180;3
Piemonte;Alessandria;AL;Viguzzolo;6181;3
Piemonte;Alessandria;AL;Villadeati;6182;4
Piemonte;Alessandria;AL;Villalvernia;6183;3
Piemonte;Alessandria;AL;Villamiroglio;6184;4
Piemonte;Alessandria;AL;Villanova Monferrato;6185;4
Piemonte;Alessandria;AL;Villaromagnano;6186;3
Piemonte;Alessandria;AL;Visone;6187;3
Piemonte;Alessandria;AL;Volpedo;6188;3
Piemonte;Alessandria;AL;Volpeglino;6189;3
Piemonte;Alessandria;AL;Voltaggio;6190;3
Piemonte;Alessandria;AL;Cassano Spinola;6191;3
Piemonte;Alessandria;AL;Alluvioni Piovera;6192;3
Piemonte;Alessandria;AL;Lu e Cuccaro Monferrato;6193;4
Valle d'Aosta;Aosta;AO;Allein;7001;3
Valle d'Aosta;Aosta;AO;Antey-Saint-André;7002;3
Valle d'Aosta;Aosta;AO;Aosta;7003;3
Valle d'Aosta;Aosta;AO;Arnad;7004;3
Valle d'Aosta;Aosta;AO;Arvier;7005;3
Valle d'Aosta;Aosta;AO;Avise;7006;3
Valle d'Aosta;Aosta;AO;Ayas;7007;3
Valle d'Aosta;Aosta;AO;Aymavilles;7008;3
Valle d'Aosta;Aosta;AO;Bard;7009;3
Valle d'Aosta;Aosta;AO;Bionaz;7010;3
Valle d'Aosta;Aosta;AO;Brissogne;7011;3
Valle d'Aosta;Aosta;AO;Brusson;7012;3
Valle d'Aosta;Aosta;AO;Challand-Saint-Anselme;7013;3
Valle d'Aosta;Aosta;AO;Challand-Saint-Victor;7014;3
Valle d'Aosta;Aosta;AO;Chambave;7015;3
Valle d'Aosta;Aosta;AO;Chamois;7016;3
Valle d'Aosta;Aosta;AO;Champdepraz;7017;3
Valle d'Aosta;Aosta;AO;Champorcher;7018;3
Valle d'Aosta;Aosta;AO;Charvensod;7019;3
Valle d'Aosta;Aosta;AO;Châtillon;7020;3
Valle d'Aosta;Aosta;AO;Cogne;7021;3
Valle d'Aosta;Aosta;AO;Courmayeur;7022;3
Valle d'Aosta;Aosta;AO;Donnas;7023;3
Valle d'Aosta;Aosta;AO;Doues;7024;3
Valle d'Aosta;Aosta;AO;Emarèse;7025;3
Valle d'Aosta;Aosta;AO;Etroubles;7026;3
Valle d'Aosta;Aosta;AO;Fénis;7027;3
Valle d'Aosta;Aosta;AO;Fontainemore;7028;3
Valle d'Aosta;Aosta;AO;Gaby;7029;3
Valle d'Aosta;Aosta;AO;Gignod;7030;3
Valle d'Aosta;Aosta;AO;Gressan;7031;3
Valle d'Aosta;Aosta;AO;Gressoney-La-Trinité;7032;3
Valle d'Aosta;Aosta;AO;Gressoney-Saint-Jean;7033;3
Valle d'Aosta;Aosta;AO;Hône;7034;3
Valle d'Aosta;Aosta;AO;Introd;7035;3
Valle d'Aosta;Aosta;AO;Issime;7036;3
Valle d'Aosta;Aosta;AO;Issogne;7037;3
Valle d'Aosta;Aosta;AO;Jovençan;7038;3
Valle d'Aosta;Aosta;AO;La Magdeleine;7039;3
Valle d'Aosta;Aosta;AO;La Salle;7040;3
Valle d'Aosta;Aosta;AO;La Thuile;7041;3
Valle d'Aosta;Aosta;AO;Lillianes;7042;3
Valle d'Aosta;Aosta;AO;Montjovet;7043;3
Valle d'Aosta;Aosta;AO;Morgex;7044;3
Valle d'Aosta;Aosta;AO;Nus;7045;3
Valle d'Aosta;Aosta;AO;Ollomont;7046;3
Valle d'Aosta;Aosta;AO;Oyace;7047;3
Valle d'Aosta;Aosta;AO;Perloz;7048;3
Valle d'Aosta;Aosta;AO;Pollein;7049;3
Valle d'Aosta;Aosta;AO;Pontboset;7050;3
Valle d'Aosta;Aosta;AO;Pontey;7051;3
Valle d'Aosta;Aosta;AO;Pont-Saint-Martin;7052;3
Valle d'Aosta;Aosta;AO;Pré-Saint-Didier;7053;3
Valle d'Aosta;Aosta;AO;Quart;7054;3
Valle d'Aosta;Aosta;AO;Rhêmes-Notre-Dame;7055;3
Valle d'Aosta;Aosta;AO;Rhêmes-Saint-Georges;7056;3
Valle d'Aosta;Aosta;AO;Roisan;7057;3
Valle d'Aosta;Aosta;AO;Saint-Christophe;7058;3
Valle d'Aosta;Aosta;AO;Saint-Denis;7059;3
Valle d'Aosta;Aosta;AO;Saint-Marcel;7060;3
Valle d'Aosta;Aosta;AO;Saint-Nicolas;7061;3
Valle d'Aosta;Aosta;AO;Saint-Oyen;7062;3
Valle d'Aosta;Aosta;AO;Saint-Pierre;7063;3
Valle d'Aosta;Aosta;AO;Saint-Rhémy-en-Bosses;7064;3
Valle d'Aosta;Aosta;AO;Saint-Vincent;7065;3
Valle d'Aosta;Aosta;AO;Sarre;7066;3
Valle d'Aosta;Aosta;AO;Torgnon;7067;3
Valle d'Aosta;Aosta;AO;Valgrisenche;7068;3
Valle d'Aosta;Aosta;AO;Valpelline;7069;3
Valle d'Aosta;Aosta;AO;Valsavarenche;7070;3
Valle d'Aosta;Aosta;AO;Valtournenche;7071;3
Valle d'Aosta;Aosta;AO;Verrayes;7072;3
Valle d'Aosta;Aosta;AO;Verrès;7073;3
Valle d'Aosta;Aosta;AO;Villeneuve;7074;3
Liguria;Imperia;IM;Airole;8001;3
Liguria;Imperia;IM;Apricale;8002;3
Liguria;Imperia;IM;Aquila d'Arroscia;8003;3
Liguria;Imperia;IM;Armo;8004;3
Liguria;Imperia;IM;Aurigo;8005;3
Liguria;Imperia;IM;Badalucco;8006;2
Liguria;Imperia;IM;Bajardo;8007;3
Liguria;Imperia;IM;Bordighera;8008;3
Liguria;Imperia;IM;Borghetto d'Arroscia;8009;3
Liguria;Imperia;IM;Borgomaro;8010;3
Liguria;Imperia;IM;Camporosso;8011;3
Liguria;Imperia;IM;Caravonica;8012;3
Liguria;Imperia;IM;Castellaro;8014;2
Liguria;Imperia;IM;Castel Vittorio;8015;3
Liguria;Imperia;IM;Ceriana;8016;2
Liguria;Imperia;IM;Cervo;8017;2
Liguria;Imperia;IM;Cesio;8018;3
Liguria;Imperia;IM;Chiusanico;8019;2
Liguria;Imperia;IM;Chiusavecchia;8020;2
Liguria;Imperia;IM;Cipressa;8021;2
Liguria;Imperia;IM;Civezza;8022;2
Liguria;Imperia;IM;Cosio d'Arroscia;8023;3
Liguria;Imperia;IM;Costarainera;8024;2
Liguria;Imperia;IM;Diano Arentino;8025;2
Liguria;Imperia;IM;Diano Castello;8026;2
Liguria;Imperia;IM;Diano Marina;8027;2
Liguria;Imperia;IM;Diano San Pietro;8028;2
Liguria;Imperia;IM;Dolceacqua;8029;3
Liguria;Imperia;IM;Dolcedo;8030;2
Liguria;Imperia;IM;Imperia;8031;2
Liguria;Imperia;IM;Isolabona;8032;3
Liguria;Imperia;IM;Lucinasco;8033;2
Liguria;Imperia;IM;Mendatica;8034;3
Liguria;Imperia;IM;Molini di Triora;8035;3
Liguria;Imperia;IM;Montegrosso Pian Latte;8037;3
Liguria;Imperia;IM;Olivetta San Michele;8038;3
Liguria;Imperia;IM;Ospedaletti;8039;3
Liguria;Imperia;IM;Perinaldo;8040;3
Liguria;Imperia;IM;Pietrabruna;8041;2
Liguria;Imperia;IM;Pieve di Teco;8042;3
Liguria;Imperia;IM;Pigna;8043;3
Liguria;Imperia;IM;Pompeiana;8044;2
Liguria;Imperia;IM;Pontedassio;8045;2
Liguria;Imperia;IM;Pornassio;8046;3
Liguria;Imperia;IM;Prelà;8047;2
Liguria;Imperia;IM;Ranzo;8048;3
Liguria;Imperia;IM;Rezzo;8049;3
Liguria;Imperia;IM;Riva Ligure;8050;2
Liguria;Imperia;IM;Rocchetta Nervina;8051;3
Liguria;Imperia;IM;San Bartolomeo al Mare;8052;2
Liguria;Imperia;IM;San Biagio della Cima;8053;3
Liguria;Imperia;IM;San Lorenzo al Mare;8054;2
Liguria;Imperia;IM;Sanremo;8055;2
Liguria;Imperia;IM;Santo Stefano al Mare;8056;2
Liguria;Imperia;IM;Seborga;8057;3
Liguria;Imperia;IM;Soldano;8058;3
Liguria;Imperia;IM;Taggia;8059;2
Liguria;Imperia;IM;Terzorio;8060;2
Liguria;Imperia;IM;Triora;8061;3
Liguria;Imperia;IM;Vallebona;8062;3
Liguria;Imperia;IM;Vallecrosia;8063;3
Liguria;Imperia;IM;Vasia;8064;2
Liguria;Imperia;IM;Ventimiglia;8065;3
Liguria;Imperia;IM;Vessalico;8066;3
Liguria;Imperia;IM;Villa Faraldi;8067;2
Liguria;Imperia;IM;Montalto Carpasio;8068;2
Liguria;Savona;SV;Alassio;9001;2
Liguria;Savona;SV;Albenga;9002;3
Liguria;Savona;SV;Albissola Marina;9003;4
Liguria;Savona;SV;Albisola Superiore;9004;4
Liguria;Savona;SV;Altare;9005;3
Liguria;Savona;SV;Andora;9006;2
Liguria;Savona;SV;Arnasco;9007;3
Liguria;Savona;SV;Balestrino;9008;3
Liguria;Savona;SV;Bardineto;9009;3
Liguria;Savona;SV;Bergeggi;9010;3
Liguria;Savona;SV;Boissano;9011;3
Liguria;Savona;SV;Borghetto Santo Spirito;9012;3
Liguria;Savona;SV;Borgio Verezzi;9013;3
Liguria;Savona;SV;Bormida;9014;3
Liguria;Savona;SV;Cairo Montenotte;9015;4
Liguria;Savona;SV;Calice Ligure;9016;3
Liguria;Savona;SV;Calizzano;9017;3
Liguria;Savona;SV;Carcare;9018;4
Liguria;Savona;SV;Casanova Lerrone;9019;3
Liguria;Savona;SV;Castelbianco;9020;3
Liguria;Savona;SV;Castelvecchio di Rocca Barbena;9021;3
Liguria;Savona;SV;Celle Ligure;9022;4
Liguria;Savona;SV;Cengio;9023;4
Liguria;Savona;SV;Ceriale;9024;3
Liguria;Savona;SV;Cisano sul Neva;9025;3
Liguria;Savona;SV;Cosseria;9026;4
Liguria;Savona;SV;Dego;9027;4
Liguria;Savona;SV;Erli;9028;3
Liguria;Savona;SV;Finale Ligure;9029;3
Liguria;Savona;SV;Garlenda;9030;3
Liguria;Savona;SV;Giustenice;9031;3
Liguria;Savona;SV;Giusvalla;9032;4
Liguria;Savona;SV;Laigueglia;9033;2
Liguria;Savona;SV;Loano;9034;3
Liguria;Savona;SV;Magliolo;9035;3
Liguria;Savona;SV;Mallare;9036;3
Liguria;Savona;SV;Massimino;9037;3
Liguria;Savona;SV;Millesimo;9038;4
Liguria;Savona;SV;Mioglia;9039;4
Liguria;Savona;SV;Murialdo;9040;3
Liguria;Savona;SV;Nasino;9041;3
Liguria;Savona;SV;Noli;9042;3
Liguria;Savona;SV;Onzo;9043;3
Liguria;Savona;SV;Orco Feglino;9044;3
Liguria;Savona;SV;Ortovero;9045;3
Liguria;Savona;SV;Osiglia;9046;3
Liguria;Savona;SV;Pallare;9047;3
Liguria;Savona;SV;Piana Crixia;9048;4
Liguria;Savona;SV;Pietra Ligure;9049;3
Liguria;Savona;SV;Plodio;9050;4
Liguria;Savona;SV;Pontinvrea;9051;4
Liguria;Savona;SV;Quiliano;9052;3
Liguria;Savona;SV;Rialto;9053;3
Liguria;Savona;SV;Roccavignale;9054;4
Liguria;Savona;SV;Sassello;9055;4
Liguria;Savona;SV;Savona;9056;3
Liguria;Savona;SV;Spotorno;9057;3
Liguria;Savona;SV;Stella;9058;4
Liguria;Savona;SV;Stellanello;9059;2
Liguria;Savona;SV;Testico;9060;3
Liguria;Savona;SV;Toirano;9061;3
Liguria;Savona;SV;Tovo San Giacomo;9062;3
Liguria;Savona;SV;Urbe;9063;4
Liguria;Savona;SV;Vado Ligure;9064;3
Liguria;Savona;SV;Varazze;9065;4
Liguria;Savona;SV;Vendone;9066;3
Liguria;Savona;SV;Vezzi Portio;9067;3
Liguria;Savona;SV;Villanova d'Albenga;9068;3
Liguria;Savona;SV;Zuccarello;9069;3
Liguria;Genova;GE;Arenzano;10001;4
Liguria;Genova;GE;Avegno;10002;3
Liguria;Genova;GE;Bargagli;10003;3
Liguria;Genova;GE;Bogliasco;10004;3
Liguria;Genova;GE;Borzonasca;10005;3
Liguria;Genova;GE;Busalla;10006;3
Liguria;Genova;GE;Camogli;10007;3
Liguria;Genova;GE;Campo Ligure;10008;3
Liguria;Genova;GE;Campomorone;10009;3
Liguria;Genova;GE;Carasco;10010;3
Liguria;Genova;GE;Casarza Ligure;10011;3
Liguria;Genova;GE;Casella;10012;3
Liguria;Genova;GE;Castiglione Chiavarese;10013;3
Liguria;Genova;GE;Ceranesi;10014;3
Liguria;Genova;GE;Chiavari;10015;3
Liguria;Genova;GE;Cicagna;10016;3
Liguria;Genova;GE;Cogoleto;10017;4
Liguria;Genova;GE;Cogorno;10018;3
Liguria;Genova;GE;Coreglia Ligure;10019;3
Liguria;Genova;GE;Crocefieschi;10020;3
Liguria;Genova;GE;Davagna;10021;3
Liguria;Genova;GE;Fascia;10022;3
Liguria;Genova;GE;Favale di Malvaro;10023;3
Liguria;Genova;GE;Fontanigorda;10024;3
Liguria;Genova;GE;Genova;10025;3
Liguria;Genova;GE;Gorreto;10026;3
Liguria;Genova;GE;Isola del Cantone;10027;3
Liguria;Genova;GE;Lavagna;10028;3
Liguria;Genova;GE;Leivi;10029;3
Liguria;Genova;GE;Lorsica;10030;3
Liguria;Genova;GE;Lumarzo;10031;3
Liguria;Genova;GE;Masone;10032;3
Liguria;Genova;GE;Mele;10033;3
Liguria;Genova;GE;Mezzanego;10034;3
Liguria;Genova;GE;Mignanego;10035;3
Liguria;Genova;GE;Moconesi;10036;3
Liguria;Genova;GE;Moneglia;10037;3
Liguria;Genova;GE;Montebruno;10038;3
Liguria;Genova;GE;Montoggio;10039;3
Liguria;Genova;GE;Ne;10040;3
Liguria;Genova;GE;Neirone;10041;3
Liguria;Genova;GE;Orero;10042;3
Liguria;Genova;GE;Pieve Ligure;10043;3
Liguria;Genova;GE;Portofino;10044;3
Liguria;Genova;GE;Propata;10045;3
Liguria;Genova;GE;Rapallo;10046;3
Liguria;Genova;GE;Recco;10047;3
Liguria;Genova;GE;Rezzoaglio;10048;3
Liguria;Genova;GE;Ronco Scrivia;10049;3
Liguria;Genova;GE;Rondanina;10050;3
Liguria;Genova;GE;Rossiglione;10051;3
Liguria;Genova;GE;Rovegno;10052;3
Liguria;Genova;GE;San Colombano Certenoli;10053;3
Liguria;Genova;GE;Santa Margherita Ligure;10054;3
Liguria;Genova;GE;Sant'Olcese;10055;3
Liguria;Genova;GE;Santo Stefano d'Aveto;10056;3
Liguria;Genova;GE;Savignone;10057;3
Liguria;Genova;GE;Serra Riccò;10058;3
Liguria;Genova;GE;Sestri Levante;10059;3
Liguria;Genova;GE;Sori;10060;3
Liguria;Genova;GE;Tiglieto;10061;4
Liguria;Genova;GE;Torriglia;10062;3
Liguria;Genova;GE;Tribogna;10063;3
Liguria;Genova;GE;Uscio;10064;3
Liguria;Genova;GE;Valbrevenna;10065;3
Liguria;Genova;GE;Vobbia;10066;3
Liguria;Genova;GE;Zoagli;10067;3
Liguria;La Spezia;SP;Ameglia;11001;3
Liguria;La Spezia;SP;Arcola;11002;3
Liguria;La Spezia;SP;Beverino;11003;3
Liguria;La Spezia;SP;Bolano;11004;2
Liguria;La Spezia;SP;Bonassola;11005;3
Liguria;La Spezia;SP;Borghetto di Vara;11006;3
Liguria;La Spezia;SP;Brugnato;11007;3
Liguria;La Spezia;SP;Calice al Cornoviglio;11008;2
Liguria;La Spezia;SP;Carro;11009;3
Liguria;La Spezia;SP;Carrodano;11010;3
Liguria;La Spezia;SP;Castelnuovo Magra;11011;3
Liguria;La Spezia;SP;Deiva Marina;11012;3
Liguria;La Spezia;SP;Follo;11013;3
Liguria;La Spezia;SP;Framura;11014;3
Liguria;La Spezia;SP;La Spezia;11015;3
Liguria;La Spezia;SP;Lerici;11016;3
Liguria;La Spezia;SP;Levanto;11017;3
Liguria;La Spezia;SP;Maissana;11018;3
Liguria;La Spezia;SP;Monterosso al Mare;11019;3
Liguria;La Spezia;SP;Luni;11020;3
Liguria;La Spezia;SP;Pignone;11021;3
Liguria;La Spezia;SP;Portovenere;11022;3
Liguria;La Spezia;SP;Riccò del Golfo di Spezia;11023;3
Liguria;La Spezia;SP;Riomaggiore;11024;3
Liguria;La Spezia;SP;Rocchetta di Vara;11025;2
Liguria;La Spezia;SP;Santo Stefano di Magra;11026;3
Liguria;La Spezia;SP;Sarzana;11027;2
Liguria;La Spezia;SP;Sesta Godano;11028;2
Liguria;La Spezia;SP;Varese Ligure;11029;2
Liguria;La Spezia;SP;Vernazza;11030;3
Liguria;La Spezia;SP;Vezzano Ligure;11031;3
Liguria;La Spezia;SP;Zignago;11032;2
Lombardia;Varese;VA;Agra;12001;4
Lombardia;Varese;VA;Albizzate;12002;4
Lombardia;Varese;VA;Angera;12003;4
Lombardia;Varese;VA;Arcisate;12004;4
Lombardia;Varese;VA;Arsago Seprio;12005;4
Lombardia;Varese;VA;Azzate;12006;4
Lombardia;Varese;VA;Azzio;12007;4
Lombardia;Varese;VA;Barasso;12008;4
Lombardia;Varese;VA;Bedero Valcuvia;12010;4
Lombardia;Varese;VA;Besano;12011;4
Lombardia;Varese;VA;Besnate;12012;4
Lombardia;Varese;VA;Besozzo;12013;4
Lombardia;Varese;VA;Biandronno;12014;4
Lombardia;Varese;VA;Bisuschio;12015;4
Lombardia;Varese;VA;Bodio Lomnago;12016;4
Lombardia;Varese;VA;Brebbia;12017;4
Lombardia;Varese;VA;Brenta;12019;4
Lombardia;Varese;VA;Brezzo di Bedero;12020;4
Lombardia;Varese;VA;Brinzio;12021;4
Lombardia;Varese;VA;Brissago-Valtravaglia;12022;4
Lombardia;Varese;VA;Brunello;12023;4
Lombardia;Varese;VA;Brusimpiano;12024;4
Lombardia;Varese;VA;Buguggiate;12025;4
Lombardia;Varese;VA;Busto Arsizio;12026;4
Lombardia;Varese;VA;Cadegliano-Viconago;12027;4
Lombardia;Varese;VA;Cairate;12029;4
Lombardia;Varese;VA;Cantello;12030;4
Lombardia;Varese;VA;Caravate;12031;4
Lombardia;Varese;VA;Cardano al Campo;12032;4
Lombardia;Varese;VA;Carnago;12033;4
Lombardia;Varese;VA;Caronno Pertusella;12034;4
Lombardia;Varese;VA;Caronno Varesino;12035;4
Lombardia;Varese;VA;Casale Litta;12036;4
Lombardia;Varese;VA;Casalzuigno;12037;4
Lombardia;Varese;VA;Casciago;12038;4
Lombardia;Varese;VA;Casorate Sempione;12039;4
Lombardia;Varese;VA;Cassano Magnago;12040;4
Lombardia;Varese;VA;Cassano Valcuvia;12041;4
Lombardia;Varese;VA;Castellanza;12042;4
Lombardia;Varese;VA;Castello Cabiaglio;12043;4
Lombardia;Varese;VA;Castelseprio;12044;4
Lombardia;Varese;VA;Castelveccana;12045;4
Lombardia;Varese;VA;Castiglione Olona;12046;4
Lombardia;Varese;VA;Castronno;12047;4
Lombardia;Varese;VA;Cavaria con Premezzo;12048;4
Lombardia;Varese;VA;Cazzago Brabbia;12049;4
Lombardia;Varese;VA;Cislago;12050;4
Lombardia;Varese;VA;Cittiglio;12051;4
Lombardia;Varese;VA;Clivio;12052;4
Lombardia;Varese;VA;Cocquio-Trevisago;12053;4
Lombardia;Varese;VA;Comabbio;12054;4
Lombardia;Varese;VA;Comerio;12055;4
Lombardia;Varese;VA;Cremenaga;12056;4
Lombardia;Varese;VA;Crosio della Valle;12057;4
Lombardia;Varese;VA;Cuasso al Monte;12058;4
Lombardia;Varese;VA;Cugliate-Fabiasco;12059;4
Lombardia;Varese;VA;Cunardo;12060;4
Lombardia;Varese;VA;Curiglia con Monteviasco;12061;4
Lombardia;Varese;VA;Cuveglio;12062;4
Lombardia;Varese;VA;Cuvio;12063;4
Lombardia;Varese;VA;Daverio;12064;4
Lombardia;Varese;VA;Dumenza;12065;4
Lombardia;Varese;VA;Duno;12066;4
Lombardia;Varese;VA;Fagnano Olona;12067;4
Lombardia;Varese;VA;Ferno;12068;4
Lombardia;Varese;VA;Ferrera di Varese;12069;4
Lombardia;Varese;VA;Gallarate;12070;4
Lombardia;Varese;VA;Galliate Lombardo;12071;4
Lombardia;Varese;VA;Gavirate;12072;4
Lombardia;Varese;VA;Gazzada Schianno;12073;4
Lombardia;Varese;VA;Gemonio;12074;4
Lombardia;Varese;VA;Gerenzano;12075;4
Lombardia;Varese;VA;Germignaga;12076;4
Lombardia;Varese;VA;Golasecca;12077;4
Lombardia;Varese;VA;Gorla Maggiore;12078;4
Lombardia;Varese;VA;Gorla Minore;12079;4
Lombardia;Varese;VA;Gornate Olona;12080;4
Lombardia;Varese;VA;Grantola;12081;4
Lombardia;Varese;VA;Inarzo;12082;4
Lombardia;Varese;VA;Induno Olona;12083;4
Lombardia;Varese;VA;Ispra;12084;4
Lombardia;Varese;VA;Jerago con Orago;12085;4
Lombardia;Varese;VA;Lavena Ponte Tresa;12086;4
Lombardia;Varese;VA;Laveno-Mombello;12087;4
Lombardia;Varese;VA;Leggiuno;12088;4
Lombardia;Varese;VA;Lonate Ceppino;12089;4
Lombardia;Varese;VA;Lonate Pozzolo;12090;4
Lombardia;Varese;VA;Lozza;12091;4
Lombardia;Varese;VA;Luino;12092;4
Lombardia;Varese;VA;Luvinate;12093;4
Lombardia;Varese;VA;Malnate;12096;4
Lombardia;Varese;VA;Marchirolo;12097;4
Lombardia;Varese;VA;Marnate;12098;4
Lombardia;Varese;VA;Marzio;12099;4
Lombardia;Varese;VA;Masciago Primo;12100;4
Lombardia;Varese;VA;Mercallo;12101;4
Lombardia;Varese;VA;Mesenzana;12102;4
Lombardia;Varese;VA;Montegrino Valtravaglia;12103;4
Lombardia;Varese;VA;Monvalle;12104;4
Lombardia;Varese;VA;Morazzone;12105;4
Lombardia;Varese;VA;Mornago;12106;4
Lombardia;Varese;VA;Oggiona con Santo Stefano;12107;4
Lombardia;Varese;VA;Olgiate Olona;12108;4
Lombardia;Varese;VA;Origgio;12109;4
Lombardia;Varese;VA;Orino;12110;4
Lombardia;Varese;VA;Porto Ceresio;12113;4
Lombardia;Varese;VA;Porto Valtravaglia;12114;4
Lombardia;Varese;VA;Rancio Valcuvia;12115;4
Lombardia;Varese;VA;Ranco;12116;4
Lombardia;Varese;VA;Saltrio;12117;4
Lombardia;Varese;VA;Samarate;12118;4
Lombardia;Varese;VA;Saronno;12119;4
Lombardia;Varese;VA;Sesto Calende;12120;4
Lombardia;Varese;VA;Solbiate Arno;12121;4
Lombardia;Varese;VA;Solbiate Olona;12122;4
Lombardia;Varese;VA;Somma Lombardo;12123;4
Lombardia;Varese;VA;Sumirago;12124;4
Lombardia;Varese;VA;Taino;12125;4
Lombardia;Varese;VA;Ternate;12126;4
Lombardia;Varese;VA;Tradate;12127;4
Lombardia;Varese;VA;Travedona-Monate;12128;4
Lombardia;Varese;VA;Tronzano Lago Maggiore;12129;4
Lombardia;Varese;VA;Uboldo;12130;4
Lombardia;Varese;VA;Valganna;12131;4
Lombardia;Varese;VA;Varano Borghi;12132;4
Lombardia;Varese;VA;Varese;12133;4
Lombardia;Varese;VA;Vedano Olona;12134;4
Lombardia;Varese;VA;Venegono Inferiore;12136;4
Lombardia;Varese;VA;Venegono Superiore;12137;4
Lombardia;Varese;VA;Vergiate;12138;4
Lombardia;Varese;VA;Viggiù;12139;4
Lombardia;Varese;VA;Vizzola Ticino;12140;4
Lombardia;Varese;VA;Sangiano;12141;4
Lombardia;Varese;VA;Maccagno con Pino e Veddasca;12142;4
Lombardia;Varese;VA;Cadrezzate con Osmate;12143;4
Lombardia;Varese;VA;Bardello con Malgesso e Bregano;12144;4
Lombardia;Como;CO;Albavilla;13003;4
Lombardia;Como;CO;Albese con Cassano;13004;4
Lombardia;Como;CO;Albiolo;13005;4
Lombardia;Como;CO;Alserio;13006;4
Lombardia;Como;CO;Alzate Brianza;13007;4
Lombardia;Como;CO;Anzano del Parco;13009;4
Lombardia;Como;CO;Appiano Gentile;13010;4
Lombardia;Como;CO;Argegno;13011;4
Lombardia;Como;CO;Arosio;13012;4
Lombardia;Como;CO;Asso;13013;4
Lombardia;Como;CO;Barni;13015;4
Lombardia;Como;CO;Bene Lario;13021;4
Lombardia;Como;CO;Beregazzo con Figliaro;13022;4
Lombardia;Como;CO;Binago;13023;4
Lombardia;Como;CO;Bizzarone;13024;4
Lombardia;Como;CO;Blessagno;13025;4
Lombardia;Como;CO;Blevio;13026;4
Lombardia;Como;CO;Bregnano;13028;4
Lombardia;Como;CO;Brenna;13029;4
Lombardia;Como;CO;Brienno;13030;4
Lombardia;Como;CO;Brunate;13032;4
Lombardia;Como;CO;Bulgarograsso;13034;4
Lombardia;Como;CO;Cabiate;13035;4
Lombardia;Como;CO;Cadorago;13036;4
Lombardia;Como;CO;Caglio;13037;4
Lombardia;Como;CO;Campione d'Italia;13040;4
Lombardia;Como;CO;Cantù;13041;4
Lombardia;Como;CO;Canzo;13042;4
Lombardia;Como;CO;Capiago Intimiano;13043;4
Lombardia;Como;CO;Carate Urio;13044;4
Lombardia;Como;CO;Carbonate;13045;4
Lombardia;Como;CO;Carimate;13046;4
Lombardia;Como;CO;Carlazzo;13047;4
Lombardia;Como;CO;Carugo;13048;4
Lombardia;Como;CO;Caslino d'Erba;13052;4
Lombardia;Como;CO;Casnate con Bernate;13053;4
Lombardia;Como;CO;Cassina Rizzardi;13055;4
Lombardia;Como;CO;Castelmarte;13058;4
Lombardia;Como;CO;Castelnuovo Bozzente;13059;4
Lombardia;Como;CO;Cavargna;13062;4
Lombardia;Como;CO;Cerano d'Intelvi;13063;4
Lombardia;Como;CO;Cermenate;13064;4
Lombardia;Como;CO;Cernobbio;13065;4
Lombardia;Como;CO;Cirimido;13068;4
Lombardia;Como;CO;Claino con Osteno;13071;4
Lombardia;Como;CO;Colonno;13074;4
Lombardia;Como;CO;Como;13075;4
Lombardia;Como;CO;Corrido;13077;4
Lombardia;Como;CO;Cremia;13083;4
Lombardia;Como;CO;Cucciago;13084;4
Lombardia;Como;CO;Cusino;13085;4
Lombardia;Como;CO;Dizzasco;13087;4
Lombardia;Como;CO;Domaso;13089;4
Lombardia;Como;CO;Dongo;13090;4
Lombardia;Como;CO;Dosso del Liro;13092;4
Lombardia;Como;CO;Erba;13095;4
Lombardia;Como;CO;Eupilio;13097;4
Lombardia;Como;CO;Faggeto Lario;13098;4
Lombardia;Como;CO;Faloppio;13099;4
Lombardia;Como;CO;Fenegrò;13100;4
Lombardia;Como;CO;Figino Serenza;13101;4
Lombardia;Como;CO;Fino Mornasco;13102;4
Lombardia;Como;CO;Garzeno;13106;4
Lombardia;Como;CO;Gera Lario;13107;4
Lombardia;Como;CO;Grandate;13110;4
Lombardia;Como;CO;Grandola ed Uniti;13111;4
Lombardia;Como;CO;Griante;13113;4
Lombardia;Como;CO;Guanzate;13114;4
Lombardia;Como;CO;Inverigo;13118;4
Lombardia;Como;CO;Laglio;13119;4
Lombardia;Como;CO;Laino;13120;4
Lombardia;Como;CO;Lambrugo;13121;4
Lombardia;Como;CO;Lasnigo;13123;4
Lombardia;Como;CO;Lezzeno;13126;4
Lombardia;Como;CO;Limido Comasco;13128;4
Lombardia;Como;CO;Lipomo;13129;4
Lombardia;Como;CO;Livo;13130;4
Lombardia;Como;CO;Locate Varesino;13131;4
Lombardia;Como;CO;Lomazzo;13133;4
Lombardia;Como;CO;Longone al Segrino;13134;4
Lombardia;Como;CO;Luisago;13135;4
Lombardia;Como;CO;Lurago d'Erba;13136;4
Lombardia;Como;CO;Lurago Marinone;13137;4
Lombardia;Como;CO;Lurate Caccivio;13138;4
Lombardia;Como;CO;Magreglio;13139;4
Lombardia;Como;CO;Mariano Comense;13143;4
Lombardia;Como;CO;Maslianico;13144;4
Lombardia;Como;CO;Menaggio;13145;4
Lombardia;Como;CO;Merone;13147;4
Lombardia;Como;CO;Moltrasio;13152;4
Lombardia;Como;CO;Monguzzo;13153;4
Lombardia;Como;CO;Montano Lucino;13154;4
Lombardia;Como;CO;Montemezzo;13155;4
Lombardia;Como;CO;Montorfano;13157;4
Lombardia;Como;CO;Mozzate;13159;4
Lombardia;Como;CO;Musso;13160;4
Lombardia;Como;CO;Nesso;13161;4
Lombardia;Como;CO;Novedrate;13163;4
Lombardia;Como;CO;Olgiate Comasco;13165;4
Lombardia;Como;CO;Oltrona di San Mamette;13169;4
Lombardia;Como;CO;Orsenigo;13170;4
Lombardia;Como;CO;Peglio;13178;4
Lombardia;Como;CO;Pianello del Lario;13183;4
Lombardia;Como;CO;Pigra;13184;4
Lombardia;Como;CO;Plesio;13185;4
Lombardia;Como;CO;Pognana Lario;13186;4
Lombardia;Como;CO;Ponna;13187;4
Lombardia;Como;CO;Ponte Lambro;13188;4
Lombardia;Como;CO;Porlezza;13189;4
Lombardia;Como;CO;Proserpio;13192;4
Lombardia;Como;CO;Pusiano;13193;4
Lombardia;Como;CO;Rezzago;13195;4
Lombardia;Como;CO;Rodero;13197;4
Lombardia;Como;CO;Rovellasca;13201;4
Lombardia;Como;CO;Rovello Porro;13202;4
Lombardia;Como;CO;Sala Comacina;13203;4
Lombardia;Como;CO;San Bartolomeo Val Cavargna;13204;4
Lombardia;Como;CO;San Fermo della Battaglia;13206;4
Lombardia;Como;CO;San Nazzaro Val Cavargna;13207;4
Lombardia;Como;CO;Schignano;13211;4
Lombardia;Como;CO;Senna Comasco;13212;4
Lombardia;Como;CO;Sorico;13216;4
Lombardia;Como;CO;Sormano;13217;4
Lombardia;Como;CO;Stazzona;13218;4
Lombardia;Como;CO;Tavernerio;13222;4
Lombardia;Como;CO;Torno;13223;4
Lombardia;Como;CO;Trezzone;13226;4
Lombardia;Como;CO;Turate;13227;4
Lombardia;Como;CO;Valbrona;13229;4
Lombardia;Como;CO;Valmorea;13232;4
Lombardia;Como;CO;Val Rezzo;13233;4
Lombardia;Como;CO;Valsolda;13234;4
Lombardia;Como;CO;Veleso;13236;4
Lombardia;Como;CO;Veniano;13238;4
Lombardia;Como;CO;Vercana;13239;4
Lombardia;Como;CO;Vertemate con Minoprio;13242;4
Lombardia;Como;CO;Villa Guardia;13245;4
Lombardia;Como;CO;Zelbio;13246;4
Lombardia;Como;CO;San Siro;13248;4
Lombardia;Como;CO;Gravedona ed Uniti;13249;4
Lombardia;Como;CO;Bellagio;13250;4
Lombardia;Como;CO;Colverde;13251;4
Lombardia;Como;CO;Tremezzina;13252;4
Lombardia;Como;CO;Alta Valle Intelvi;13253;4
Lombardia;Como;CO;Centro Valle Intelvi;13254;4
Lombardia;Como;CO;Solbiate con Cagno;13255;4
Lombardia;Como;CO;Uggiate con Ronago;13256;4
Lombardia;Sondrio;SO;Albaredo per San Marco;14001;3
Lombardia;Sondrio;SO;Albosaggia;14002;3
Lombardia;Sondrio;SO;Andalo Valtellino;14003;4
Lombardia;Sondrio;SO;Aprica;14004;3
Lombardia;Sondrio;SO;Ardenno;14005;3
Lombardia;Sondrio;SO;Bema;14006;3
Lombardia;Sondrio;SO;Berbenno di Valtellina;14007;3
Lombardia;Sondrio;SO;Bianzone;14008;3
Lombardia;Sondrio;SO;Bormio;14009;3
Lombardia;Sondrio;SO;Buglio in Monte;14010;3
Lombardia;Sondrio;SO;Caiolo;14011;3
Lombardia;Sondrio;SO;Campodolcino;14012;3
Lombardia;Sondrio;SO;Caspoggio;14013;3
Lombardia;Sondrio;SO;Castello dell'Acqua;14014;3
Lombardia;Sondrio;SO;Castione Andevenno;14015;3
Lombardia;Sondrio;SO;Cedrasco;14016;3
Lombardia;Sondrio;SO;Cercino;14017;4
Lombardia;Sondrio;SO;Chiavenna;14018;3
Lombardia;Sondrio;SO;Chiesa in Valmalenco;14019;3
Lombardia;Sondrio;SO;Chiuro;14020;3
Lombardia;Sondrio;SO;Cino;14021;4
Lombardia;Sondrio;SO;Civo;14022;3
Lombardia;Sondrio;SO;Colorina;14023;3
Lombardia;Sondrio;SO;Cosio Valtellino;14024;3
Lombardia;Sondrio;SO;Dazio;14025;3
Lombardia;Sondrio;SO;Delebio;14026;4
Lombardia;Sondrio;SO;Dubino;14027;4
Lombardia;Sondrio;SO;Faedo Valtellino;14028;3
Lombardia;Sondrio;SO;Forcola;14029;3
Lombardia;Sondrio;SO;Fusine;14030;3
Lombardia;Sondrio;SO;Gerola Alta;14031;3
Lombardia;Sondrio;SO;Gordona;14032;4
Lombardia;Sondrio;SO;Grosio;14033;3
Lombardia;Sondrio;SO;Grosotto;14034;3
Lombardia;Sondrio;SO;Madesimo;14035;3
Lombardia;Sondrio;SO;Lanzada;14036;3
Lombardia;Sondrio;SO;Livigno;14037;3
Lombardia;Sondrio;SO;Lovero;14038;3
Lombardia;Sondrio;SO;Mantello;14039;4
Lombardia;Sondrio;SO;Mazzo di Valtellina;14040;3
Lombardia;Sondrio;SO;Mello;14041;3
Lombardia;Sondrio;SO;Mese;14043;4
Lombardia;Sondrio;SO;Montagna in Valtellina;14044;3
Lombardia;Sondrio;SO;Morbegno;14045;3
Lombardia;Sondrio;SO;Novate Mezzola;14046;3
Lombardia;Sondrio;SO;Pedesina;14047;4
Lombardia;Sondrio;SO;Piantedo;14048;4
Lombardia;Sondrio;SO;Piateda;14049;3
Lombardia;Sondrio;SO;Piuro;14050;3
Lombardia;Sondrio;SO;Poggiridenti;14051;3
Lombardia;Sondrio;SO;Ponte in Valtellina;14052;3
Lombardia;Sondrio;SO;Postalesio;14053;3
Lombardia;Sondrio;SO;Prata Camportaccio;14054;3
Lombardia;Sondrio;SO;Rasura;14055;4
Lombardia;Sondrio;SO;Rogolo;14056;4
Lombardia;Sondrio;SO;Samolaco;14057;4
Lombardia;Sondrio;SO;San Giacomo Filippo;14058;3
Lombardia;Sondrio;SO;Sernio;14059;3
Lombardia;Sondrio;SO;Sondalo;14060;3
Lombardia;Sondrio;SO;Sondrio;14061;3
Lombardia;Sondrio;SO;Spriana;14062;3
Lombardia;Sondrio;SO;Talamona;14063;3
Lombardia;Sondrio;SO;Tartano;14064;3
Lombardia;Sondrio;SO;Teglio;14065;3
Lombardia;Sondrio;SO;Tirano;14066;3
Lombardia;Sondrio;SO;Torre di Santa Maria;14067;3
Lombardia;Sondrio;SO;Tovo di Sant'Agata;14068;3
Lombardia;Sondrio;SO;Traona;14069;3
Lombardia;Sondrio;SO;Tresivio;14070;3
Lombardia;Sondrio;SO;Valdidentro;14071;3
Lombardia;Sondrio;SO;Valdisotto;14072;3
Lombardia;Sondrio;SO;Valfurva;14073;3
Lombardia;Sondrio;SO;Val Masino;14074;3
Lombardia;Sondrio;SO;Verceia;14075;3
Lombardia;Sondrio;SO;Vervio;14076;3
Lombardia;Sondrio;SO;Villa di Chiavenna;14077;3
Lombardia;Sondrio;SO;Villa di Tirano;14078;3
Lombardia;Milano;MI;Abbiategrasso;15002;4
Lombardia;Milano;MI;Albairate;15005;4
Lombardia;Milano;MI;Arconate;15007;4
Lombardia;Milano;MI;Arese;15009;4
Lombardia;Milano;MI;Arluno;15010;4
Lombardia;Milano;MI;Assago;15011;4
Lombardia;Milano;MI;Bareggio;15012;4
Lombardia;Milano;MI;Basiano;15014;3
Lombardia;Milano;MI;Basiglio;15015;3
Lombardia;Milano;MI;Bellinzago Lombardo;15016;3
Lombardia;Milano;MI;Bernate Ticino;15019;4
Lombardia;Milano;MI;Besate;15022;4
Lombardia;Milano;MI;Binasco;15024;3
Lombardia;Milano;MI;Boffalora sopra Ticino;15026;4
Lombardia;Milano;MI;Bollate;15027;4
Lombardia;Milano;MI;Bresso;15032;3
Lombardia;Milano;MI;Bubbiano;15035;4
Lombardia;Milano;MI;Buccinasco;15036;4
Lombardia;Milano;MI;Buscate;15038;4
Lombardia;Milano;MI;Bussero;15040;3
Lombardia;Milano;MI;Busto Garolfo;15041;4
Lombardia;Milano;MI;Calvignasco;15042;4
Lombardia;Milano;MI;Cambiago;15044;3
Lombardia;Milano;MI;Canegrate;15046;4
Lombardia;Milano;MI;Carpiano;15050;3
Lombardia;Milano;MI;Carugate;15051;3
Lombardia;Milano;MI;Casarile;15055;3
Lombardia;Milano;MI;Casorezzo;15058;4
Lombardia;Milano;MI;Cassano d'Adda;15059;3
Lombardia;Milano;MI;Cassina de' Pecchi;15060;3
Lombardia;Milano;MI;Cassinetta di Lugagnano;15061;4
Lombardia;Milano;MI;Castano Primo;15062;4
Lombardia;Milano;MI;Cernusco sul Naviglio;15070;3
Lombardia;Milano;MI;Cerro al Lambro;15071;3
Lombardia;Milano;MI;Cerro Maggiore;15072;4
Lombardia;Milano;MI;Cesano Boscone;15074;4
Lombardia;Milano;MI;Cesate;15076;4
Lombardia;Milano;MI;Cinisello Balsamo;15077;3
Lombardia;Milano;MI;Cisliano;15078;4
Lombardia;Milano;MI;Cologno Monzese;15081;3
Lombardia;Milano;MI;Colturano;15082;3
Lombardia;Milano;MI;Corbetta;15085;4
Lombardia;Milano;MI;Cormano;15086;4
Lombardia;Milano;MI;Cornaredo;15087;4
Lombardia;Milano;MI;Corsico;15093;4
Lombardia;Milano;MI;Cuggiono;15096;4
Lombardia;Milano;MI;Cusago;15097;4
Lombardia;Milano;MI;Cusano Milanino;15098;4
Lombardia;Milano;MI;Dairago;15099;4
Lombardia;Milano;MI;Dresano;15101;3
Lombardia;Milano;MI;Gaggiano;15103;4
Lombardia;Milano;MI;Garbagnate Milanese;15105;4
Lombardia;Milano;MI;Gessate;15106;3
Lombardia;Milano;MI;Gorgonzola;15108;3
Lombardia;Milano;MI;Grezzago;15110;3
Lombardia;Milano;MI;Gudo Visconti;15112;4
Lombardia;Milano;MI;Inveruno;15113;4
Lombardia;Milano;MI;Inzago;15114;3
Lombardia;Milano;MI;Lacchiarella;15115;3
Lombardia;Milano;MI;Lainate;15116;4
Lombardia;Milano;MI;Legnano;15118;4
Lombardia;Milano;MI;Liscate;15122;3
Lombardia;Milano;MI;Locate di Triulzi;15125;3
Lombardia;Milano;MI;Magenta;15130;4
Lombardia;Milano;MI;Magnago;15131;4
Lombardia;Milano;MI;Marcallo con Casone;15134;4
Lombardia;Milano;MI;Masate;15136;3
Lombardia;Milano;MI;Mediglia;15139;3
Lombardia;Milano;MI;Melegnano;15140;3
Lombardia;Milano;MI;Melzo;15142;3
Lombardia;Milano;MI;Mesero;15144;4
Lombardia;Milano;MI;Milano;15146;3
Lombardia;Milano;MI;Morimondo;15150;4
Lombardia;Milano;MI;Motta Visconti;15151;3
Lombardia;Milano;MI;Nerviano;15154;4
Lombardia;Milano;MI;Nosate;15155;4
Lombardia;Milano;MI;Novate Milanese;15157;4
Lombardia;Milano;MI;Noviglio;15158;3
Lombardia;Milano;MI;Opera;15159;3
Lombardia;Milano;MI;Ossona;15164;4
Lombardia;Milano;MI;Ozzero;15165;4
Lombardia;Milano;MI;Paderno Dugnano;15166;4
Lombardia;Milano;MI;Pantigliate;15167;3
Lombardia;Milano;MI;Parabiago;15168;4
Lombardia;Milano;MI;Paullo;15169;3
Lombardia;Milano;MI;Pero;15170;4
Lombardia;Milano;MI;Peschiera Borromeo;15171;3
Lombardia;Milano;MI;Pessano con Bornago;15172;3
Lombardia;Milano;MI;Pieve Emanuele;15173;3
Lombardia;Milano;MI;Pioltello;15175;3
Lombardia;Milano;MI;Pogliano Milanese;15176;4
Lombardia;Milano;MI;Pozzo d'Adda;15177;3
Lombardia;Milano;MI;Pozzuolo Martesana;15178;3
Lombardia;Milano;MI;Pregnana Milanese;15179;4
Lombardia;Milano;MI;Rescaldina;15181;4
Lombardia;Milano;MI;Rho;15182;4
Lombardia;Milano;MI;Robecchetto con Induno;15183;4
Lombardia;Milano;MI;Robecco sul Naviglio;15184;4
Lombardia;Milano;MI;Rodano;15185;3
Lombardia;Milano;MI;Rosate;15188;4
Lombardia;Milano;MI;Rozzano;15189;3
Lombardia;Milano;MI;San Colombano al Lambro;15191;3
Lombardia;Milano;MI;San Donato Milanese;15192;3
Lombardia;Milano;MI;San Giorgio su Legnano;15194;4
Lombardia;Milano;MI;San Giuliano Milanese;15195;3
Lombardia;Milano;MI;Santo Stefano Ticino;15200;4
Lombardia;Milano;MI;San Vittore Olona;15201;4
Lombardia;Milano;MI;San Zenone al Lambro;15202;3
Lombardia;Milano;MI;Sedriano;15204;4
Lombardia;Milano;MI;Segrate;15205;3
Lombardia;Milano;MI;Senago;15206;4
Lombardia;Milano;MI;Sesto San Giovanni;15209;3
Lombardia;Milano;MI;Settala;15210;3
Lombardia;Milano;MI;Settimo Milanese;15211;4
Lombardia;Milano;MI;Solaro;15213;4
Lombardia;Milano;MI;Trezzano Rosa;15219;3
Lombardia;Milano;MI;Trezzano sul Naviglio;15220;4
Lombardia;Milano;MI;Trezzo sull'Adda;15221;3
Lombardia;Milano;MI;Tribiano;15222;3
Lombardia;Milano;MI;Truccazzano;15224;3
Lombardia;Milano;MI;Turbigo;15226;4
Lombardia;Milano;MI;Vanzago;15229;4
Lombardia;Milano;MI;Vaprio d'Adda;15230;3
Lombardia;Milano;MI;Vernate;15236;3
Lombardia;Milano;MI;Vignate;15237;3
Lombardia;Milano;MI;Vimodrone;15242;3
Lombardia;Milano;MI;Vittuone;15243;4
Lombardia;Milano;MI;Vizzolo Predabissi;15244;3
Lombardia;Milano;MI;Zibido San Giacomo;15247;3
Lombardia;Milano;MI;Villa Cortese;15248;4
Lombardia;Milano;MI;Vanzaghello;15249;4
Lombardia;Milano;MI;Baranzate;15250;4
Lombardia;Milano;MI;Vermezzo con Zelo;15251;4
Lombardia;Bergamo;BG;Adrara San Martino;16001;3
Lombardia;Bergamo;BG;Adrara San Rocco;16002;3
Lombardia;Bergamo;BG;Albano Sant'Alessandro;16003;3
Lombardia;Bergamo;BG;Albino;16004;3
Lombardia;Bergamo;BG;Almè;16005;3
Lombardia;Bergamo;BG;Almenno San Bartolomeo;16006;3
Lombardia;Bergamo;BG;Almenno San Salvatore;16007;3
Lombardia;Bergamo;BG;Alzano Lombardo;16008;3
Lombardia;Bergamo;BG;Ambivere;16009;3
Lombardia;Bergamo;BG;Antegnate;16010;3
Lombardia;Bergamo;BG;Arcene;16011;3
Lombardia;Bergamo;BG;Ardesio;16012;3
Lombardia;Bergamo;BG;Arzago d'Adda;16013;3
Lombardia;Bergamo;BG;Averara;16014;3
Lombardia;Bergamo;BG;Aviatico;16015;3
Lombardia;Bergamo;BG;Azzano San Paolo;16016;3
Lombardia;Bergamo;BG;Azzone;16017;3
Lombardia;Bergamo;BG;Bagnatica;16018;3
Lombardia;Bergamo;BG;Barbata;16019;3
Lombardia;Bergamo;BG;Bariano;16020;3
Lombardia;Bergamo;BG;Barzana;16021;3
Lombardia;Bergamo;BG;Bedulita;16022;3
Lombardia;Bergamo;BG;Berbenno;16023;3
Lombardia;Bergamo;BG;Bergamo;16024;3
Lombardia;Bergamo;BG;Berzo San Fermo;16025;3
Lombardia;Bergamo;BG;Bianzano;16026;3
Lombardia;Bergamo;BG;Blello;16027;3
Lombardia;Bergamo;BG;Bolgare;16028;3
Lombardia;Bergamo;BG;Boltiere;16029;3
Lombardia;Bergamo;BG;Bonate Sopra;16030;3
Lombardia;Bergamo;BG;Bonate Sotto;16031;3
Lombardia;Bergamo;BG;Borgo di Terzo;16032;3
Lombardia;Bergamo;BG;Bossico;16033;3
Lombardia;Bergamo;BG;Bottanuco;16034;3
Lombardia;Bergamo;BG;Bracca;16035;3
Lombardia;Bergamo;BG;Branzi;16036;3
Lombardia;Bergamo;BG;Brembate;16037;3
Lombardia;Bergamo;BG;Brembate di Sopra;16038;3
Lombardia;Bergamo;BG;Brignano Gera d'Adda;16040;3
Lombardia;Bergamo;BG;Brumano;16041;3
Lombardia;Bergamo;BG;Brusaporto;16042;3
Lombardia;Bergamo;BG;Calcinate;16043;3
Lombardia;Bergamo;BG;Calcio;16044;3
Lombardia;Bergamo;BG;Calusco d'Adda;16046;3
Lombardia;Bergamo;BG;Calvenzano;16047;3
Lombardia;Bergamo;BG;Camerata Cornello;16048;3
Lombardia;Bergamo;BG;Canonica d'Adda;16049;3
Lombardia;Bergamo;BG;Capizzone;16050;3
Lombardia;Bergamo;BG;Capriate San Gervasio;16051;3
Lombardia;Bergamo;BG;Caprino Bergamasco;16052;3
Lombardia;Bergamo;BG;Caravaggio;16053;3
Lombardia;Bergamo;BG;Carobbio degli Angeli;16055;3
Lombardia;Bergamo;BG;Carona;16056;3
Lombardia;Bergamo;BG;Carvico;16057;3
Lombardia;Bergamo;BG;Casazza;16058;3
Lombardia;Bergamo;BG;Casirate d'Adda;16059;3
Lombardia;Bergamo;BG;Casnigo;16060;3
Lombardia;Bergamo;BG;Cassiglio;16061;3
Lombardia;Bergamo;BG;Castelli Calepio;16062;3
Lombardia;Bergamo;BG;Castel Rozzone;16063;3
Lombardia;Bergamo;BG;Castione della Presolana;16064;3
Lombardia;Bergamo;BG;Castro;16065;3
Lombardia;Bergamo;BG;Cavernago;16066;3
Lombardia;Bergamo;BG;Cazzano Sant'Andrea;16067;3
Lombardia;Bergamo;BG;Cenate Sopra;16068;3
Lombardia;Bergamo;BG;Cenate Sotto;16069;3
Lombardia;Bergamo;BG;Cene;16070;3
Lombardia;Bergamo;BG;Cerete;16071;3
Lombardia;Bergamo;BG;Chignolo d'Isola;16072;3
Lombardia;Bergamo;BG;Chiuduno;16073;3
Lombardia;Bergamo;BG;Cisano Bergamasco;16074;3
Lombardia;Bergamo;BG;Ciserano;16075;3
Lombardia;Bergamo;BG;Cividate al Piano;16076;3
Lombardia;Bergamo;BG;Clusone;16077;3
Lombardia;Bergamo;BG;Colere;16078;3
Lombardia;Bergamo;BG;Cologno al Serio;16079;3
Lombardia;Bergamo;BG;Colzate;16080;3
Lombardia;Bergamo;BG;Comun Nuovo;16081;3
Lombardia;Bergamo;BG;Corna Imagna;16082;3
Lombardia;Bergamo;BG;Cortenuova;16083;3
Lombardia;Bergamo;BG;Costa di Mezzate;16084;3
Lombardia;Bergamo;BG;Costa Valle Imagna;16085;3
Lombardia;Bergamo;BG;Costa Volpino;16086;3
Lombardia;Bergamo;BG;Covo;16087;3
Lombardia;Bergamo;BG;Credaro;16088;3
Lombardia;Bergamo;BG;Curno;16089;3
Lombardia;Bergamo;BG;Cusio;16090;3
Lombardia;Bergamo;BG;Dalmine;16091;3
Lombardia;Bergamo;BG;Dossena;16092;3
Lombardia;Bergamo;BG;Endine Gaiano;16093;3
Lombardia;Bergamo;BG;Entratico;16094;3
Lombardia;Bergamo;BG;Fara Gera d'Adda;16096;3
Lombardia;Bergamo;BG;Fara Olivana con Sola;16097;3
Lombardia;Bergamo;BG;Filago;16098;3
Lombardia;Bergamo;BG;Fino del Monte;16099;3
Lombardia;Bergamo;BG;Fiorano al Serio;16100;3
Lombardia;Bergamo;BG;Fontanella;16101;3
Lombardia;Bergamo;BG;Fonteno;16102;3
Lombardia;Bergamo;BG;Foppolo;16103;3
Lombardia;Bergamo;BG;Foresto Sparso;16104;3
Lombardia;Bergamo;BG;Fornovo San Giovanni;16105;3
Lombardia;Bergamo;BG;Fuipiano Valle Imagna;16106;3
Lombardia;Bergamo;BG;Gandellino;16107;3
Lombardia;Bergamo;BG;Gandino;16108;3
Lombardia;Bergamo;BG;Gandosso;16109;3
Lombardia;Bergamo;BG;Gaverina Terme;16110;3
Lombardia;Bergamo;BG;Gazzaniga;16111;3
Lombardia;Bergamo;BG;Ghisalba;16113;3
Lombardia;Bergamo;BG;Gorlago;16114;3
Lombardia;Bergamo;BG;Gorle;16115;3
Lombardia;Bergamo;BG;Gorno;16116;3
Lombardia;Bergamo;BG;Grassobbio;16117;3
Lombardia;Bergamo;BG;Gromo;16118;3
Lombardia;Bergamo;BG;Grone;16119;3
Lombardia;Bergamo;BG;Grumello del Monte;16120;3
Lombardia;Bergamo;BG;Isola di Fondra;16121;3
Lombardia;Bergamo;BG;Isso;16122;3
Lombardia;Bergamo;BG;Lallio;16123;3
Lombardia;Bergamo;BG;Leffe;16124;3
Lombardia;Bergamo;BG;Lenna;16125;3
Lombardia;Bergamo;BG;Levate;16126;3
Lombardia;Bergamo;BG;Locatello;16127;3
Lombardia;Bergamo;BG;Lovere;16128;3
Lombardia;Bergamo;BG;Lurano;16129;3
Lombardia;Bergamo;BG;Luzzana;16130;3
Lombardia;Bergamo;BG;Madone;16131;3
Lombardia;Bergamo;BG;Mapello;16132;3
Lombardia;Bergamo;BG;Martinengo;16133;3
Lombardia;Bergamo;BG;Mezzoldo;16134;3
Lombardia;Bergamo;BG;Misano di Gera d'Adda;16135;3
Lombardia;Bergamo;BG;Moio de' Calvi;16136;3
Lombardia;Bergamo;BG;Monasterolo del Castello;16137;3
Lombardia;Bergamo;BG;Montello;16139;3
Lombardia;Bergamo;BG;Morengo;16140;3
Lombardia;Bergamo;BG;Mornico al Serio;16141;3
Lombardia;Bergamo;BG;Mozzanica;16142;3
Lombardia;Bergamo;BG;Mozzo;16143;3
Lombardia;Bergamo;BG;Nembro;16144;3
Lombardia;Bergamo;BG;Olmo al Brembo;16145;3
Lombardia;Bergamo;BG;Oltre il Colle;16146;3
Lombardia;Bergamo;BG;Oltressenda Alta;16147;3
Lombardia;Bergamo;BG;Oneta;16148;3
Lombardia;Bergamo;BG;Onore;16149;3
Lombardia;Bergamo;BG;Orio al Serio;16150;3
Lombardia;Bergamo;BG;Ornica;16151;3
Lombardia;Bergamo;BG;Osio Sopra;16152;3
Lombardia;Bergamo;BG;Osio Sotto;16153;3
Lombardia;Bergamo;BG;Pagazzano;16154;3
Lombardia;Bergamo;BG;Paladina;16155;3
Lombardia;Bergamo;BG;Palazzago;16156;3
Lombardia;Bergamo;BG;Palosco;16157;3
Lombardia;Bergamo;BG;Parre;16158;3
Lombardia;Bergamo;BG;Parzanica;16159;3
Lombardia;Bergamo;BG;Pedrengo;16160;3
Lombardia;Bergamo;BG;Peia;16161;3
Lombardia;Bergamo;BG;Pianico;16162;3
Lombardia;Bergamo;BG;Piario;16163;3
Lombardia;Bergamo;BG;Piazza Brembana;16164;3
Lombardia;Bergamo;BG;Piazzatorre;16165;3
Lombardia;Bergamo;BG;Piazzolo;16166;3
Lombardia;Bergamo;BG;Pognano;16167;3
Lombardia;Bergamo;BG;Ponte Nossa;16168;3
Lombardia;Bergamo;BG;Ponteranica;16169;3
Lombardia;Bergamo;BG;Ponte San Pietro;16170;3
Lombardia;Bergamo;BG;Pontida;16171;3
Lombardia;Bergamo;BG;Pontirolo Nuovo;16172;3
Lombardia;Bergamo;BG;Pradalunga;16173;3
Lombardia;Bergamo;BG;Predore;16174;3
Lombardia;Bergamo;BG;Premolo;16175;3
Lombardia;Bergamo;BG;Presezzo;16176;3
Lombardia;Bergamo;BG;Pumenengo;16177;3
Lombardia;Bergamo;BG;Ranica;16178;3
Lombardia;Bergamo;BG;Ranzanico;16179;3
Lombardia;Bergamo;BG;Riva di Solto;16180;3
Lombardia;Bergamo;BG;Rogno;16182;3
Lombardia;Bergamo;BG;Romano di Lombardia;16183;3
Lombardia;Bergamo;BG;Roncobello;16184;3
Lombardia;Bergamo;BG;Roncola;16185;3
Lombardia;Bergamo;BG;Rota d'Imagna;16186;3
Lombardia;Bergamo;BG;Rovetta;16187;3
Lombardia;Bergamo;BG;San Giovanni Bianco;16188;3
Lombardia;Bergamo;BG;San Paolo d'Argon;16189;3
Lombardia;Bergamo;BG;San Pellegrino Terme;16190;3
Lombardia;Bergamo;BG;Santa Brigida;16191;3
Lombardia;Bergamo;BG;Sarnico;16193;3
Lombardia;Bergamo;BG;Scanzorosciate;16194;3
Lombardia;Bergamo;BG;Schilpario;16195;3
Lombardia;Bergamo;BG;Sedrina;16196;3
Lombardia;Bergamo;BG;Selvino;16197;3
Lombardia;Bergamo;BG;Seriate;16198;3
Lombardia;Bergamo;BG;Serina;16199;3
Lombardia;Bergamo;BG;Solto Collina;16200;3
Lombardia;Bergamo;BG;Songavazzo;16201;3
Lombardia;Bergamo;BG;Sorisole;16202;3
Lombardia;Bergamo;BG;Sotto il Monte Giovanni XXIII;16203;3
Lombardia;Bergamo;BG;Sovere;16204;3
Lombardia;Bergamo;BG;Spinone al Lago;16205;3
Lombardia;Bergamo;BG;Spirano;16206;3
Lombardia;Bergamo;BG;Stezzano;16207;3
Lombardia;Bergamo;BG;Strozza;16208;3
Lombardia;Bergamo;BG;Suisio;16209;3
Lombardia;Bergamo;BG;Taleggio;16210;3
Lombardia;Bergamo;BG;Tavernola Bergamasca;16211;3
Lombardia;Bergamo;BG;Telgate;16212;3
Lombardia;Bergamo;BG;Terno d'Isola;16213;3
Lombardia;Bergamo;BG;Torre Boldone;16214;3
Lombardia;Bergamo;BG;Torre de' Busi;16215;3
Lombardia;Bergamo;BG;Torre de' Roveri;16216;3
Lombardia;Bergamo;BG;Torre Pallavicina;16217;3
Lombardia;Bergamo;BG;Trescore Balneario;16218;3
Lombardia;Bergamo;BG;Treviglio;16219;3
Lombardia;Bergamo;BG;Treviolo;16220;3
Lombardia;Bergamo;BG;Ubiale Clanezzo;16221;3
Lombardia;Bergamo;BG;Urgnano;16222;3
Lombardia;Bergamo;BG;Valbondione;16223;3
Lombardia;Bergamo;BG;Valbrembo;16224;3
Lombardia;Bergamo;BG;Valgoglio;16225;3
Lombardia;Bergamo;BG;Valleve;16226;3
Lombardia;Bergamo;BG;Valnegra;16227;3
Lombardia;Bergamo;BG;Valtorta;16229;3
Lombardia;Bergamo;BG;Vedeseta;16230;3
Lombardia;Bergamo;BG;Verdellino;16232;3
Lombardia;Bergamo;BG;Verdello;16233;3
Lombardia;Bergamo;BG;Vertova;16234;3
Lombardia;Bergamo;BG;Viadanica;16235;3
Lombardia;Bergamo;BG;Vigano San Martino;16236;3
Lombardia;Bergamo;BG;Vigolo;16237;3
Lombardia;Bergamo;BG;Villa d'Adda;16238;3
Lombardia;Bergamo;BG;Villa d'Almè;16239;3
Lombardia;Bergamo;BG;Villa di Serio;16240;3
Lombardia;Bergamo;BG;Villa d'Ogna;16241;3
Lombardia;Bergamo;BG;Villongo;16242;3
Lombardia;Bergamo;BG;Vilminore di Scalve;16243;3
Lombardia;Bergamo;BG;Zandobbio;16244;3
Lombardia;Bergamo;BG;Zanica;16245;3
Lombardia;Bergamo;BG;Zogno;16246;3
Lombardia;Bergamo;BG;Costa Serina;16247;3
Lombardia;Bergamo;BG;Algua;16248;3
Lombardia;Bergamo;BG;Cornalba;16249;3
Lombardia;Bergamo;BG;Medolago;16250;3
Lombardia;Bergamo;BG;Solza;16251;3
Lombardia;Bergamo;BG;Sant'Omobono Terme;16252;3
Lombardia;Bergamo;BG;Val Brembilla;16253;3
Lombardia;Brescia;BS;Acquafredda;17001;3
Lombardia;Brescia;BS;Adro;17002;3
Lombardia;Brescia;BS;Agnosine;17003;2
Lombardia;Brescia;BS;Alfianello;17004;3
Lombardia;Brescia;BS;Anfo;17005;3
Lombardia;Brescia;BS;Angolo Terme;17006;3
Lombardia;Brescia;BS;Artogne;17007;3
Lombardia;Brescia;BS;Azzano Mella;17008;3
Lombardia;Brescia;BS;Bagnolo Mella;17009;3
Lombardia;Brescia;BS;Bagolino;17010;3
Lombardia;Brescia;BS;Barbariga;17011;3
Lombardia;Brescia;BS;Barghe;17012;2
Lombardia;Brescia;BS;Bassano Bresciano;17013;3
Lombardia;Brescia;BS;Bedizzole;17014;2
Lombardia;Brescia;BS;Berlingo;17015;3
Lombardia;Brescia;BS;Berzo Demo;17016;3
Lombardia;Brescia;BS;Berzo Inferiore;17017;3
Lombardia;Brescia;BS;Bienno;17018;3
Lombardia;Brescia;BS;Bione;17019;3
Lombardia;Brescia;BS;Borgo San Giacomo;17020;3
Lombardia;Brescia;BS;Borgosatollo;17021;2
Lombardia;Brescia;BS;Borno;17022;3
Lombardia;Brescia;BS;Botticino;17023;2
Lombardia;Brescia;BS;Bovegno;17024;3
Lombardia;Brescia;BS;Bovezzo;17025;3
Lombardia;Brescia;BS;Brandico;17026;3
Lombardia;Brescia;BS;Braone;17027;3
Lombardia;Brescia;BS;Breno;17028;3
Lombardia;Brescia;BS;Brescia;17029;2
Lombardia;Brescia;BS;Brione;17030;3
Lombardia;Brescia;BS;Caino;17031;2
Lombardia;Brescia;BS;Calcinato;17032;2
Lombardia;Brescia;BS;Calvagese della Riviera;17033;2
Lombardia;Brescia;BS;Calvisano;17034;3
Lombardia;Brescia;BS;Capo di Ponte;17035;3
Lombardia;Brescia;BS;Capovalle;17036;2
Lombardia;Brescia;BS;Capriano del Colle;17037;3
Lombardia;Brescia;BS;Capriolo;17038;3
Lombardia;Brescia;BS;Carpenedolo;17039;3
Lombardia;Brescia;BS;Castegnato;17040;3
Lombardia;Brescia;BS;Castelcovati;17041;3
Lombardia;Brescia;BS;Castel Mella;17042;3
Lombardia;Brescia;BS;Castenedolo;17043;2
Lombardia;Brescia;BS;Casto;17044;3
Lombardia;Brescia;BS;Castrezzato;17045;3
Lombardia;Brescia;BS;Cazzago San Martino;17046;3
Lombardia;Brescia;BS;Cedegolo;17047;3
Lombardia;Brescia;BS;Cellatica;17048;3
Lombardia;Brescia;BS;Cerveno;17049;3
Lombardia;Brescia;BS;Ceto;17050;3
Lombardia;Brescia;BS;Cevo;17051;3
Lombardia;Brescia;BS;Chiari;17052;3
Lombardia;Brescia;BS;Cigole;17053;3
Lombardia;Brescia;BS;Cimbergo;17054;3
Lombardia;Brescia;BS;Cividate Camuno;17055;3
Lombardia;Brescia;BS;Coccaglio;17056;3
Lombardia;Brescia;BS;Collebeato;17057;3
Lombardia;Brescia;BS;Collio;17058;3
Lombardia;Brescia;BS;Cologne;17059;3
Lombardia;Brescia;BS;Comezzano-Cizzago;17060;3
Lombardia;Brescia;BS;Concesio;17061;3
Lombardia;Brescia;BS;Corte Franca;17062;3
Lombardia;Brescia;BS;Corteno Golgi;17063;3
Lombardia;Brescia;BS;Corzano;17064;3
Lombardia;Brescia;BS;Darfo Boario Terme;17065;3
Lombardia;Brescia;BS;Dello;17066;3
Lombardia;Brescia;BS;Desenzano del Garda;17067;2
Lombardia;Brescia;BS;Edolo;17068;3
Lombardia;Brescia;BS;Erbusco;17069;3
Lombardia;Brescia;BS;Esine;17070;3
Lombardia;Brescia;BS;Fiesse;17071;3
Lombardia;Brescia;BS;Flero;17072;3
Lombardia;Brescia;BS;Gambara;17073;3
Lombardia;Brescia;BS;Gardone Riviera;17074;2
Lombardia;Brescia;BS;Gardone Val Trompia;17075;3
Lombardia;Brescia;BS;Gargnano;17076;2
Lombardia;Brescia;BS;Gavardo;17077;2
Lombardia;Brescia;BS;Ghedi;17078;2
Lombardia;Brescia;BS;Gianico;17079;3
Lombardia;Brescia;BS;Gottolengo;17080;3
Lombardia;Brescia;BS;Gussago;17081;3
Lombardia;Brescia;BS;Idro;17082;2
Lombardia;Brescia;BS;Incudine;17083;3
Lombardia;Brescia;BS;Irma;17084;3
Lombardia;Brescia;BS;Iseo;17085;3
Lombardia;Brescia;BS;Isorella;17086;3
Lombardia;Brescia;BS;Lavenone;17087;3
Lombardia;Brescia;BS;Leno;17088;3
Lombardia;Brescia;BS;Limone sul Garda;17089;3
Lombardia;Brescia;BS;Lodrino;17090;3
Lombardia;Brescia;BS;Lograto;17091;3
Lombardia;Brescia;BS;Lonato del Garda;17092;2
Lombardia;Brescia;BS;Longhena;17093;3
Lombardia;Brescia;BS;Losine;17094;3
Lombardia;Brescia;BS;Lozio;17095;3
Lombardia;Brescia;BS;Lumezzane;17096;3
Lombardia;Brescia;BS;Maclodio;17097;3
Lombardia;Brescia;BS;Magasa;17098;3
Lombardia;Brescia;BS;Mairano;17099;3
Lombardia;Brescia;BS;Malegno;17100;3
Lombardia;Brescia;BS;Malonno;17101;3
Lombardia;Brescia;BS;Manerba del Garda;17102;2
Lombardia;Brescia;BS;Manerbio;17103;3
Lombardia;Brescia;BS;Marcheno;17104;3
Lombardia;Brescia;BS;Marmentino;17105;3
Lombardia;Brescia;BS;Marone;17106;3
Lombardia;Brescia;BS;Mazzano;17107;2
Lombardia;Brescia;BS;Milzano;17108;3
Lombardia;Brescia;BS;Moniga del Garda;17109;2
Lombardia;Brescia;BS;Monno;17110;3
Lombardia;Brescia;BS;Monte Isola;17111;3
Lombardia;Brescia;BS;Monticelli Brusati;17112;3
Lombardia;Brescia;BS;Montichiari;17113;2
Lombardia;Brescia;BS;Montirone;17114;3
Lombardia;Brescia;BS;Mura;17115;3
Lombardia;Brescia;BS;Muscoline;17116;2
Lombardia;Brescia;BS;Nave;17117;2
Lombardia;Brescia;BS;Niardo;17118;3
Lombardia;Brescia;BS;Nuvolento;17119;2
Lombardia;Brescia;BS;Nuvolera;17120;2
Lombardia;Brescia;BS;Odolo;17121;2
Lombardia;Brescia;BS;Offlaga;17122;3
Lombardia;Brescia;BS;Ome;17123;3
Lombardia;Brescia;BS;Ono San Pietro;17124;3
Lombardia;Brescia;BS;Orzinuovi;17125;3
Lombardia;Brescia;BS;Orzivecchi;17126;3
Lombardia;Brescia;BS;Ospitaletto;17127;3
Lombardia;Brescia;BS;Ossimo;17128;3
Lombardia;Brescia;BS;Padenghe sul Garda;17129;2
Lombardia;Brescia;BS;Paderno Franciacorta;17130;3
Lombardia;Brescia;BS;Paisco Loveno;17131;3
Lombardia;Brescia;BS;Paitone;17132;2
Lombardia;Brescia;BS;Palazzolo sull'Oglio;17133;3
Lombardia;Brescia;BS;Paratico;17134;3
Lombardia;Brescia;BS;Paspardo;17135;3
Lombardia;Brescia;BS;Passirano;17136;3
Lombardia;Brescia;BS;Pavone del Mella;17137;3
Lombardia;Brescia;BS;San Paolo;17138;3
Lombardia;Brescia;BS;Pertica Alta;17139;3
Lombardia;Brescia;BS;Pertica Bassa;17140;3
Lombardia;Brescia;BS;Pezzaze;17141;3
Lombardia;Brescia;BS;Pian Camuno;17142;3
Lombardia;Brescia;BS;Pisogne;17143;3
Lombardia;Brescia;BS;Polaveno;17144;3
Lombardia;Brescia;BS;Polpenazze del Garda;17145;2
Lombardia;Brescia;BS;Pompiano;17146;3
Lombardia;Brescia;BS;Poncarale;17147;3
Lombardia;Brescia;BS;Ponte di Legno;17148;3
Lombardia;Brescia;BS;Pontevico;17149;3
Lombardia;Brescia;BS;Pontoglio;17150;3
Lombardia;Brescia;BS;Pozzolengo;17151;2
Lombardia;Brescia;BS;Pralboino;17152;3
Lombardia;Brescia;BS;Preseglie;17153;2
Lombardia;Brescia;BS;Prevalle;17155;2
Lombardia;Brescia;BS;Provaglio d'Iseo;17156;3
Lombardia;Brescia;BS;Provaglio Val Sabbia;17157;2
Lombardia;Brescia;BS;Puegnago del Garda;17158;2
Lombardia;Brescia;BS;Quinzano d'Oglio;17159;3
Lombardia;Brescia;BS;Remedello;17160;3
Lombardia;Brescia;BS;Rezzato;17161;2
Lombardia;Brescia;BS;Roccafranca;17162;3
Lombardia;Brescia;BS;Rodengo Saiano;17163;3
Lombardia;Brescia;BS;Roè Volciano;17164;2
Lombardia;Brescia;BS;Roncadelle;17165;3
Lombardia;Brescia;BS;Rovato;17166;3
Lombardia;Brescia;BS;Rudiano;17167;3
Lombardia;Brescia;BS;Sabbio Chiese;17168;2
Lombardia;Brescia;BS;Sale Marasino;17169;3
Lombardia;Brescia;BS;Salò;17170;2
Lombardia;Brescia;BS;San Felice del Benaco;17171;2
Lombardia;Brescia;BS;San Gervasio Bresciano;17172;3
Lombardia;Brescia;BS;San Zeno Naviglio;17173;3
Lombardia;Brescia;BS;Sarezzo;17174;3
Lombardia;Brescia;BS;Saviore dell'Adamello;17175;3
Lombardia;Brescia;BS;Sellero;17176;3
Lombardia;Brescia;BS;Seniga;17177;3
Lombardia;Brescia;BS;Serle;17178;2
Lombardia;Brescia;BS;Sirmione;17179;2
Lombardia;Brescia;BS;Soiano del Lago;17180;2
Lombardia;Brescia;BS;Sonico;17181;3
Lombardia;Brescia;BS;Sulzano;17182;3
Lombardia;Brescia;BS;Tavernole sul Mella;17183;3
Lombardia;Brescia;BS;Temù;17184;3
Lombardia;Brescia;BS;Tignale;17185;2
Lombardia;Brescia;BS;Torbole Casaglia;17186;3
Lombardia;Brescia;BS;Toscolano-Maderno;17187;2
Lombardia;Brescia;BS;Travagliato;17188;3
Lombardia;Brescia;BS;Tremosine sul Garda;17189;2
Lombardia;Brescia;BS;Trenzano;17190;3
Lombardia;Brescia;BS;Treviso Bresciano;17191;2
Lombardia;Brescia;BS;Urago d'Oglio;17192;3
Lombardia;Brescia;BS;Vallio Terme;17193;2
Lombardia;Brescia;BS;Valvestino;17194;2
Lombardia;Brescia;BS;Verolanuova;17195;3
Lombardia;Brescia;BS;Verolavecchia;17196;3
Lombardia;Brescia;BS;Vestone;17197;2
Lombardia;Brescia;BS;Vezza d'Oglio;17198;3
Lombardia;Brescia;BS;Villa Carcina;17199;3
Lombardia;Brescia;BS;Villachiara;17200;3
Lombardia;Brescia;BS;Villanuova sul Clisi;17201;2
Lombardia;Brescia;BS;Vione;17202;3
Lombardia;Brescia;BS;Visano;17203;3
Lombardia;Brescia;BS;Vobarno;17204;2
Lombardia;Brescia;BS;Zone;17205;3
Lombardia;Brescia;BS;Piancogno;17206;3
Lombardia;Pavia;PV;Alagna;18001;3
Lombardia;Pavia;PV;Albonese;18003;4
Lombardia;Pavia;PV;Albuzzano;18004;3
Lombardia;Pavia;PV;Arena Po;18005;3
Lombardia;Pavia;PV;Badia Pavese;18006;3
Lombardia;Pavia;PV;Bagnaria;18007;3
Lombardia;Pavia;PV;Barbianello;18008;3
Lombardia;Pavia;PV;Bascapè;18009;3
Lombardia;Pavia;PV;Bastida Pancarana;18011;3
Lombardia;Pavia;PV;Battuda;18012;3
Lombardia;Pavia;PV;Belgioioso;18013;3
Lombardia;Pavia;PV;Bereguardo;18014;3
Lombardia;Pavia;PV;Borgarello;18015;3
Lombardia;Pavia;PV;Borgo Priolo;18016;3
Lombardia;Pavia;PV;Borgoratto Mormorolo;18017;3
Lombardia;Pavia;PV;Borgo San Siro;18018;3
Lombardia;Pavia;PV;Bornasco;18019;3
Lombardia;Pavia;PV;Bosnasco;18020;3
Lombardia;Pavia;PV;Brallo di Pregola;18021;3
Lombardia;Pavia;PV;Breme;18022;4
Lombardia;Pavia;PV;Bressana Bottarone;18023;3
Lombardia;Pavia;PV;Broni;18024;3
Lombardia;Pavia;PV;Calvignano;18025;3
Lombardia;Pavia;PV;Campospinoso Albaredo;18026;3
Lombardia;Pavia;PV;Candia Lomellina;18027;4
Lombardia;Pavia;PV;Canneto Pavese;18029;3
Lombardia;Pavia;PV;Carbonara al Ticino;18030;3
Lombardia;Pavia;PV;Casanova Lonati;18031;3
Lombardia;Pavia;PV;Casatisma;18032;3
Lombardia;Pavia;PV;Casei Gerola;18033;3
Lombardia;Pavia;PV;Casorate Primo;18034;3
Lombardia;Pavia;PV;Cassolnovo;18035;4
Lombardia;Pavia;PV;Castana;18036;3
Lombardia;Pavia;PV;Casteggio;18037;3
Lombardia;Pavia;PV;Castelletto di Branduzzo;18038;3
Lombardia;Pavia;PV;Castello d'Agogna;18039;4
Lombardia;Pavia;PV;Castelnovetto;18040;4
Lombardia;Pavia;PV;Cava Manara;18041;3
Lombardia;Pavia;PV;Cecima;18042;3
Lombardia;Pavia;PV;Ceranova;18043;3
Lombardia;Pavia;PV;Ceretto Lomellina;18044;4
Lombardia;Pavia;PV;Cergnago;18045;4
Lombardia;Pavia;PV;Certosa di Pavia;18046;3
Lombardia;Pavia;PV;Cervesina;18047;3
Lombardia;Pavia;PV;Chignolo Po;18048;3
Lombardia;Pavia;PV;Cigognola;18049;3
Lombardia;Pavia;PV;Cilavegna;18050;4
Lombardia;Pavia;PV;Codevilla;18051;3
Lombardia;Pavia;PV;Confienza;18052;4
Lombardia;Pavia;PV;Copiano;18053;3
Lombardia;Pavia;PV;Corana;18054;3
Lombardia;Pavia;PV;Corvino San Quirico;18057;3
Lombardia;Pavia;PV;Costa de' Nobili;18058;3
Lombardia;Pavia;PV;Cozzo;18059;4
Lombardia;Pavia;PV;Cura Carpignano;18060;3
Lombardia;Pavia;PV;Dorno;18061;3
Lombardia;Pavia;PV;Ferrera Erbognone;18062;3
Lombardia;Pavia;PV;Filighera;18063;3
Lombardia;Pavia;PV;Fortunago;18064;3
Lombardia;Pavia;PV;Frascarolo;18065;3
Lombardia;Pavia;PV;Galliavola;18066;3
Lombardia;Pavia;PV;Gambarana;18067;3
Lombardia;Pavia;PV;Gambolò;18068;3
Lombardia;Pavia;PV;Garlasco;18069;3
Lombardia;Pavia;PV;Gerenzago;18071;3
Lombardia;Pavia;PV;Giussago;18072;3
Lombardia;Pavia;PV;Godiasco Salice Terme;18073;3
Lombardia;Pavia;PV;Golferenzo;18074;3
Lombardia;Pavia;PV;Gravellona Lomellina;18075;4
Lombardia;Pavia;PV;Gropello Cairoli;18076;3
Lombardia;Pavia;PV;Inverno e Monteleone;18077;3
Lombardia;Pavia;PV;Landriano;18078;3
Lombardia;Pavia;PV;Langosco;18079;4
Lombardia;Pavia;PV;Lardirago;18080;3
Lombardia;Pavia;PV;Linarolo;18081;3
Lombardia;Pavia;PV;Lirio;18082;3
Lombardia;Pavia;PV;Lomello;18083;3
Lombardia;Pavia;PV;Lungavilla;18084;3
Lombardia;Pavia;PV;Magherno;18085;3
Lombardia;Pavia;PV;Marcignago;18086;3
Lombardia;Pavia;PV;Marzano;18087;3
Lombardia;Pavia;PV;Mede;18088;3
Lombardia;Pavia;PV;Menconico;18089;3
Lombardia;Pavia;PV;Mezzana Bigli;18090;3
Lombardia;Pavia;PV;Mezzana Rabattone;18091;3
Lombardia;Pavia;PV;Mezzanino;18092;3
Lombardia;Pavia;PV;Miradolo Terme;18093;3
Lombardia;Pavia;PV;Montalto Pavese;18094;3
Lombardia;Pavia;PV;Montebello della Battaglia;18095;3
Lombardia;Pavia;PV;Montecalvo Versiggia;18096;3
Lombardia;Pavia;PV;Montescano;18097;3
Lombardia;Pavia;PV;Montesegale;18098;3
Lombardia;Pavia;PV;Monticelli Pavese;18099;3
Lombardia;Pavia;PV;Montù Beccaria;18100;3
Lombardia;Pavia;PV;Mornico Losana;18101;3
Lombardia;Pavia;PV;Mortara;18102;4
Lombardia;Pavia;PV;Nicorvo;18103;4
Lombardia;Pavia;PV;Olevano di Lomellina;18104;4
Lombardia;Pavia;PV;Oliva Gessi;18105;3
Lombardia;Pavia;PV;Ottobiano;18106;3
Lombardia;Pavia;PV;Palestro;18107;4
Lombardia;Pavia;PV;Pancarana;18108;3
Lombardia;Pavia;PV;Parona;18109;4
Lombardia;Pavia;PV;Pavia;18110;3
Lombardia;Pavia;PV;Pietra de' Giorgi;18111;3
Lombardia;Pavia;PV;Pieve Albignola;18112;3
Lombardia;Pavia;PV;Pieve del Cairo;18113;3
Lombardia;Pavia;PV;Pieve Porto Morone;18114;3
Lombardia;Pavia;PV;Pinarolo Po;18115;3
Lombardia;Pavia;PV;Pizzale;18116;3
Lombardia;Pavia;PV;Ponte Nizza;18117;3
Lombardia;Pavia;PV;Portalbera;18118;3
Lombardia;Pavia;PV;Rea;18119;3
Lombardia;Pavia;PV;Redavalle;18120;3
Lombardia;Pavia;PV;Retorbido;18121;3
Lombardia;Pavia;PV;Rivanazzano Terme;18122;3
Lombardia;Pavia;PV;Robbio;18123;4
Lombardia;Pavia;PV;Robecco Pavese;18124;3
Lombardia;Pavia;PV;Rocca de' Giorgi;18125;3
Lombardia;Pavia;PV;Rocca Susella;18126;3
Lombardia;Pavia;PV;Rognano;18127;3
Lombardia;Pavia;PV;Romagnese;18128;3
Lombardia;Pavia;PV;Roncaro;18129;3
Lombardia;Pavia;PV;Rosasco;18130;4
Lombardia;Pavia;PV;Rovescala;18131;3
Lombardia;Pavia;PV;San Cipriano Po;18133;3
Lombardia;Pavia;PV;San Damiano al Colle;18134;3
Lombardia;Pavia;PV;San Genesio ed Uniti;18135;3
Lombardia;Pavia;PV;San Giorgio di Lomellina;18136;4
Lombardia;Pavia;PV;San Martino Siccomario;18137;3
Lombardia;Pavia;PV;Sannazzaro de' Burgondi;18138;3
Lombardia;Pavia;PV;Santa Cristina e Bissone;18139;3
Lombardia;Pavia;PV;Santa Giuletta;18140;3
Lombardia;Pavia;PV;Sant'Alessio con Vialone;18141;3
Lombardia;Pavia;PV;Santa Margherita di Staffora;18142;3
Lombardia;Pavia;PV;Santa Maria della Versa;18143;3
Lombardia;Pavia;PV;Sant'Angelo Lomellina;18144;4
Lombardia;Pavia;PV;San Zenone al Po;18145;3
Lombardia;Pavia;PV;Sartirana Lomellina;18146;4
Lombardia;Pavia;PV;Scaldasole;18147;3
Lombardia;Pavia;PV;Semiana;18148;4
Lombardia;Pavia;PV;Silvano Pietra;18149;3
Lombardia;Pavia;PV;Siziano;18150;3
Lombardia;Pavia;PV;Sommo;18151;3
Lombardia;Pavia;PV;Spessa;18152;3
Lombardia;Pavia;PV;Stradella;18153;3
Lombardia;Pavia;PV;Suardi;18154;3
Lombardia;Pavia;PV;Torrazza Coste;18155;3
Lombardia;Pavia;PV;Torre Beretti e Castellaro;18156;3
Lombardia;Pavia;PV;Torre d'Arese;18157;3
Lombardia;Pavia;PV;Torre de' Negri;18158;3
Lombardia;Pavia;PV;Torre d'Isola;18159;3
Lombardia;Pavia;PV;Torrevecchia Pia;18160;3
Lombardia;Pavia;PV;Torricella Verzate;18161;3
Lombardia;Pavia;PV;Travacò Siccomario;18162;3
Lombardia;Pavia;PV;Trivolzio;18163;3
Lombardia;Pavia;PV;Tromello;18164;3
Lombardia;Pavia;PV;Trovo;18165;3
Lombardia;Pavia;PV;Val di Nizza;18166;3
Lombardia;Pavia;PV;Valeggio;18167;3
Lombardia;Pavia;PV;Valle Lomellina;18168;4
Lombardia;Pavia;PV;Valle Salimbene;18169;3
Lombardia;Pavia;PV;Varzi;18171;3
Lombardia;Pavia;PV;Velezzo Lomellina;18172;4
Lombardia;Pavia;PV;Vellezzo Bellini;18173;3
Lombardia;Pavia;PV;Verretto;18174;3
Lombardia;Pavia;PV;Verrua Po;18175;3
Lombardia;Pavia;PV;Vidigulfo;18176;3
Lombardia;Pavia;PV;Vigevano;18177;3
Lombardia;Pavia;PV;Villa Biscossi;18178;3
Lombardia;Pavia;PV;Villanova d'Ardenghi;18179;3
Lombardia;Pavia;PV;Villanterio;18180;3
Lombardia;Pavia;PV;Vistarino;18181;3
Lombardia;Pavia;PV;Voghera;18182;3
Lombardia;Pavia;PV;Volpara;18183;3
Lombardia;Pavia;PV;Zavattarello;18184;3
Lombardia;Pavia;PV;Zeccone;18185;3
Lombardia;Pavia;PV;Zeme;18186;4
Lombardia;Pavia;PV;Zenevredo;18187;3
Lombardia;Pavia;PV;Zerbo;18188;3
Lombardia;Pavia;PV;Zerbolò;18189;3
Lombardia;Pavia;PV;Zinasco;18190;3
Lombardia;Pavia;PV;Cornale e Bastida;18191;3
Lombardia;Pavia;PV;Corteolona e Genzone;18192;3
Lombardia;Pavia;PV;Colli Verdi;18193;3
Lombardia;Cremona;CR;Acquanegra Cremonese;19001;3
Lombardia;Cremona;CR;Agnadello;19002;3
Lombardia;Cremona;CR;Annicco;19003;3
Lombardia;Cremona;CR;Azzanello;19004;3
Lombardia;Cremona;CR;Bagnolo Cremasco;19005;3
Lombardia;Cremona;CR;Bonemerse;19006;3
Lombardia;Cremona;CR;Bordolano;19007;3
Lombardia;Cremona;CR;Calvatone;19009;3
Lombardia;Cremona;CR;Camisano;19010;3
Lombardia;Cremona;CR;Campagnola Cremasca;19011;3
Lombardia;Cremona;CR;Capergnanica;19012;3
Lombardia;Cremona;CR;Cappella Cantone;19013;3
Lombardia;Cremona;CR;Cappella de' Picenardi;19014;3
Lombardia;Cremona;CR;Capralba;19015;3
Lombardia;Cremona;CR;Casalbuttano ed Uniti;19016;3
Lombardia;Cremona;CR;Casale Cremasco-Vidolasco;19017;3
Lombardia;Cremona;CR;Casaletto Ceredano;19018;3
Lombardia;Cremona;CR;Casaletto di Sopra;19019;3
Lombardia;Cremona;CR;Casaletto Vaprio;19020;3
Lombardia;Cremona;CR;Casalmaggiore;19021;3
Lombardia;Cremona;CR;Casalmorano;19022;3
Lombardia;Cremona;CR;Casteldidone;19023;3
Lombardia;Cremona;CR;Castel Gabbiano;19024;3
Lombardia;Cremona;CR;Castelleone;19025;3
Lombardia;Cremona;CR;Castelverde;19026;3
Lombardia;Cremona;CR;Castelvisconti;19027;3
Lombardia;Cremona;CR;Cella Dati;19028;3
Lombardia;Cremona;CR;Chieve;19029;3
Lombardia;Cremona;CR;Cicognolo;19030;3
Lombardia;Cremona;CR;Cingia de' Botti;19031;3
Lombardia;Cremona;CR;Corte de' Cortesi con Cignone;19032;3
Lombardia;Cremona;CR;Corte de' Frati;19033;3
Lombardia;Cremona;CR;Credera Rubbiano;19034;3
Lombardia;Cremona;CR;Crema;19035;3
Lombardia;Cremona;CR;Cremona;19036;3
Lombardia;Cremona;CR;Cremosano;19037;3
Lombardia;Cremona;CR;Crotta d'Adda;19038;3
Lombardia;Cremona;CR;Cumignano sul Naviglio;19039;3
Lombardia;Cremona;CR;Derovere;19040;3
Lombardia;Cremona;CR;Dovera;19041;3
Lombardia;Cremona;CR;Fiesco;19043;3
Lombardia;Cremona;CR;Formigara;19044;3
Lombardia;Cremona;CR;Gabbioneta-Binanuova;19045;3
Lombardia;Cremona;CR;Gadesco-Pieve Delmona;19046;3
Lombardia;Cremona;CR;Genivolta;19047;3
Lombardia;Cremona;CR;Gerre de' Caprioli;19048;3
Lombardia;Cremona;CR;Gombito;19049;3
Lombardia;Cremona;CR;Grontardo;19050;3
Lombardia;Cremona;CR;Grumello Cremonese ed Uniti;19051;3
Lombardia;Cremona;CR;Gussola;19052;3
Lombardia;Cremona;CR;Isola Dovarese;19053;3
Lombardia;Cremona;CR;Izano;19054;3
Lombardia;Cremona;CR;Madignano;19055;3
Lombardia;Cremona;CR;Malagnino;19056;3
Lombardia;Cremona;CR;Martignana di Po;19057;3
Lombardia;Cremona;CR;Monte Cremasco;19058;3
Lombardia;Cremona;CR;Montodine;19059;3
Lombardia;Cremona;CR;Moscazzano;19060;3
Lombardia;Cremona;CR;Motta Baluffi;19061;3
Lombardia;Cremona;CR;Offanengo;19062;3
Lombardia;Cremona;CR;Olmeneta;19063;3
Lombardia;Cremona;CR;Ostiano;19064;3
Lombardia;Cremona;CR;Paderno Ponchielli;19065;3
Lombardia;Cremona;CR;Palazzo Pignano;19066;3
Lombardia;Cremona;CR;Pandino;19067;3
Lombardia;Cremona;CR;Persico Dosimo;19068;3
Lombardia;Cremona;CR;Pescarolo ed Uniti;19069;3
Lombardia;Cremona;CR;Pessina Cremonese;19070;3
Lombardia;Cremona;CR;Pianengo;19072;3
Lombardia;Cremona;CR;Pieranica;19073;3
Lombardia;Cremona;CR;Pieve d'Olmi;19074;3
Lombardia;Cremona;CR;Pieve San Giacomo;19075;3
Lombardia;Cremona;CR;Pizzighettone;19076;3
Lombardia;Cremona;CR;Pozzaglio ed Uniti;19077;3
Lombardia;Cremona;CR;Quintano;19078;3
Lombardia;Cremona;CR;Ricengo;19079;3
Lombardia;Cremona;CR;Ripalta Arpina;19080;3
Lombardia;Cremona;CR;Ripalta Cremasca;19081;3
Lombardia;Cremona;CR;Ripalta Guerina;19082;3
Lombardia;Cremona;CR;Rivarolo del Re ed Uniti;19083;3
Lombardia;Cremona;CR;Rivolta d'Adda;19084;3
Lombardia;Cremona;CR;Robecco d'Oglio;19085;3
Lombardia;Cremona;CR;Romanengo;19086;3
Lombardia;Cremona;CR;Salvirola;19087;3
Lombardia;Cremona;CR;San Bassano;19088;3
Lombardia;Cremona;CR;San Daniele Po;19089;3
Lombardia;Cremona;CR;San Giovanni in Croce;19090;3
Lombardia;Cremona;CR;San Martino del Lago;19091;3
Lombardia;Cremona;CR;Scandolara Ravara;19092;3
Lombardia;Cremona;CR;Scandolara Ripa d'Oglio;19093;3
Lombardia;Cremona;CR;Sergnano;19094;3
Lombardia;Cremona;CR;Sesto ed Uniti;19095;3
Lombardia;Cremona;CR;Solarolo Rainerio;19096;3
Lombardia;Cremona;CR;Soncino;19097;3
Lombardia;Cremona;CR;Soresina;19098;3
Lombardia;Cremona;CR;Sospiro;19099;3
Lombardia;Cremona;CR;Spinadesco;19100;3
Lombardia;Cremona;CR;Spineda;19101;3
Lombardia;Cremona;CR;Spino d'Adda;19102;3
Lombardia;Cremona;CR;Stagno Lombardo;19103;3
Lombardia;Cremona;CR;Ticengo;19104;3
Lombardia;Cremona;CR;Torlino Vimercati;19105;3
Lombardia;Cremona;CR;Tornata;19106;3
Lombardia;Cremona;CR;Torre de' Picenardi;19107;3
Lombardia;Cremona;CR;Torricella del Pizzo;19108;3
Lombardia;Cremona;CR;Trescore Cremasco;19109;3
Lombardia;Cremona;CR;Trigolo;19110;3
Lombardia;Cremona;CR;Vaiano Cremasco;19111;3
Lombardia;Cremona;CR;Vailate;19112;3
Lombardia;Cremona;CR;Vescovato;19113;3
Lombardia;Cremona;CR;Volongo;19114;3
Lombardia;Cremona;CR;Voltido;19115;3
Lombardia;Cremona;CR;Piadena Drizzona;19116;3
Lombardia;Mantova;MN;Acquanegra sul Chiese;20001;3
Lombardia;Mantova;MN;Asola;20002;3
Lombardia;Mantova;MN;Bagnolo San Vito;20003;3
Lombardia;Mantova;MN;Bozzolo;20007;3
Lombardia;Mantova;MN;Canneto sull'Oglio;20008;3
Lombardia;Mantova;MN;Casalmoro;20010;3
Lombardia;Mantova;MN;Casaloldo;20011;3
Lombardia;Mantova;MN;Casalromano;20012;3
Lombardia;Mantova;MN;Castelbelforte;20013;3
Lombardia;Mantova;MN;Castel d'Ario;20014;3
Lombardia;Mantova;MN;Castel Goffredo;20015;3
Lombardia;Mantova;MN;Castellucchio;20016;3
Lombardia;Mantova;MN;Castiglione delle Stiviere;20017;2
Lombardia;Mantova;MN;Cavriana;20018;2
Lombardia;Mantova;MN;Ceresara;20019;3
Lombardia;Mantova;MN;Commessaggio;20020;3
Lombardia;Mantova;MN;Curtatone;20021;3
Lombardia;Mantova;MN;Dosolo;20022;3
Lombardia;Mantova;MN;Gazoldo degli Ippoliti;20024;3
Lombardia;Mantova;MN;Gazzuolo;20025;3
Lombardia;Mantova;MN;Goito;20026;3
Lombardia;Mantova;MN;Gonzaga;20027;3
Lombardia;Mantova;MN;Guidizzolo;20028;3
Lombardia;Mantova;MN;Magnacavallo;20029;3
Lombardia;Mantova;MN;Mantova;20030;3
Lombardia;Mantova;MN;Marcaria;20031;3
Lombardia;Mantova;MN;Mariana Mantovana;20032;3
Lombardia;Mantova;MN;Marmirolo;20033;3
Lombardia;Mantova;MN;Medole;20034;3
Lombardia;Mantova;MN;Moglia;20035;3
Lombardia;Mantova;MN;Monzambano;20036;2
Lombardia;Mantova;MN;Motteggiana;20037;3
Lombardia;Mantova;MN;Ostiglia;20038;3
Lombardia;Mantova;MN;Pegognaga;20039;3
Lombardia;Mantova;MN;Piubega;20041;3
Lombardia;Mantova;MN;Poggio Rusco;20042;3
Lombardia;Mantova;MN;Pomponesco;20043;3
Lombardia;Mantova;MN;Ponti sul Mincio;20044;2
Lombardia;Mantova;MN;Porto Mantovano;20045;3
Lombardia;Mantova;MN;Quingentole;20046;3
Lombardia;Mantova;MN;Quistello;20047;3
Lombardia;Mantova;MN;Redondesco;20048;3
Lombardia;Mantova;MN;Rivarolo Mantovano;20050;3
Lombardia;Mantova;MN;Rodigo;20051;3
Lombardia;Mantova;MN;Roncoferraro;20052;3
Lombardia;Mantova;MN;Roverbella;20053;3
Lombardia;Mantova;MN;Sabbioneta;20054;3
Lombardia;Mantova;MN;San Benedetto Po;20055;3
Lombardia;Mantova;MN;San Giacomo delle Segnate;20056;3
Lombardia;Mantova;MN;San Giorgio Bigarello;20057;3
Lombardia;Mantova;MN;San Giovanni del Dosso;20058;3
Lombardia;Mantova;MN;San Martino dall'Argine;20059;3
Lombardia;Mantova;MN;Schivenoglia;20060;3
Lombardia;Mantova;MN;Sermide e Felonica;20061;3
Lombardia;Mantova;MN;Serravalle a Po;20062;3
Lombardia;Mantova;MN;Solferino;20063;2
Lombardia;Mantova;MN;Sustinente;20064;3
Lombardia;Mantova;MN;Suzzara;20065;3
Lombardia;Mantova;MN;Viadana;20066;3
Lombardia;Mantova;MN;Villimpenta;20068;3
Lombardia;Mantova;MN;Volta Mantovana;20070;3
Lombardia;Mantova;MN;Borgo Virgilio;20071;3
Lombardia;Mantova;MN;Borgo Mantovano;20072;3
Lombardia;Mantova;MN;Borgocarbonara;20073;3
Trentino-Alto Adige;Bolzano;BZ;Aldino/Aldein;21001;4
Trentino-Alto Adige;Bolzano;BZ;Andriano/Andrian;21002;4
Trentino-Alto Adige;Bolzano;BZ;Anterivo/Altrei;21003;4
Trentino-Alto Adige;Bolzano;BZ;Appiano sulla strada del vino/Eppan an der Weinstraße;21004;4
Trentino-Alto Adige;Bolzano;BZ;Avelengo/Hafling;21005;4
Trentino-Alto Adige;Bolzano;BZ;Badia/Abtei;21006;4
Trentino-Alto Adige;Bolzano;BZ;Barbiano/Barbian;21007;4
Trentino-Alto Adige;Bolzano;BZ;Bolzano/Bozen;21008;4
Trentino-Alto Adige;Bolzano;BZ;Braies/Prags;21009;4
Trentino-Alto Adige;Bolzano;BZ;Brennero/Brenner;21010;4
Trentino-Alto Adige;Bolzano;BZ;Bressanone/Brixen;21011;4
Trentino-Alto Adige;Bolzano;BZ;Bronzolo/Branzoll;21012;4
Trentino-Alto Adige;Bolzano;BZ;Brunico/Bruneck;21013;4
Trentino-Alto Adige;Bolzano;BZ;Caines/Kuens;21014;4
Trentino-Alto Adige;Bolzano;BZ;Caldaro sulla strada del vino/Kaltern an der Weinstraße;21015;4
Trentino-Alto Adige;Bolzano;BZ;Campo di Trens/Freienfeld;21016;4
Trentino-Alto Adige;Bolzano;BZ;Campo Tures/Sand in Taufers;21017;4
Trentino-Alto Adige;Bolzano;BZ;Castelbello-Ciardes/Kastelbell-Tschars;21018;4
Trentino-Alto Adige;Bolzano;BZ;Castelrotto/Kastelruth;21019;4
Trentino-Alto Adige;Bolzano;BZ;Cermes/Tscherms;21020;4
Trentino-Alto Adige;Bolzano;BZ;Chienes/Kiens;21021;4
Trentino-Alto Adige;Bolzano;BZ;Chiusa/Klausen;21022;4
Trentino-Alto Adige;Bolzano;BZ;Cornedo all'Isarco/Karneid;21023;4
Trentino-Alto Adige;Bolzano;BZ;Cortaccia sulla strada del vino/Kurtatsch an der Weinstraße;21024;4
Trentino-Alto Adige;Bolzano;BZ;Cortina sulla strada del vino/Kurtinig an der Weinstraße;21025;4
Trentino-Alto Adige;Bolzano;BZ;Corvara in Badia/Corvara;21026;4
Trentino-Alto Adige;Bolzano;BZ;Curon Venosta/Graun im Vinschgau;21027;4
Trentino-Alto Adige;Bolzano;BZ;Dobbiaco/Toblach;21028;4
Trentino-Alto Adige;Bolzano;BZ;Egna/Neumarkt;21029;4
Trentino-Alto Adige;Bolzano;BZ;Falzes/Pfalzen;21030;4
Trentino-Alto Adige;Bolzano;BZ;Fiè allo Sciliar/Völs am Schlern;21031;4
Trentino-Alto Adige;Bolzano;BZ;Fortezza/Franzensfeste;21032;4
Trentino-Alto Adige;Bolzano;BZ;Funes/Villnöß;21033;4
Trentino-Alto Adige;Bolzano;BZ;Gais/Gais;21034;4
Trentino-Alto Adige;Bolzano;BZ;Gargazzone/Gargazon;21035;4
Trentino-Alto Adige;Bolzano;BZ;Glorenza/Glurns;21036;4
Trentino-Alto Adige;Bolzano;BZ;Laces/Latsch;21037;4
Trentino-Alto Adige;Bolzano;BZ;Lagundo/Algund;21038;4
Trentino-Alto Adige;Bolzano;BZ;Laion/Lajen;21039;4
Trentino-Alto Adige;Bolzano;BZ;Laives/Leifers;21040;4
Trentino-Alto Adige;Bolzano;BZ;Lana/Lana;21041;4
Trentino-Alto Adige;Bolzano;BZ;Lasa/Laas;21042;4
Trentino-Alto Adige;Bolzano;BZ;Lauregno/Laurein;21043;4
Trentino-Alto Adige;Bolzano;BZ;Luson/Lüsen;21044;4
Trentino-Alto Adige;Bolzano;BZ;Magrè sulla strada del vino/Margreid an der Weinstraße;21045;4
Trentino-Alto Adige;Bolzano;BZ;Malles Venosta/Mals;21046;4
Trentino-Alto Adige;Bolzano;BZ;Marebbe/Enneberg;21047;4
Trentino-Alto Adige;Bolzano;BZ;Marlengo/Marling;21048;4
Trentino-Alto Adige;Bolzano;BZ;Martello/Martell;21049;4
Trentino-Alto Adige;Bolzano;BZ;Meltina/Mölten;21050;4
Trentino-Alto Adige;Bolzano;BZ;Merano/Meran;21051;4
Trentino-Alto Adige;Bolzano;BZ;Monguelfo-Tesido/Welsberg-Taisten;21052;4
Trentino-Alto Adige;Bolzano;BZ;Montagna sulla strada del vino/Montan an der Weinstraße;21053;4
Trentino-Alto Adige;Bolzano;BZ;Moso in Passiria/Moos in Passeier;21054;4
Trentino-Alto Adige;Bolzano;BZ;Nalles/Nals;21055;4
Trentino-Alto Adige;Bolzano;BZ;Naturno/Naturns;21056;4
Trentino-Alto Adige;Bolzano;BZ;Naz-Sciaves/Natz-Schabs;21057;4
Trentino-Alto Adige;Bolzano;BZ;Nova Levante/Welschnofen;21058;4
Trentino-Alto Adige;Bolzano;BZ;Nova Ponente/Deutschnofen;21059;4
Trentino-Alto Adige;Bolzano;BZ;Ora/Auer;21060;4
Trentino-Alto Adige;Bolzano;BZ;Ortisei/St. Ulrich;21061;4
Trentino-Alto Adige;Bolzano;BZ;Parcines/Partschins;21062;4
Trentino-Alto Adige;Bolzano;BZ;Perca/Percha;21063;4
Trentino-Alto Adige;Bolzano;BZ;Plaus/Plaus;21064;4
Trentino-Alto Adige;Bolzano;BZ;Ponte Gardena/Waidbruck;21065;4
Trentino-Alto Adige;Bolzano;BZ;Postal/Burgstall;21066;4
Trentino-Alto Adige;Bolzano;BZ;Prato allo Stelvio/Prad am Stilfserjoch;21067;4
Trentino-Alto Adige;Bolzano;BZ;Predoi/Prettau;21068;4
Trentino-Alto Adige;Bolzano;BZ;Proves/Proveis;21069;4
Trentino-Alto Adige;Bolzano;BZ;Racines/Ratschings;21070;4
Trentino-Alto Adige;Bolzano;BZ;Rasun-Anterselva/Rasen-Antholz;21071;4
Trentino-Alto Adige;Bolzano;BZ;Renon/Ritten;21072;4
Trentino-Alto Adige;Bolzano;BZ;Rifiano/Riffian;21073;4
Trentino-Alto Adige;Bolzano;BZ;Rio di Pusteria/Mühlbach;21074;4
Trentino-Alto Adige;Bolzano;BZ;Rodengo/Rodeneck;21075;4
Trentino-Alto Adige;Bolzano;BZ;Salorno sulla strada del vino/Salurn an der Weinstraße;21076;4
Trentino-Alto Adige;Bolzano;BZ;San Candido/Innichen;21077;4
Trentino-Alto Adige;Bolzano;BZ;San Genesio Atesino/Jenesien;21079;4
Trentino-Alto Adige;Bolzano;BZ;San Leonardo in Passiria/St. Leonhard in Passeier;21080;4
Trentino-Alto Adige;Bolzano;BZ;San Lorenzo di Sebato/St. Lorenzen;21081;4
Trentino-Alto Adige;Bolzano;BZ;San Martino in Badia/St. Martin in Thurn;21082;4
Trentino-Alto Adige;Bolzano;BZ;San Martino in Passiria/St. Martin in Passeier;21083;4
Trentino-Alto Adige;Bolzano;BZ;San Pancrazio/St. Pankraz;21084;4
Trentino-Alto Adige;Bolzano;BZ;Santa Cristina Valgardena/St. Christina in Gröden;21085;4
Trentino-Alto Adige;Bolzano;BZ;Sarentino/Sarntal;21086;4
Trentino-Alto Adige;Bolzano;BZ;Scena/Schenna;21087;4
Trentino-Alto Adige;Bolzano;BZ;Selva dei Molini/Mühlwald;21088;4
Trentino-Alto Adige;Bolzano;BZ;Selva di Val Gardena/Wolkenstein in Gröden;21089;4
Trentino-Alto Adige;Bolzano;BZ;Senales/Schnals;21091;4
Trentino-Alto Adige;Bolzano;BZ;Sesto/Sexten;21092;4
Trentino-Alto Adige;Bolzano;BZ;Silandro/Schlanders;21093;4
Trentino-Alto Adige;Bolzano;BZ;Sluderno/Schluderns;21094;4
Trentino-Alto Adige;Bolzano;BZ;Stelvio/Stilfs;21095;4
Trentino-Alto Adige;Bolzano;BZ;Terento/Terenten;21096;4
Trentino-Alto Adige;Bolzano;BZ;Terlano/Terlan;21097;4
Trentino-Alto Adige;Bolzano;BZ;Termeno sulla strada del vino/Tramin an der Weinstraße;21098;4
Trentino-Alto Adige;Bolzano;BZ;Tesimo/Tisens;21099;4
Trentino-Alto Adige;Bolzano;BZ;Tires/Tiers;21100;4
Trentino-Alto Adige;Bolzano;BZ;Tirolo/Tirol;21101;4
Trentino-Alto Adige;Bolzano;BZ;Trodena nel parco naturale/Truden im Naturpark;21102;4
Trentino-Alto Adige;Bolzano;BZ;Tubre/Taufers im Münstertal;21103;4
Trentino-Alto Adige;Bolzano;BZ;Ultimo/Ulten;21104;4
Trentino-Alto Adige;Bolzano;BZ;Vadena/Pfatten;21105;4
Trentino-Alto Adige;Bolzano;BZ;Valdaora/Olang;21106;4
Trentino-Alto Adige;Bolzano;BZ;Val di Vizze/Pfitsch;21107;4
Trentino-Alto Adige;Bolzano;BZ;Valle Aurina/Ahrntal;21108;4
Trentino-Alto Adige;Bolzano;BZ;Valle di Casies/Gsies;21109;4
Trentino-Alto Adige;Bolzano;BZ;Vandoies/Vintl;21110;4
Trentino-Alto Adige;Bolzano;BZ;Varna/Vahrn;21111;4
Trentino-Alto Adige;Bolzano;BZ;Verano/Vöran;21112;4
Trentino-Alto Adige;Bolzano;BZ;Villabassa/Niederdorf;21113;4
Trentino-Alto Adige;Bolzano;BZ;Villandro/Villanders;21114;4
Trentino-Alto Adige;Bolzano;BZ;Vipiteno/Sterzing;21115;4
Trentino-Alto Adige;Bolzano;BZ;Velturno/Feldthurns;21116;4
Trentino-Alto Adige;Bolzano;BZ;La Valle/Wengen;21117;4
Trentino-Alto Adige;Bolzano;BZ;Senale-San Felice/Unsere Liebe Frau im Walde-St. Felix;21118;4
Trentino-Alto Adige;Trento;TN;Ala;22001;2
Trentino-Alto Adige;Trento;TN;Albiano;22002;3
Trentino-Alto Adige;Trento;TN;Aldeno;22003;3
Trentino-Alto Adige;Trento;TN;Andalo;22005;3
Trentino-Alto Adige;Trento;TN;Arco;22006;3
Trentino-Alto Adige;Trento;TN;Avio;22007;2
Trentino-Alto Adige;Trento;TN;Baselga di Pinè;22009;3
Trentino-Alto Adige;Trento;TN;Bedollo;22011;3
Trentino-Alto Adige;Trento;TN;Besenello;22013;3
Trentino-Alto Adige;Trento;TN;Bieno;22015;3
Trentino-Alto Adige;Trento;TN;Bleggio Superiore;22017;3
Trentino-Alto Adige;Trento;TN;Bocenago;22018;3
Trentino-Alto Adige;Trento;TN;Bondone;22021;3
Trentino-Alto Adige;Trento;TN;Borgo Valsugana;22022;3
Trentino-Alto Adige;Trento;TN;Brentonico;22025;3
Trentino-Alto Adige;Trento;TN;Bresimo;22026;4
Trentino-Alto Adige;Trento;TN;Caderzone Terme;22029;3
Trentino-Alto Adige;Trento;TN;Calceranica al Lago;22032;3
Trentino-Alto Adige;Trento;TN;Caldes;22033;4
Trentino-Alto Adige;Trento;TN;Caldonazzo;22034;3
Trentino-Alto Adige;Trento;TN;Calliano;22035;3
Trentino-Alto Adige;Trento;TN;Campitello di Fassa;22036;3
Trentino-Alto Adige;Trento;TN;Campodenno;22037;3
Trentino-Alto Adige;Trento;TN;Canal San Bovo;22038;3
Trentino-Alto Adige;Trento;TN;Canazei;22039;3
Trentino-Alto Adige;Trento;TN;Capriana;22040;3
Trentino-Alto Adige;Trento;TN;Carisolo;22042;3
Trentino-Alto Adige;Trento;TN;Carzano;22043;3
Trentino-Alto Adige;Trento;TN;Castel Condino;22045;3
Trentino-Alto Adige;Trento;TN;Castello-Molina di Fiemme;22047;3
Trentino-Alto Adige;Trento;TN;Castello Tesino;22048;3
Trentino-Alto Adige;Trento;TN;Castelnuovo;22049;3
Trentino-Alto Adige;Trento;TN;Cavalese;22050;3
Trentino-Alto Adige;Trento;TN;Cavareno;22051;3
Trentino-Alto Adige;Trento;TN;Cavedago;22052;3
Trentino-Alto Adige;Trento;TN;Cavedine;22053;3
Trentino-Alto Adige;Trento;TN;Cavizzana;22054;4
Trentino-Alto Adige;Trento;TN;Cimone;22058;3
Trentino-Alto Adige;Trento;TN;Cinte Tesino;22059;3
Trentino-Alto Adige;Trento;TN;Cis;22060;4
Trentino-Alto Adige;Trento;TN;Civezzano;22061;3
Trentino-Alto Adige;Trento;TN;Cles;22062;4
Trentino-Alto Adige;Trento;TN;Commezzadura;22064;3
Trentino-Alto Adige;Trento;TN;Croviana;22068;4
Trentino-Alto Adige;Trento;TN;Dambel;22071;4
Trentino-Alto Adige;Trento;TN;Denno;22074;3
Trentino-Alto Adige;Trento;TN;Drena;22078;3
Trentino-Alto Adige;Trento;TN;Dro;22079;3
Trentino-Alto Adige;Trento;TN;Fai della Paganella;22081;3
Trentino-Alto Adige;Trento;TN;Fiavè;22083;3
Trentino-Alto Adige;Trento;TN;Fierozzo;22085;3
Trentino-Alto Adige;Trento;TN;Folgaria;22087;3
Trentino-Alto Adige;Trento;TN;Fornace;22089;3
Trentino-Alto Adige;Trento;TN;Frassilongo;22090;3
Trentino-Alto Adige;Trento;TN;Garniga Terme;22091;3
Trentino-Alto Adige;Trento;TN;Giovo;22092;3
Trentino-Alto Adige;Trento;TN;Giustino;22093;3
Trentino-Alto Adige;Trento;TN;Grigno;22095;3
Trentino-Alto Adige;Trento;TN;Imer;22097;3
Trentino-Alto Adige;Trento;TN;Isera;22098;3
Trentino-Alto Adige;Trento;TN;Lavarone;22102;3
Trentino-Alto Adige;Trento;TN;Lavis;22103;3
Trentino-Alto Adige;Trento;TN;Levico Terme;22104;3
Trentino-Alto Adige;Trento;TN;Livo;22106;4
Trentino-Alto Adige;Trento;TN;Lona-Lases;22108;3
Trentino-Alto Adige;Trento;TN;Luserna;22109;3
Trentino-Alto Adige;Trento;TN;Malé;22110;4
Trentino-Alto Adige;Trento;TN;Massimeno;22112;3
Trentino-Alto Adige;Trento;TN;Mazzin;22113;3
Trentino-Alto Adige;Trento;TN;Mezzana;22114;3
Trentino-Alto Adige;Trento;TN;Mezzano;22115;3
Trentino-Alto Adige;Trento;TN;Mezzocorona;22116;3
Trentino-Alto Adige;Trento;TN;Mezzolombardo;22117;3
Trentino-Alto Adige;Trento;TN;Moena;22118;3
Trentino-Alto Adige;Trento;TN;Molveno;22120;3
Trentino-Alto Adige;Trento;TN;Mori;22123;3
Trentino-Alto Adige;Trento;TN;Nago-Torbole;22124;3
Trentino-Alto Adige;Trento;TN;Nogaredo;22127;3
Trentino-Alto Adige;Trento;TN;Nomi;22128;3
Trentino-Alto Adige;Trento;TN;Novaledo;22129;3
Trentino-Alto Adige;Trento;TN;Ospedaletto;22130;3
Trentino-Alto Adige;Trento;TN;Ossana;22131;3
Trentino-Alto Adige;Trento;TN;Palù del Fersina;22133;3
Trentino-Alto Adige;Trento;TN;Panchià;22134;3
Trentino-Alto Adige;Trento;TN;Ronzo-Chienis;22135;3
Trentino-Alto Adige;Trento;TN;Peio;22136;3
Trentino-Alto Adige;Trento;TN;Pellizzano;22137;3
Trentino-Alto Adige;Trento;TN;Pelugo;22138;3
Trentino-Alto Adige;Trento;TN;Pergine Valsugana;22139;3
Trentino-Alto Adige;Trento;TN;Pieve Tesino;22142;3
Trentino-Alto Adige;Trento;TN;Pinzolo;22143;3
Trentino-Alto Adige;Trento;TN;Pomarolo;22144;3
Trentino-Alto Adige;Trento;TN;Predazzo;22147;3
Trentino-Alto Adige;Trento;TN;Rabbi;22150;3
Trentino-Alto Adige;Trento;TN;Riva del Garda;22153;3
Trentino-Alto Adige;Trento;TN;Romeno;22155;3
Trentino-Alto Adige;Trento;TN;Roncegno Terme;22156;3
Trentino-Alto Adige;Trento;TN;Ronchi Valsugana;22157;3
Trentino-Alto Adige;Trento;TN;Ronzone;22159;4
Trentino-Alto Adige;Trento;TN;Roverè della Luna;22160;3
Trentino-Alto Adige;Trento;TN;Rovereto;22161;3
Trentino-Alto Adige;Trento;TN;Ruffrè-Mendola;22162;3
Trentino-Alto Adige;Trento;TN;Rumo;22163;4
Trentino-Alto Adige;Trento;TN;Sagron Mis;22164;2
Trentino-Alto Adige;Trento;TN;Samone;22165;3
Trentino-Alto Adige;Trento;TN;San Michele all'Adige;22167;3
Trentino-Alto Adige;Trento;TN;Sant'Orsola Terme;22168;3
Trentino-Alto Adige;Trento;TN;Sanzeno;22169;3
Trentino-Alto Adige;Trento;TN;Sarnonico;22170;4
Trentino-Alto Adige;Trento;TN;Scurelle;22171;3
Trentino-Alto Adige;Trento;TN;Segonzano;22172;3
Trentino-Alto Adige;Trento;TN;Sfruz;22173;3
Trentino-Alto Adige;Trento;TN;Soraga di Fassa;22176;3
Trentino-Alto Adige;Trento;TN;Sover;22177;3
Trentino-Alto Adige;Trento;TN;Spiazzo;22179;3
Trentino-Alto Adige;Trento;TN;Spormaggiore;22180;3
Trentino-Alto Adige;Trento;TN;Sporminore;22181;3
Trentino-Alto Adige;Trento;TN;Stenico;22182;3
Trentino-Alto Adige;Trento;TN;Storo;22183;3
Trentino-Alto Adige;Trento;TN;Strembo;22184;3
Trentino-Alto Adige;Trento;TN;Telve;22188;3
Trentino-Alto Adige;Trento;TN;Telve di Sopra;22189;3
Trentino-Alto Adige;Trento;TN;Tenna;22190;3
Trentino-Alto Adige;Trento;TN;Tenno;22191;3
Trentino-Alto Adige;Trento;TN;Terragnolo;22193;3
Trentino-Alto Adige;Trento;TN;Terzolas;22195;4
Trentino-Alto Adige;Trento;TN;Tesero;22196;3
Trentino-Alto Adige;Trento;TN;Tione di Trento;22199;3
Trentino-Alto Adige;Trento;TN;Ton;22200;3
Trentino-Alto Adige;Trento;TN;Torcegno;22202;3
Trentino-Alto Adige;Trento;TN;Trambileno;22203;3
Trentino-Alto Adige;Trento;TN;Trento;22205;3
Trentino-Alto Adige;Trento;TN;Valfloriana;22209;3
Trentino-Alto Adige;Trento;TN;Vallarsa;22210;2
Trentino-Alto Adige;Trento;TN;Vermiglio;22213;3
Trentino-Alto Adige;Trento;TN;Vignola-Falesina;22216;3
Trentino-Alto Adige;Trento;TN;Villa Lagarina;22222;3
Trentino-Alto Adige;Trento;TN;Volano;22224;3
Trentino-Alto Adige;Trento;TN;Ziano di Fiemme;22226;3
Trentino-Alto Adige;Trento;TN;Comano Terme;22228;3
Trentino-Alto Adige;Trento;TN;Ledro;22229;3
Trentino-Alto Adige;Trento;TN;Predaia;22230;3
Trentino-Alto Adige;Trento;TN;San Lorenzo Dorsino;22231;3
Trentino-Alto Adige;Trento;TN;Valdaone;22232;3
Trentino-Alto Adige;Trento;TN;Dimaro Folgarida;22233;3
Trentino-Alto Adige;Trento;TN;Pieve di Bono-Prezzo;22234;3
Trentino-Alto Adige;Trento;TN;Altavalle;22235;3
Trentino-Alto Adige;Trento;TN;Altopiano della Vigolana;22236;3
Trentino-Alto Adige;Trento;TN;Amblar-Don;22237;3
Trentino-Alto Adige;Trento;TN;Borgo Chiese;22238;3
Trentino-Alto Adige;Trento;TN;Borgo Lares;22239;3
Trentino-Alto Adige;Trento;TN;Castel Ivano;22240;3
Trentino-Alto Adige;Trento;TN;Cembra Lisignago;22241;3
Trentino-Alto Adige;Trento;TN;Contà;22242;3
Trentino-Alto Adige;Trento;TN;Madruzzo;22243;3
Trentino-Alto Adige;Trento;TN;Porte di Rendena;22244;3
Trentino-Alto Adige;Trento;TN;Primiero San Martino di Castrozza;22245;3
Trentino-Alto Adige;Trento;TN;Sella Giudicarie;22246;3
Trentino-Alto Adige;Trento;TN;Tre Ville;22247;3
Trentino-Alto Adige;Trento;TN;Vallelaghi;22248;3
Trentino-Alto Adige;Trento;TN;Ville d'Anaunia;22249;3
Trentino-Alto Adige;Trento;TN;San Giovanni di Fassa-Sèn Jan;22250;3
Trentino-Alto Adige;Trento;TN;Terre d'Adige;22251;3
Trentino-Alto Adige;Trento;TN;Borgo d'Anaunia;22252;4
Trentino-Alto Adige;Trento;TN;Novella;22253;4
Trentino-Alto Adige;Trento;TN;Ville di Fiemme;22254;3
Veneto;Verona;VR;Affi;23001;2
Veneto;Verona;VR;Albaredo d'Adige;23002;3
Veneto;Verona;VR;Angiari;23003;3
Veneto;Verona;VR;Arcole;23004;3
Veneto;Verona;VR;Badia Calavena;23005;2
Veneto;Verona;VR;Bardolino;23006;2
Veneto;Verona;VR;Belfiore;23007;3
Veneto;Verona;VR;Bevilacqua;23008;3
Veneto;Verona;VR;Bonavigo;23009;3
Veneto;Verona;VR;Boschi Sant'Anna;23010;3
Veneto;Verona;VR;Bosco Chiesanuova;23011;2
Veneto;Verona;VR;Bovolone;23012;3
Veneto;Verona;VR;Brentino Belluno;23013;2
Veneto;Verona;VR;Brenzone sul Garda;23014;2
Veneto;Verona;VR;Bussolengo;23015;2
Veneto;Verona;VR;Buttapietra;23016;3
Veneto;Verona;VR;Caldiero;23017;2
Veneto;Verona;VR;Caprino Veronese;23018;2
Veneto;Verona;VR;Casaleone;23019;3
Veneto;Verona;VR;Castagnaro;23020;3
Veneto;Verona;VR;Castel d'Azzano;23021;3
Veneto;Verona;VR;Castelnuovo del Garda;23022;2
Veneto;Verona;VR;Cavaion Veronese;23023;2
Veneto;Verona;VR;Cazzano di Tramigna;23024;2
Veneto;Verona;VR;Cerea;23025;3
Veneto;Verona;VR;Cerro Veronese;23026;2
Veneto;Verona;VR;Cologna Veneta;23027;3
Veneto;Verona;VR;Colognola ai Colli;23028;2
Veneto;Verona;VR;Concamarise;23029;3
Veneto;Verona;VR;Costermano sul Garda;23030;2
Veneto;Verona;VR;Dolcè;23031;2
Veneto;Verona;VR;Erbè;23032;3
Veneto;Verona;VR;Erbezzo;23033;2
Veneto;Verona;VR;Ferrara di Monte Baldo;23034;2
Veneto;Verona;VR;Fumane;23035;2
Veneto;Verona;VR;Garda;23036;2
Veneto;Verona;VR;Gazzo Veronese;23037;3
Veneto;Verona;VR;Grezzana;23038;2
Veneto;Verona;VR;Illasi;23039;2
Veneto;Verona;VR;Isola della Scala;23040;3
Veneto;Verona;VR;Isola Rizza;23041;3
Veneto;Verona;VR;Lavagno;23042;2
Veneto;Verona;VR;Lazise;23043;2
Veneto;Verona;VR;Legnago;23044;3
Veneto;Verona;VR;Malcesine;23045;2
Veneto;Verona;VR;Marano di Valpolicella;23046;2
Veneto;Verona;VR;Mezzane di Sotto;23047;2
Veneto;Verona;VR;Minerbe;23048;3
Veneto;Verona;VR;Montecchia di Crosara;23049;2
Veneto;Verona;VR;Monteforte d'Alpone;23050;2
Veneto;Verona;VR;Mozzecane;23051;3
Veneto;Verona;VR;Negrar di Valpolicella;23052;2
Veneto;Verona;VR;Nogara;23053;3
Veneto;Verona;VR;Nogarole Rocca;23054;3
Veneto;Verona;VR;Oppeano;23055;3
Veneto;Verona;VR;Palù;23056;3
Veneto;Verona;VR;Pastrengo;23057;2
Veneto;Verona;VR;Pescantina;23058;2
Veneto;Verona;VR;Peschiera del Garda;23059;2
Veneto;Verona;VR;Povegliano Veronese;23060;3
Veneto;Verona;VR;Pressana;23061;3
Veneto;Verona;VR;Rivoli Veronese;23062;2
Veneto;Verona;VR;Roncà;23063;2
Veneto;Verona;VR;Ronco all'Adige;23064;3
Veneto;Verona;VR;Roverchiara;23065;3
Veneto;Verona;VR;Roveredo di Guà;23066;3
Veneto;Verona;VR;Roverè Veronese;23067;2
Veneto;Verona;VR;Salizzole;23068;3
Veneto;Verona;VR;San Bonifacio;23069;3
Veneto;Verona;VR;San Giovanni Ilarione;23070;2
Veneto;Verona;VR;San Giovanni Lupatoto;23071;2
Veneto;Verona;VR;Sanguinetto;23072;3
Veneto;Verona;VR;San Martino Buon Albergo;23073;2
Veneto;Verona;VR;San Mauro di Saline;23074;2
Veneto;Verona;VR;San Pietro di Morubio;23075;3
Veneto;Verona;VR;San Pietro in Cariano;23076;2
Veneto;Verona;VR;Sant'Ambrogio di Valpolicella;23077;2
Veneto;Verona;VR;Sant'Anna d'Alfaedo;23078;2
Veneto;Verona;VR;San Zeno di Montagna;23079;2
Veneto;Verona;VR;Selva di Progno;23080;2
Veneto;Verona;VR;Soave;23081;2
Veneto;Verona;VR;Sommacampagna;23082;2
Veneto;Verona;VR;Sona;23083;2
Veneto;Verona;VR;Sorgà;23084;3
Veneto;Verona;VR;Terrazzo;23085;3
Veneto;Verona;VR;Torri del Benaco;23086;2
Veneto;Verona;VR;Tregnago;23087;2
Veneto;Verona;VR;Trevenzuolo;23088;3
Veneto;Verona;VR;Valeggio sul Mincio;23089;2
Veneto;Verona;VR;Velo Veronese;23090;2
Veneto;Verona;VR;Verona;23091;2
Veneto;Verona;VR;Veronella;23092;3
Veneto;Verona;VR;Vestenanova;23093;2
Veneto;Verona;VR;Vigasio;23094;3
Veneto;Verona;VR;Villa Bartolomea;23095;3
Veneto;Verona;VR;Villafranca di Verona;23096;2
Veneto;Verona;VR;Zevio;23097;3
Veneto;Verona;VR;Zimella;23098;3
Veneto;Vicenza;VI;Agugliaro;24001;3
Veneto;Vicenza;VI;Albettone;24002;3
Veneto;Vicenza;VI;Alonte;24003;3
Veneto;Vicenza;VI;Altavilla Vicentina;24004;3
Veneto;Vicenza;VI;Altissimo;24005;2
Veneto;Vicenza;VI;Arcugnano;24006;3
Veneto;Vicenza;VI;Arsiero;24007;3
Veneto;Vicenza;VI;Arzignano;24008;2
Veneto;Vicenza;VI;Asiago;24009;2
Veneto;Vicenza;VI;Asigliano Veneto;24010;3
Veneto;Vicenza;VI;Bassano del Grappa;24012;2
Veneto;Vicenza;VI;Bolzano Vicentino;24013;2
Veneto;Vicenza;VI;Breganze;24014;2
Veneto;Vicenza;VI;Brendola;24015;3
Veneto;Vicenza;VI;Bressanvido;24016;2
Veneto;Vicenza;VI;Brogliano;24017;2
Veneto;Vicenza;VI;Caldogno;24018;2
Veneto;Vicenza;VI;Caltrano;24019;2
Veneto;Vicenza;VI;Calvene;24020;2
Veneto;Vicenza;VI;Camisano Vicentino;24021;3
Veneto;Vicenza;VI;Campiglia dei Berici;24022;3
Veneto;Vicenza;VI;Carrè;24024;2
Veneto;Vicenza;VI;Cartigliano;24025;2
Veneto;Vicenza;VI;Cassola;24026;2
Veneto;Vicenza;VI;Castegnero;24027;3
Veneto;Vicenza;VI;Castelgomberto;24028;2
Veneto;Vicenza;VI;Chiampo;24029;2
Veneto;Vicenza;VI;Chiuppano;24030;2
Veneto;Vicenza;VI;Cogollo del Cengio;24032;2
Veneto;Vicenza;VI;Cornedo Vicentino;24034;2
Veneto;Vicenza;VI;Costabissara;24035;2
Veneto;Vicenza;VI;Creazzo;24036;2
Veneto;Vicenza;VI;Crespadoro;24037;2
Veneto;Vicenza;VI;Dueville;24038;2
Veneto;Vicenza;VI;Enego;24039;2
Veneto;Vicenza;VI;Fara Vicentino;24040;2
Veneto;Vicenza;VI;Foza;24041;2
Veneto;Vicenza;VI;Gallio;24042;2
Veneto;Vicenza;VI;Gambellara;24043;2
Veneto;Vicenza;VI;Grisignano di Zocco;24046;3
Veneto;Vicenza;VI;Grumolo delle Abbadesse;24047;3
Veneto;Vicenza;VI;Isola Vicentina;24048;2
Veneto;Vicenza;VI;Laghi;24049;3
Veneto;Vicenza;VI;Lastebasse;24050;3
Veneto;Vicenza;VI;Longare;24051;3
Veneto;Vicenza;VI;Lonigo;24052;3
Veneto;Vicenza;VI;Lugo di Vicenza;24053;2
Veneto;Vicenza;VI;Malo;24055;2
Veneto;Vicenza;VI;Marano Vicentino;24056;2
Veneto;Vicenza;VI;Marostica;24057;2
Veneto;Vicenza;VI;Montebello Vicentino;24060;2
Veneto;Vicenza;VI;Montecchio Maggiore;24061;2
Veneto;Vicenza;VI;Montecchio Precalcino;24062;2
Veneto;Vicenza;VI;Monte di Malo;24063;2
Veneto;Vicenza;VI;Montegalda;24064;3
Veneto;Vicenza;VI;Montegaldella;24065;3
Veneto;Vicenza;VI;Monteviale;24066;2
Veneto;Vicenza;VI;Monticello Conte Otto;24067;2
Veneto;Vicenza;VI;Montorso Vicentino;24068;2
Veneto;Vicenza;VI;Mussolente;24070;2
Veneto;Vicenza;VI;Nanto;24071;3
Veneto;Vicenza;VI;Nogarole Vicentino;24072;2
Veneto;Vicenza;VI;Nove;24073;2
Veneto;Vicenza;VI;Noventa Vicentina;24074;3
Veneto;Vicenza;VI;Orgiano;24075;3
Veneto;Vicenza;VI;Pedemonte;24076;3
Veneto;Vicenza;VI;Pianezze;24077;2
Veneto;Vicenza;VI;Piovene Rocchette;24078;2
Veneto;Vicenza;VI;Pojana Maggiore;24079;3
Veneto;Vicenza;VI;Posina;24080;2
Veneto;Vicenza;VI;Pove del Grappa;24081;2
Veneto;Vicenza;VI;Pozzoleone;24082;2
Veneto;Vicenza;VI;Quinto Vicentino;24083;2
Veneto;Vicenza;VI;Recoaro Terme;24084;2
Veneto;Vicenza;VI;Roana;24085;2
Veneto;Vicenza;VI;Romano d'Ezzelino;24086;2
Veneto;Vicenza;VI;Rosà;24087;2
Veneto;Vicenza;VI;Rossano Veneto;24088;2
Veneto;Vicenza;VI;Rotzo;24089;3
Veneto;Vicenza;VI;Salcedo;24090;2
Veneto;Vicenza;VI;Sandrigo;24091;2
Veneto;Vicenza;VI;San Pietro Mussolino;24094;2
Veneto;Vicenza;VI;Santorso;24095;2
Veneto;Vicenza;VI;San Vito di Leguzzano;24096;2
Veneto;Vicenza;VI;Sarcedo;24097;2
Veneto;Vicenza;VI;Sarego;24098;3
Veneto;Vicenza;VI;Schiavon;24099;2
Veneto;Vicenza;VI;Schio;24100;2
Veneto;Vicenza;VI;Solagna;24101;2
Veneto;Vicenza;VI;Sossano;24102;3
Veneto;Vicenza;VI;Tezze sul Brenta;24104;2
Veneto;Vicenza;VI;Thiene;24105;2
Veneto;Vicenza;VI;Tonezza del Cimone;24106;3
Veneto;Vicenza;VI;Torrebelvicino;24107;2
Veneto;Vicenza;VI;Torri di Quartesolo;24108;3
Veneto;Vicenza;VI;Trissino;24110;2
Veneto;Vicenza;VI;Valdagno;24111;2
Veneto;Vicenza;VI;Valdastico;24112;3
Veneto;Vicenza;VI;Valli del Pasubio;24113;2
Veneto;Vicenza;VI;Velo d'Astico;24115;2
Veneto;Vicenza;VI;Vicenza;24116;2
Veneto;Vicenza;VI;Villaga;24117;3
Veneto;Vicenza;VI;Villaverla;24118;2
Veneto;Vicenza;VI;Zanè;24119;2
Veneto;Vicenza;VI;Zermeghedo;24120;2
Veneto;Vicenza;VI;Zovencedo;24121;3
Veneto;Vicenza;VI;Zugliano;24122;2
Veneto;Vicenza;VI;Val Liona;24123;3
Veneto;Vicenza;VI;Barbarano Mossano;24124;3
Veneto;Vicenza;VI;Valbrenta;24125;2
Veneto;Vicenza;VI;Colceresa;24126;2
Veneto;Vicenza;VI;Lusiana Conco;24127;2
Veneto;Vicenza;VI;Sovizzo;24128;2
Veneto;Belluno;BL;Agordo;25001;3
Veneto;Belluno;BL;Alleghe;25003;3
Veneto;Belluno;BL;Arsiè;25004;2
Veneto;Belluno;BL;Auronzo di Cadore;25005;3
Veneto;Belluno;BL;Belluno;25006;1
Veneto;Belluno;BL;Borca di Cadore;25007;3
Veneto;Belluno;BL;Calalzo di Cadore;25008;3
Veneto;Belluno;BL;Cencenighe Agordino;25010;3
Veneto;Belluno;BL;Cesiomaggiore;25011;2
Veneto;Belluno;BL;Chies d'Alpago;25012;1
Veneto;Belluno;BL;Cibiana di Cadore;25013;2
Veneto;Belluno;BL;Colle Santa Lucia;25014;3
Veneto;Belluno;BL;Comelico Superiore;25015;3
Veneto;Belluno;BL;Cortina d'Ampezzo;25016;3
Veneto;Belluno;BL;Danta di Cadore;25017;3
Veneto;Belluno;BL;Domegge di Cadore;25018;2
Veneto;Belluno;BL;Falcade;25019;3
Veneto;Belluno;BL;Feltre;25021;2
Veneto;Belluno;BL;Fonzaso;25022;2
Veneto;Belluno;BL;Canale d'Agordo;25023;3
Veneto;Belluno;BL;Gosaldo;25025;2
Veneto;Belluno;BL;Lamon;25026;2
Veneto;Belluno;BL;La Valle Agordina;25027;2
Veneto;Belluno;BL;Limana;25029;1
Veneto;Belluno;BL;Livinallongo del Col di Lana;25030;3
Veneto;Belluno;BL;Lorenzago di Cadore;25032;2
Veneto;Belluno;BL;Lozzo di Cadore;25033;3
Veneto;Belluno;BL;Ospitale di Cadore;25035;2
Veneto;Belluno;BL;Pedavena;25036;2
Veneto;Belluno;BL;Perarolo di Cadore;25037;2
Veneto;Belluno;BL;Pieve di Cadore;25039;2
Veneto;Belluno;BL;Ponte nelle Alpi;25040;1
Veneto;Belluno;BL;Rivamonte Agordino;25043;2
Veneto;Belluno;BL;Rocca Pietore;25044;3
Veneto;Belluno;BL;San Gregorio nelle Alpi;25045;2
Veneto;Belluno;BL;San Nicolò di Comelico;25046;3
Veneto;Belluno;BL;San Pietro di Cadore;25047;3
Veneto;Belluno;BL;Santa Giustina;25048;2
Veneto;Belluno;BL;San Tomaso Agordino;25049;3
Veneto;Belluno;BL;Santo Stefano di Cadore;25050;3
Veneto;Belluno;BL;San Vito di Cadore;25051;3
Veneto;Belluno;BL;Sedico;25053;2
Veneto;Belluno;BL;Selva di Cadore;25054;3
Veneto;Belluno;BL;Seren del Grappa;25055;2
Veneto;Belluno;BL;Sospirolo;25056;2
Veneto;Belluno;BL;Soverzene;25057;2
Veneto;Belluno;BL;Sovramonte;25058;2
Veneto;Belluno;BL;Taibon Agordino;25059;3
Veneto;Belluno;BL;Tambre;25060;1
Veneto;Belluno;BL;Vallada Agordina;25062;3
Veneto;Belluno;BL;Valle di Cadore;25063;2
Veneto;Belluno;BL;Vigo di Cadore;25065;2
Veneto;Belluno;BL;Vodo Cadore;25066;3
Veneto;Belluno;BL;Voltago Agordino;25067;3
Veneto;Belluno;BL;Zoppè di Cadore;25069;3
Veneto;Belluno;BL;Longarone;25071;2
Veneto;Belluno;BL;Alpago;25072;1
Veneto;Belluno;BL;Val di Zoldo;25073;2
Veneto;Belluno;BL;Borgo Valbelluna;25074;1
Veneto;Belluno;BL;Setteville;25075;2
Veneto;Treviso;TV;Altivole;26001;2
Veneto;Treviso;TV;Arcade;26002;2
Veneto;Treviso;TV;Asolo;26003;2
Veneto;Treviso;TV;Borso del Grappa;26004;2
Veneto;Treviso;TV;Breda di Piave;26005;2
Veneto;Treviso;TV;Caerano di San Marco;26006;2
Veneto;Treviso;TV;Cappella Maggiore;26007;2
Veneto;Treviso;TV;Carbonera;26008;2
Veneto;Treviso;TV;Casale sul Sile;26009;3
Veneto;Treviso;TV;Casier;26010;3
Veneto;Treviso;TV;Castelcucco;26011;2
Veneto;Treviso;TV;Castelfranco Veneto;26012;2
Veneto;Treviso;TV;Castello di Godego;26013;2
Veneto;Treviso;TV;Cavaso del Tomba;26014;2
Veneto;Treviso;TV;Cessalto;26015;3
Veneto;Treviso;TV;Chiarano;26016;3
Veneto;Treviso;TV;Cimadolmo;26017;2
Veneto;Treviso;TV;Cison di Valmarino;26018;2
Veneto;Treviso;TV;Codognè;26019;2
Veneto;Treviso;TV;Colle Umberto;26020;2
Veneto;Treviso;TV;Conegliano;26021;2
Veneto;Treviso;TV;Cordignano;26022;2
Veneto;Treviso;TV;Cornuda;26023;2
Veneto;Treviso;TV;Crocetta del Montello;26025;2
Veneto;Treviso;TV;Farra di Soligo;26026;2
Veneto;Treviso;TV;Follina;26027;2
Veneto;Treviso;TV;Fontanelle;26028;2
Veneto;Treviso;TV;Fonte;26029;2
Veneto;Treviso;TV;Fregona;26030;1
Veneto;Treviso;TV;Gaiarine;26031;2
Veneto;Treviso;TV;Giavera del Montello;26032;2
Veneto;Treviso;TV;Godega di Sant'Urbano;26033;2
Veneto;Treviso;TV;Gorgo al Monticano;26034;3
Veneto;Treviso;TV;Istrana;26035;2
Veneto;Treviso;TV;Loria;26036;2
Veneto;Treviso;TV;Mansuè;26037;2
Veneto;Treviso;TV;Mareno di Piave;26038;2
Veneto;Treviso;TV;Maser;26039;2
Veneto;Treviso;TV;Maserada sul Piave;26040;2
Veneto;Treviso;TV;Meduna di Livenza;26041;3
Veneto;Treviso;TV;Miane;26042;2
Veneto;Treviso;TV;Mogliano Veneto;26043;3
Veneto;Treviso;TV;Monastier di Treviso;26044;3
Veneto;Treviso;TV;Monfumo;26045;2
Veneto;Treviso;TV;Montebelluna;26046;2
Veneto;Treviso;TV;Morgano;26047;2
Veneto;Treviso;TV;Moriago della Battaglia;26048;2
Veneto;Treviso;TV;Motta di Livenza;26049;3
Veneto;Treviso;TV;Nervesa della Battaglia;26050;2
Veneto;Treviso;TV;Oderzo;26051;2
Veneto;Treviso;TV;Ormelle;26052;2
Veneto;Treviso;TV;Orsago;26053;2
Veneto;Treviso;TV;Paese;26055;2
Veneto;Treviso;TV;Pederobba;26056;2
Veneto;Treviso;TV;Pieve di Soligo;26057;2
Veneto;Treviso;TV;Ponte di Piave;26058;3
Veneto;Treviso;TV;Ponzano Veneto;26059;2
Veneto;Treviso;TV;Portobuffolè;26060;2
Veneto;Treviso;TV;Possagno;26061;2
Veneto;Treviso;TV;Povegliano;26062;2
Veneto;Treviso;TV;Preganziol;26063;3
Veneto;Treviso;TV;Quinto di Treviso;26064;3
Veneto;Treviso;TV;Refrontolo;26065;2
Veneto;Treviso;TV;Resana;26066;2
Veneto;Treviso;TV;Revine Lago;26067;1
Veneto;Treviso;TV;Riese Pio X;26068;2
Veneto;Treviso;TV;Roncade;26069;3
Veneto;Treviso;TV;Salgareda;26070;3
Veneto;Treviso;TV;San Biagio di Callalta;26071;3
Veneto;Treviso;TV;San Fior;26072;2
Veneto;Treviso;TV;San Pietro di Feletto;26073;2
Veneto;Treviso;TV;San Polo di Piave;26074;2
Veneto;Treviso;TV;Santa Lucia di Piave;26075;2
Veneto;Treviso;TV;San Vendemiano;26076;2
Veneto;Treviso;TV;San Zenone degli Ezzelini;26077;2
Veneto;Treviso;TV;Sarmede;26078;2
Veneto;Treviso;TV;Segusino;26079;2
Veneto;Treviso;TV;Sernaglia della Battaglia;26080;2
Veneto;Treviso;TV;Silea;26081;3
Veneto;Treviso;TV;Spresiano;26082;2
Veneto;Treviso;TV;Susegana;26083;2
Veneto;Treviso;TV;Tarzo;26084;1
Veneto;Treviso;TV;Trevignano;26085;2
Veneto;Treviso;TV;Treviso;26086;2
Veneto;Treviso;TV;Valdobbiadene;26087;2
Veneto;Treviso;TV;Vazzola;26088;2
Veneto;Treviso;TV;Vedelago;26089;2
Veneto;Treviso;TV;Vidor;26090;2
Veneto;Treviso;TV;Villorba;26091;2
Veneto;Treviso;TV;Vittorio Veneto;26092;1
Veneto;Treviso;TV;Volpago del Montello;26093;2
Veneto;Treviso;TV;Zenson di Piave;26094;3
Veneto;Treviso;TV;Zero Branco;26095;3
Veneto;Treviso;TV;Pieve del Grappa;26096;2
Veneto;Venezia;VE;Annone Veneto;27001;3
Veneto;Venezia;VE;Campagna Lupia;27002;3
Veneto;Venezia;VE;Campolongo Maggiore;27003;3
Veneto;Venezia;VE;Camponogara;27004;3
Veneto;Venezia;VE;Caorle;27005;3
Veneto;Venezia;VE;Cavarzere;27006;3
Veneto;Venezia;VE;Ceggia;27007;3
Veneto;Venezia;VE;Chioggia;27008;3
Veneto;Venezia;VE;Cinto Caomaggiore;27009;3
Veneto;Venezia;VE;Cona;27010;3
Veneto;Venezia;VE;Concordia Sagittaria;27011;3
Veneto;Venezia;VE;Dolo;27012;3
Veneto;Venezia;VE;Eraclea;27013;3
Veneto;Venezia;VE;Fiesso d'Artico;27014;3
Veneto;Venezia;VE;Fossalta di Piave;27015;3
Veneto;Venezia;VE;Fossalta di Portogruaro;27016;3
Veneto;Venezia;VE;Fossò;27017;3
Veneto;Venezia;VE;Gruaro;27018;3
Veneto;Venezia;VE;Jesolo;27019;3
Veneto;Venezia;VE;Marcon;27020;3
Veneto;Venezia;VE;Martellago;27021;3
Veneto;Venezia;VE;Meolo;27022;3
Veneto;Venezia;VE;Mira;27023;3
Veneto;Venezia;VE;Mirano;27024;3
Veneto;Venezia;VE;Musile di Piave;27025;3
Veneto;Venezia;VE;Noale;27026;3
Veneto;Venezia;VE;Noventa di Piave;27027;3
Veneto;Venezia;VE;Pianiga;27028;3
Veneto;Venezia;VE;Portogruaro;27029;3
Veneto;Venezia;VE;Pramaggiore;27030;3
Veneto;Venezia;VE;Quarto d'Altino;27031;3
Veneto;Venezia;VE;Salzano;27032;3
Veneto;Venezia;VE;San Donà di Piave;27033;3
Veneto;Venezia;VE;San Michele al Tagliamento;27034;3
Veneto;Venezia;VE;Santa Maria di Sala;27035;3
Veneto;Venezia;VE;San Stino di Livenza;27036;3
Veneto;Venezia;VE;Scorzè;27037;3
Veneto;Venezia;VE;Spinea;27038;3
Veneto;Venezia;VE;Stra;27039;3
Veneto;Venezia;VE;Teglio Veneto;27040;3
Veneto;Venezia;VE;Torre di Mosto;27041;3
Veneto;Venezia;VE;Venezia;27042;3
Veneto;Venezia;VE;Vigonovo;27043;3
Veneto;Venezia;VE;Cavallino-Treporti;27044;3
Veneto;Padova;PD;Abano Terme;28001;3
Veneto;Padova;PD;Agna;28002;3
Veneto;Padova;PD;Albignasego;28003;3
Veneto;Padova;PD;Anguillara Veneta;28004;3
Veneto;Padova;PD;Arquà Petrarca;28005;3
Veneto;Padova;PD;Arre;28006;3
Veneto;Padova;PD;Arzergrande;28007;3
Veneto;Padova;PD;Bagnoli di Sopra;28008;3
Veneto;Padova;PD;Baone;28009;3
Veneto;Padova;PD;Barbona;28010;3
Veneto;Padova;PD;Battaglia Terme;28011;3
Veneto;Padova;PD;Boara Pisani;28012;3
Veneto;Padova;PD;Borgoricco;28013;3
Veneto;Padova;PD;Bovolenta;28014;3
Veneto;Padova;PD;Brugine;28015;3
Veneto;Padova;PD;Cadoneghe;28016;3
Veneto;Padova;PD;Campodarsego;28017;3
Veneto;Padova;PD;Campodoro;28018;3
Veneto;Padova;PD;Camposampiero;28019;3
Veneto;Padova;PD;Campo San Martino;28020;3
Veneto;Padova;PD;Candiana;28021;3
Veneto;Padova;PD;Carmignano di Brenta;28023;2
Veneto;Padova;PD;Cartura;28026;3
Veneto;Padova;PD;Casale di Scodosia;28027;3
Veneto;Padova;PD;Casalserugo;28028;3
Veneto;Padova;PD;Castelbaldo;28029;3
Veneto;Padova;PD;Cervarese Santa Croce;28030;3
Veneto;Padova;PD;Cinto Euganeo;28031;3
Veneto;Padova;PD;Cittadella;28032;2
Veneto;Padova;PD;Codevigo;28033;3
Veneto;Padova;PD;Conselve;28034;3
Veneto;Padova;PD;Correzzola;28035;3
Veneto;Padova;PD;Curtarolo;28036;3
Veneto;Padova;PD;Este;28037;3
Veneto;Padova;PD;Fontaniva;28038;2
Veneto;Padova;PD;Galliera Veneta;28039;2
Veneto;Padova;PD;Galzignano Terme;28040;3
Veneto;Padova;PD;Gazzo;28041;3
Veneto;Padova;PD;Grantorto;28042;2
Veneto;Padova;PD;Granze;28043;3
Veneto;Padova;PD;Legnaro;28044;3
Veneto;Padova;PD;Limena;28045;3
Veneto;Padova;PD;Loreggia;28046;2
Veneto;Padova;PD;Lozzo Atestino;28047;3
Veneto;Padova;PD;Maserà di Padova;28048;3
Veneto;Padova;PD;Masi;28049;3
Veneto;Padova;PD;Massanzago;28050;3
Veneto;Padova;PD;Megliadino San Vitale;28052;3
Veneto;Padova;PD;Merlara;28053;3
Veneto;Padova;PD;Mestrino;28054;3
Veneto;Padova;PD;Monselice;28055;3
Veneto;Padova;PD;Montagnana;28056;3
Veneto;Padova;PD;Montegrotto Terme;28057;3
Veneto;Padova;PD;Noventa Padovana;28058;3
Veneto;Padova;PD;Ospedaletto Euganeo;28059;3
Veneto;Padova;PD;Padova;28060;3
Veneto;Padova;PD;Pernumia;28061;3
Veneto;Padova;PD;Piacenza d'Adige;28062;3
Veneto;Padova;PD;Piazzola sul Brenta;28063;3
Veneto;Padova;PD;Piombino Dese;28064;2
Veneto;Padova;PD;Piove di Sacco;28065;3
Veneto;Padova;PD;Polverara;28066;3
Veneto;Padova;PD;Ponso;28067;3
Veneto;Padova;PD;Pontelongo;28068;3
Veneto;Padova;PD;Ponte San Nicolò;28069;3
Veneto;Padova;PD;Pozzonovo;28070;3
Veneto;Padova;PD;Rovolon;28071;3
Veneto;Padova;PD;Rubano;28072;3
Veneto;Padova;PD;Saccolongo;28073;3
Veneto;Padova;PD;San Giorgio delle Pertiche;28075;3
Veneto;Padova;PD;San Giorgio in Bosco;28076;2
Veneto;Padova;PD;San Martino di Lupari;28077;2
Veneto;Padova;PD;San Pietro in Gu;28078;2
Veneto;Padova;PD;San Pietro Viminario;28079;3
Veneto;Padova;PD;Santa Giustina in Colle;28080;3
Veneto;Padova;PD;Sant'Angelo di Piove di Sacco;28082;3
Veneto;Padova;PD;Sant'Elena;28083;3
Veneto;Padova;PD;Sant'Urbano;28084;3
Veneto;Padova;PD;Saonara;28085;3
Veneto;Padova;PD;Selvazzano Dentro;28086;3
Veneto;Padova;PD;Solesino;28087;3
Veneto;Padova;PD;Stanghella;28088;3
Veneto;Padova;PD;Teolo;28089;3
Veneto;Padova;PD;Terrassa Padovana;28090;3
Veneto;Padova;PD;Tombolo;28091;2
Veneto;Padova;PD;Torreglia;28092;3
Veneto;Padova;PD;Trebaseleghe;28093;3
Veneto;Padova;PD;Tribano;28094;3
Veneto;Padova;PD;Urbana;28095;3
Veneto;Padova;PD;Veggiano;28096;3
Veneto;Padova;PD;Vescovana;28097;3
Veneto;Padova;PD;Vigodarzere;28099;3
Veneto;Padova;PD;Vigonza;28100;3
Veneto;Padova;PD;Villa del Conte;28101;2
Veneto;Padova;PD;Villa Estense;28102;3
Veneto;Padova;PD;Villafranca Padovana;28103;3
Veneto;Padova;PD;Villanova di Camposampiero;28104;3
Veneto;Padova;PD;Vo';28105;3
Veneto;Padova;PD;Due Carrare;28106;3
Veneto;Padova;PD;Borgo Veneto;28107;3
Veneto;Padova;PD;Santa Caterina d'Este;28108;3
Veneto;Rovigo;RO;Adria;29001;3
Veneto;Rovigo;RO;Ariano nel Polesine;29002;3
Veneto;Rovigo;RO;Arquà Polesine;29003;3
Veneto;Rovigo;RO;Badia Polesine;29004;3
Veneto;Rovigo;RO;Bagnolo di Po;29005;3
Veneto;Rovigo;RO;Bergantino;29006;3
Veneto;Rovigo;RO;Bosaro;29007;3
Veneto;Rovigo;RO;Calto;29008;3
Veneto;Rovigo;RO;Canaro;29009;3
Veneto;Rovigo;RO;Canda;29010;3
Veneto;Rovigo;RO;Castelguglielmo;29011;3
Veneto;Rovigo;RO;Castelmassa;29012;3
Veneto;Rovigo;RO;Castelnovo Bariano;29013;3
Veneto;Rovigo;RO;Ceneselli;29014;3
Veneto;Rovigo;RO;Ceregnano;29015;3
Veneto;Rovigo;RO;Corbola;29017;3
Veneto;Rovigo;RO;Costa di Rovigo;29018;3
Veneto;Rovigo;RO;Crespino;29019;3
Veneto;Rovigo;RO;Ficarolo;29021;3
Veneto;Rovigo;RO;Fiesso Umbertiano;29022;3
Veneto;Rovigo;RO;Frassinelle Polesine;29023;3
Veneto;Rovigo;RO;Fratta Polesine;29024;3
Veneto;Rovigo;RO;Gaiba;29025;3
Veneto;Rovigo;RO;Gavello;29026;3
Veneto;Rovigo;RO;Giacciano con Baruchella;29027;3
Veneto;Rovigo;RO;Guarda Veneta;29028;3
Veneto;Rovigo;RO;Lendinara;29029;3
Veneto;Rovigo;RO;Loreo;29030;3
Veneto;Rovigo;RO;Lusia;29031;3
Veneto;Rovigo;RO;Melara;29032;3
Veneto;Rovigo;RO;Occhiobello;29033;3
Veneto;Rovigo;RO;Papozze;29034;3
Veneto;Rovigo;RO;Pettorazza Grimani;29035;3
Veneto;Rovigo;RO;Pincara;29036;3
Veneto;Rovigo;RO;Polesella;29037;3
Veneto;Rovigo;RO;Pontecchio Polesine;29038;3
Veneto;Rovigo;RO;Porto Tolle;29039;3
Veneto;Rovigo;RO;Rosolina;29040;3
Veneto;Rovigo;RO;Rovigo;29041;3
Veneto;Rovigo;RO;Salara;29042;3
Veneto;Rovigo;RO;San Bellino;29043;3
Veneto;Rovigo;RO;San Martino di Venezze;29044;3
Veneto;Rovigo;RO;Stienta;29045;3
Veneto;Rovigo;RO;Taglio di Po;29046;3
Veneto;Rovigo;RO;Trecenta;29047;3
Veneto;Rovigo;RO;Villadose;29048;3
Veneto;Rovigo;RO;Villamarzana;29049;3
Veneto;Rovigo;RO;Villanova del Ghebbo;29050;3
Veneto;Rovigo;RO;Villanova Marchesana;29051;3
Veneto;Rovigo;RO;Porto Viro;29052;3
Friuli-Venezia Giulia;Udine;UD;Aiello del Friuli;30001;3
Friuli-Venezia Giulia;Udine;UD;Amaro;30002;1
Friuli-Venezia Giulia;Udine;UD;Ampezzo;30003;2
Friuli-Venezia Giulia;Udine;UD;Aquileia;30004;3
Friuli-Venezia Giulia;Udine;UD;Arta Terme;30005;2
Friuli-Venezia Giulia;Udine;UD;Artegna;30006;1
Friuli-Venezia Giulia;Udine;UD;Attimis;30007;1
Friuli-Venezia Giulia;Udine;UD;Bagnaria Arsa;30008;3
Friuli-Venezia Giulia;Udine;UD;Basiliano;30009;3
Friuli-Venezia Giulia;Udine;UD;Bertiolo;30010;3
Friuli-Venezia Giulia;Udine;UD;Bicinicco;30011;3
Friuli-Venezia Giulia;Udine;UD;Bordano;30012;1
Friuli-Venezia Giulia;Udine;UD;Buja;30013;1
Friuli-Venezia Giulia;Udine;UD;Buttrio;30014;2
Friuli-Venezia Giulia;Udine;UD;Camino al Tagliamento;30015;3
Friuli-Venezia Giulia;Udine;UD;Campoformido;30016;2
Friuli-Venezia Giulia;Udine;UD;Carlino;30018;3
Friuli-Venezia Giulia;Udine;UD;Cassacco;30019;2
Friuli-Venezia Giulia;Udine;UD;Castions di Strada;30020;3
Friuli-Venezia Giulia;Udine;UD;Cavazzo Carnico;30021;2
Friuli-Venezia Giulia;Udine;UD;Cercivento;30022;2
Friuli-Venezia Giulia;Udine;UD;Cervignano del Friuli;30023;3
Friuli-Venezia Giulia;Udine;UD;Chiopris-Viscone;30024;3
Friuli-Venezia Giulia;Udine;UD;Chiusaforte;30025;2
Friuli-Venezia Giulia;Udine;UD;Cividale del Friuli;30026;2
Friuli-Venezia Giulia;Udine;UD;Codroipo;30027;3
Friuli-Venezia Giulia;Udine;UD;Colloredo di Monte Albano;30028;2
Friuli-Venezia Giulia;Udine;UD;Comeglians;30029;2
Friuli-Venezia Giulia;Udine;UD;Corno di Rosazzo;30030;2
Friuli-Venezia Giulia;Udine;UD;Coseano;30031;2
Friuli-Venezia Giulia;Udine;UD;Dignano;30032;2
Friuli-Venezia Giulia;Udine;UD;Dogna;30033;2
Friuli-Venezia Giulia;Udine;UD;Drenchia;30034;2
Friuli-Venezia Giulia;Udine;UD;Enemonzo;30035;2
Friuli-Venezia Giulia;Udine;UD;Faedis;30036;2
Friuli-Venezia Giulia;Udine;UD;Fagagna;30037;2
Friuli-Venezia Giulia;Udine;UD;Flaibano;30039;2
Friuli-Venezia Giulia;Udine;UD;Forni Avoltri;30040;3
Friuli-Venezia Giulia;Udine;UD;Forni di Sopra;30041;2
Friuli-Venezia Giulia;Udine;UD;Forni di Sotto;30042;2
Friuli-Venezia Giulia;Udine;UD;Gemona del Friuli;30043;1
Friuli-Venezia Giulia;Udine;UD;Gonars;30044;3
Friuli-Venezia Giulia;Udine;UD;Grimacco;30045;2
Friuli-Venezia Giulia;Udine;UD;Latisana;30046;3
Friuli-Venezia Giulia;Udine;UD;Lauco;30047;2
Friuli-Venezia Giulia;Udine;UD;Lestizza;30048;3
Friuli-Venezia Giulia;Udine;UD;Lignano Sabbiadoro;30049;3
Friuli-Venezia Giulia;Udine;UD;Lusevera;30051;1
Friuli-Venezia Giulia;Udine;UD;Magnano in Riviera;30052;1
Friuli-Venezia Giulia;Udine;UD;Majano;30053;2
Friuli-Venezia Giulia;Udine;UD;Malborghetto Valbruna;30054;2
Friuli-Venezia Giulia;Udine;UD;Manzano;30055;2
Friuli-Venezia Giulia;Udine;UD;Marano Lagunare;30056;3
Friuli-Venezia Giulia;Udine;UD;Martignacco;30057;2
Friuli-Venezia Giulia;Udine;UD;Mereto di Tomba;30058;2
Friuli-Venezia Giulia;Udine;UD;Moggio Udinese;30059;2
Friuli-Venezia Giulia;Udine;UD;Moimacco;30060;2
Friuli-Venezia Giulia;Udine;UD;Montenars;30061;1
Friuli-Venezia Giulia;Udine;UD;Mortegliano;30062;3
Friuli-Venezia Giulia;Udine;UD;Moruzzo;30063;2
Friuli-Venezia Giulia;Udine;UD;Muzzana del Turgnano;30064;3
Friuli-Venezia Giulia;Udine;UD;Nimis;30065;1
Friuli-Venezia Giulia;Udine;UD;Osoppo;30066;1
Friuli-Venezia Giulia;Udine;UD;Ovaro;30067;2
Friuli-Venezia Giulia;Udine;UD;Pagnacco;30068;2
Friuli-Venezia Giulia;Udine;UD;Palazzolo dello Stella;30069;3
Friuli-Venezia Giulia;Udine;UD;Palmanova;30070;3
Friuli-Venezia Giulia;Udine;UD;Paluzza;30071;2
Friuli-Venezia Giulia;Udine;UD;Pasian di Prato;30072;2
Friuli-Venezia Giulia;Udine;UD;Paularo;30073;2
Friuli-Venezia Giulia;Udine;UD;Pavia di Udine;30074;3
Friuli-Venezia Giulia;Udine;UD;Pocenia;30075;3
Friuli-Venezia Giulia;Udine;UD;Pontebba;30076;2
Friuli-Venezia Giulia;Udine;UD;Porpetto;30077;3
Friuli-Venezia Giulia;Udine;UD;Povoletto;30078;2
Friuli-Venezia Giulia;Udine;UD;Pozzuolo del Friuli;30079;3
Friuli-Venezia Giulia;Udine;UD;Pradamano;30080;2
Friuli-Venezia Giulia;Udine;UD;Prato Carnico;30081;3
Friuli-Venezia Giulia;Udine;UD;Precenicco;30082;3
Friuli-Venezia Giulia;Udine;UD;Premariacco;30083;2
Friuli-Venezia Giulia;Udine;UD;Preone;30084;2
Friuli-Venezia Giulia;Udine;UD;Prepotto;30085;2
Friuli-Venezia Giulia;Udine;UD;Pulfero;30086;1
Friuli-Venezia Giulia;Udine;UD;Ragogna;30087;2
Friuli-Venezia Giulia;Udine;UD;Ravascletto;30088;2
Friuli-Venezia Giulia;Udine;UD;Raveo;30089;2
Friuli-Venezia Giulia;Udine;UD;Reana del Rojale;30090;2
Friuli-Venezia Giulia;Udine;UD;Remanzacco;30091;2
Friuli-Venezia Giulia;Udine;UD;Resia;30092;1
Friuli-Venezia Giulia;Udine;UD;Resiutta;30093;2
Friuli-Venezia Giulia;Udine;UD;Rigolato;30094;3
Friuli-Venezia Giulia;Udine;UD;Rive d'Arcano;30095;2
Friuli-Venezia Giulia;Udine;UD;Ronchis;30097;3
Friuli-Venezia Giulia;Udine;UD;Ruda;30098;3
Friuli-Venezia Giulia;Udine;UD;San Daniele del Friuli;30099;2
Friuli-Venezia Giulia;Udine;UD;San Giorgio di Nogaro;30100;3
Friuli-Venezia Giulia;Udine;UD;San Giovanni al Natisone;30101;2
Friuli-Venezia Giulia;Udine;UD;San Leonardo;30102;2
Friuli-Venezia Giulia;Udine;UD;San Pietro al Natisone;30103;2
Friuli-Venezia Giulia;Udine;UD;Santa Maria la Longa;30104;3
Friuli-Venezia Giulia;Udine;UD;San Vito al Torre;30105;3
Friuli-Venezia Giulia;Udine;UD;San Vito di Fagagna;30106;2
Friuli-Venezia Giulia;Udine;UD;Sauris;30107;2
Friuli-Venezia Giulia;Udine;UD;Savogna;30108;1
Friuli-Venezia Giulia;Udine;UD;Sedegliano;30109;2
Friuli-Venezia Giulia;Udine;UD;Socchieve;30110;2
Friuli-Venezia Giulia;Udine;UD;Stregna;30111;2
Friuli-Venezia Giulia;Udine;UD;Sutrio;30112;2
Friuli-Venezia Giulia;Udine;UD;Taipana;30113;1
Friuli-Venezia Giulia;Udine;UD;Talmassons;30114;3
Friuli-Venezia Giulia;Udine;UD;Tarcento;30116;1
Friuli-Venezia Giulia;Udine;UD;Tarvisio;30117;3
Friuli-Venezia Giulia;Udine;UD;Tavagnacco;30118;2
Friuli-Venezia Giulia;Udine;UD;Terzo d'Aquileia;30120;3
Friuli-Venezia Giulia;Udine;UD;Tolmezzo;30121;2
Friuli-Venezia Giulia;Udine;UD;Torreano;30122;2
Friuli-Venezia Giulia;Udine;UD;Torviscosa;30123;3
Friuli-Venezia Giulia;Udine;UD;Trasaghis;30124;1
Friuli-Venezia Giulia;Udine;UD;Treppo Grande;30126;2
Friuli-Venezia Giulia;Udine;UD;Tricesimo;30127;2
Friuli-Venezia Giulia;Udine;UD;Trivignano Udinese;30128;3
Friuli-Venezia Giulia;Udine;UD;Udine;30129;2
Friuli-Venezia Giulia;Udine;UD;Varmo;30130;3
Friuli-Venezia Giulia;Udine;UD;Venzone;30131;1
Friuli-Venezia Giulia;Udine;UD;Verzegnis;30132;2
Friuli-Venezia Giulia;Udine;UD;Villa Santina;30133;2
Friuli-Venezia Giulia;Udine;UD;Visco;30135;3
Friuli-Venezia Giulia;Udine;UD;Zuglio;30136;2
Friuli-Venezia Giulia;Udine;UD;Forgaria nel Friuli;30137;1
Friuli-Venezia Giulia;Udine;UD;Campolongo Tapogliano;30138;3
Friuli-Venezia Giulia;Udine;UD;Rivignano Teor;30188;3
Friuli-Venezia Giulia;Udine;UD;Sappada;30189;2
Friuli-Venezia Giulia;Udine;UD;Fiumicello Villa Vicentina;30190;3
Friuli-Venezia Giulia;Udine;UD;Treppo Ligosullo;30191;2
Friuli-Venezia Giulia;Gorizia;GO;Capriva del Friuli;31001;2
Friuli-Venezia Giulia;Gorizia;GO;Cormons;31002;2
Friuli-Venezia Giulia;Gorizia;GO;Doberdò del Lago-Doberdob;31003;3
Friuli-Venezia Giulia;Gorizia;GO;Dolegna del Collio;31004;2
Friuli-Venezia Giulia;Gorizia;GO;Farra d'Isonzo;31005;2
Friuli-Venezia Giulia;Gorizia;GO;Fogliano Redipuglia;31006;3
Friuli-Venezia Giulia;Gorizia;GO;Gorizia;31007;2
Friuli-Venezia Giulia;Gorizia;GO;Gradisca d'Isonzo;31008;3
Friuli-Venezia Giulia;Gorizia;GO;Grado;31009;3
Friuli-Venezia Giulia;Gorizia;GO;Mariano del Friuli;31010;3
Friuli-Venezia Giulia;Gorizia;GO;Medea;31011;3
Friuli-Venezia Giulia;Gorizia;GO;Monfalcone;31012;3
Friuli-Venezia Giulia;Gorizia;GO;Moraro;31013;2
Friuli-Venezia Giulia;Gorizia;GO;Mossa;31014;2
Friuli-Venezia Giulia;Gorizia;GO;Romans d'Isonzo;31015;3
Friuli-Venezia Giulia;Gorizia;GO;Ronchi dei Legionari;31016;3
Friuli-Venezia Giulia;Gorizia;GO;Sagrado;31017;3
Friuli-Venezia Giulia;Gorizia;GO;San Canzian d'Isonzo;31018;3
Friuli-Venezia Giulia;Gorizia;GO;San Floriano del Collio-Števerjan;31019;2
Friuli-Venezia Giulia;Gorizia;GO;San Lorenzo Isontino;31020;2
Friuli-Venezia Giulia;Gorizia;GO;San Pier d'Isonzo;31021;3
Friuli-Venezia Giulia;Gorizia;GO;Savogna d'Isonzo-Sovodnje ob Soči;31022;2
Friuli-Venezia Giulia;Gorizia;GO;Staranzano;31023;3
Friuli-Venezia Giulia;Gorizia;GO;Turriaco;31024;3
Friuli-Venezia Giulia;Gorizia;GO;Villesse;31025;3
Friuli-Venezia Giulia;Trieste;TS;Duino Aurisina-Devin Nabrežina;32001;3
Friuli-Venezia Giulia;Trieste;TS;Monrupino-Repentabor;32002;3
Friuli-Venezia Giulia;Trieste;TS;Muggia;32003;3
Friuli-Venezia Giulia;Trieste;TS;San Dorligo della Valle-Dolina;32004;3
Friuli-Venezia Giulia;Trieste;TS;Sgonico-Zgonik;32005;3
Friuli-Venezia Giulia;Trieste;TS;Trieste;32006;3
Emilia-Romagna;Piacenza;PC;Agazzano;33001;3
Emilia-Romagna;Piacenza;PC;Alseno;33002;3
Emilia-Romagna;Piacenza;PC;Besenzone;33003;3
Emilia-Romagna;Piacenza;PC;Bettola;33004;3
Emilia-Romagna;Piacenza;PC;Bobbio;33005;3
Emilia-Romagna;Piacenza;PC;Borgonovo Val Tidone;33006;3
Emilia-Romagna;Piacenza;PC;Cadeo;33007;3
Emilia-Romagna;Piacenza;PC;Calendasco;33008;3
Emilia-Romagna;Piacenza;PC;Caorso;33010;3
Emilia-Romagna;Piacenza;PC;Carpaneto Piacentino;33011;3
Emilia-Romagna;Piacenza;PC;Castell'Arquato;33012;3
Emilia-Romagna;Piacenza;PC;Castel San Giovanni;33013;3
Emilia-Romagna;Piacenza;PC;Castelvetro Piacentino;33014;3
Emilia-Romagna;Piacenza;PC;Cerignale;33015;3
Emilia-Romagna;Piacenza;PC;Coli;33016;3
Emilia-Romagna;Piacenza;PC;Corte Brugnatella;33017;3
Emilia-Romagna;Piacenza;PC;Cortemaggiore;33018;3
Emilia-Romagna;Piacenza;PC;Farini;33019;3
Emilia-Romagna;Piacenza;PC;Ferriere;33020;3
Emilia-Romagna;Piacenza;PC;Fiorenzuola d'Arda;33021;3
Emilia-Romagna;Piacenza;PC;Gazzola;33022;3
Emilia-Romagna;Piacenza;PC;Gossolengo;33023;3
Emilia-Romagna;Piacenza;PC;Gragnano Trebbiense;33024;3
Emilia-Romagna;Piacenza;PC;Gropparello;33025;3
Emilia-Romagna;Piacenza;PC;Lugagnano Val d'Arda;33026;3
Emilia-Romagna;Piacenza;PC;Monticelli d'Ongina;33027;3
Emilia-Romagna;Piacenza;PC;Morfasso;33028;3
Emilia-Romagna;Piacenza;PC;Ottone;33030;3
Emilia-Romagna;Piacenza;PC;Piacenza;33032;3
Emilia-Romagna;Piacenza;PC;Pianello Val Tidone;33033;3
Emilia-Romagna;Piacenza;PC;Piozzano;33034;3
Emilia-Romagna;Piacenza;PC;Podenzano;33035;3
Emilia-Romagna;Piacenza;PC;Ponte dell'Olio;33036;3
Emilia-Romagna;Piacenza;PC;Pontenure;33037;3
Emilia-Romagna;Piacenza;PC;Rivergaro;33038;3
Emilia-Romagna;Piacenza;PC;Rottofreno;33039;3
Emilia-Romagna;Piacenza;PC;San Giorgio Piacentino;33040;3
Emilia-Romagna;Piacenza;PC;San Pietro in Cerro;33041;3
Emilia-Romagna;Piacenza;PC;Sarmato;33042;3
Emilia-Romagna;Piacenza;PC;Travo;33043;3
Emilia-Romagna;Piacenza;PC;Vernasca;33044;3
Emilia-Romagna;Piacenza;PC;Vigolzone;33045;3
Emilia-Romagna;Piacenza;PC;Villanova sull'Arda;33046;3
Emilia-Romagna;Piacenza;PC;Zerba;33047;3
Emilia-Romagna;Piacenza;PC;Ziano Piacentino;33048;3
Emilia-Romagna;Piacenza;PC;Alta Val Tidone;33049;3
Emilia-Romagna;Parma;PR;Albareto;34001;2
Emilia-Romagna;Parma;PR;Bardi;34002;3
Emilia-Romagna;Parma;PR;Bedonia;34003;2
Emilia-Romagna;Parma;PR;Berceto;34004;3
Emilia-Romagna;Parma;PR;Bore;34005;3
Emilia-Romagna;Parma;PR;Borgo Val di Taro;34006;2
Emilia-Romagna;Parma;PR;Busseto;34007;3
Emilia-Romagna;Parma;PR;Calestano;34008;3
Emilia-Romagna;Parma;PR;Collecchio;34009;3
Emilia-Romagna;Parma;PR;Colorno;34010;3
Emilia-Romagna;Parma;PR;Compiano;34011;2
Emilia-Romagna;Parma;PR;Corniglio;34012;3
Emilia-Romagna;Parma;PR;Felino;34013;3
Emilia-Romagna;Parma;PR;Fidenza;34014;3
Emilia-Romagna;Parma;PR;Fontanellato;34015;3
Emilia-Romagna;Parma;PR;Fontevivo;34016;3
Emilia-Romagna;Parma;PR;Fornovo di Taro;34017;3
Emilia-Romagna;Parma;PR;Langhirano;34018;3
Emilia-Romagna;Parma;PR;Lesignano de' Bagni;34019;3
Emilia-Romagna;Parma;PR;Medesano;34020;3
Emilia-Romagna;Parma;PR;Monchio delle Corti;34022;2
Emilia-Romagna;Parma;PR;Montechiarugolo;34023;3
Emilia-Romagna;Parma;PR;Neviano degli Arduini;34024;3
Emilia-Romagna;Parma;PR;Noceto;34025;3
Emilia-Romagna;Parma;PR;Palanzano;34026;2
Emilia-Romagna;Parma;PR;Parma;34027;3
Emilia-Romagna;Parma;PR;Pellegrino Parmense;34028;3
Emilia-Romagna;Parma;PR;Roccabianca;34030;3
Emilia-Romagna;Parma;PR;Sala Baganza;34031;3
Emilia-Romagna;Parma;PR;Salsomaggiore Terme;34032;3
Emilia-Romagna;Parma;PR;San Secondo Parmense;34033;3
Emilia-Romagna;Parma;PR;Solignano;34035;3
Emilia-Romagna;Parma;PR;Soragna;34036;3
Emilia-Romagna;Parma;PR;Terenzo;34038;3
Emilia-Romagna;Parma;PR;Tizzano Val Parma;34039;3
Emilia-Romagna;Parma;PR;Tornolo;34040;2
Emilia-Romagna;Parma;PR;Torrile;34041;3
Emilia-Romagna;Parma;PR;Traversetolo;34042;3
Emilia-Romagna;Parma;PR;Valmozzola;34044;3
Emilia-Romagna;Parma;PR;Varano de' Melegari;34045;3
Emilia-Romagna;Parma;PR;Varsi;34046;3
Emilia-Romagna;Parma;PR;Sissa Trecasali;34049;3
Emilia-Romagna;Parma;PR;Polesine Zibello;34050;3
Emilia-Romagna;Parma;PR;Sorbolo Mezzani;34051;3
Emilia-Romagna;Reggio nell'Emilia;RE;Albinea;35001;3
Emilia-Romagna;Reggio nell'Emilia;RE;Bagnolo in Piano;35002;3
Emilia-Romagna;Reggio nell'Emilia;RE;Baiso;35003;3
Emilia-Romagna;Reggio nell'Emilia;RE;Bibbiano;35004;3
Emilia-Romagna;Reggio nell'Emilia;RE;Boretto;35005;3
Emilia-Romagna;Reggio nell'Emilia;RE;Brescello;35006;3
Emilia-Romagna;Reggio nell'Emilia;RE;Cadelbosco di Sopra;35008;3
Emilia-Romagna;Reggio nell'Emilia;RE;Campagnola Emilia;35009;3
Emilia-Romagna;Reggio nell'Emilia;RE;Campegine;35010;3
Emilia-Romagna;Reggio nell'Emilia;RE;Carpineti;35011;3
Emilia-Romagna;Reggio nell'Emilia;RE;Casalgrande;35012;2
Emilia-Romagna;Reggio nell'Emilia;RE;Casina;35013;3
Emilia-Romagna;Reggio nell'Emilia;RE;Castellarano;35014;2
Emilia-Romagna;Reggio nell'Emilia;RE;Castelnovo di Sotto;35015;3
Emilia-Romagna;Reggio nell'Emilia;RE;Castelnovo ne' Monti;35016;2
Emilia-Romagna;Reggio nell'Emilia;RE;Cavriago;35017;3
Emilia-Romagna;Reggio nell'Emilia;RE;Canossa;35018;3
Emilia-Romagna;Reggio nell'Emilia;RE;Correggio;35020;3
Emilia-Romagna;Reggio nell'Emilia;RE;Fabbrico;35021;3
Emilia-Romagna;Reggio nell'Emilia;RE;Gattatico;35022;3
Emilia-Romagna;Reggio nell'Emilia;RE;Gualtieri;35023;3
Emilia-Romagna;Reggio nell'Emilia;RE;Guastalla;35024;3
Emilia-Romagna;Reggio nell'Emilia;RE;Luzzara;35026;3
Emilia-Romagna;Reggio nell'Emilia;RE;Montecchio Emilia;35027;3
Emilia-Romagna;Reggio nell'Emilia;RE;Novellara;35028;3
Emilia-Romagna;Reggio nell'Emilia;RE;Poviglio;35029;3
Emilia-Romagna;Reggio nell'Emilia;RE;Quattro Castella;35030;3
Emilia-Romagna;Reggio nell'Emilia;RE;Reggiolo;35032;3
Emilia-Romagna;Reggio nell'Emilia;RE;Reggio nell'Emilia;35033;3
Emilia-Romagna;Reggio nell'Emilia;RE;Rio Saliceto;35034;3
Emilia-Romagna;Reggio nell'Emilia;RE;Rolo;35035;3
Emilia-Romagna;Reggio nell'Emilia;RE;Rubiera;35036;3
Emilia-Romagna;Reggio nell'Emilia;RE;San Martino in Rio;35037;3
Emilia-Romagna;Reggio nell'Emilia;RE;San Polo d'Enza;35038;3
Emilia-Romagna;Reggio nell'Emilia;RE;Sant'Ilario d'Enza;35039;3
Emilia-Romagna;Reggio nell'Emilia;RE;Scandiano;35040;3
Emilia-Romagna;Reggio nell'Emilia;RE;Toano;35041;2
Emilia-Romagna;Reggio nell'Emilia;RE;Vetto;35042;2
Emilia-Romagna;Reggio nell'Emilia;RE;Vezzano sul Crostolo;35043;3
Emilia-Romagna;Reggio nell'Emilia;RE;Viano;35044;2
Emilia-Romagna;Reggio nell'Emilia;RE;Villa Minozzo;35045;2
Emilia-Romagna;Reggio nell'Emilia;RE;Ventasso;35046;2
Emilia-Romagna;Modena;MO;Bastiglia;36001;3
Emilia-Romagna;Modena;MO;Bomporto;36002;3
Emilia-Romagna;Modena;MO;Campogalliano;36003;3
Emilia-Romagna;Modena;MO;Camposanto;36004;3
Emilia-Romagna;Modena;MO;Carpi;36005;3
Emilia-Romagna;Modena;MO;Castelfranco Emilia;36006;3
Emilia-Romagna;Modena;MO;Castelnuovo Rangone;36007;3
Emilia-Romagna;Modena;MO;Castelvetro di Modena;36008;2
Emilia-Romagna;Modena;MO;Cavezzo;36009;3
Emilia-Romagna;Modena;MO;Concordia sulla Secchia;36010;3
Emilia-Romagna;Modena;MO;Fanano;36011;3
Emilia-Romagna;Modena;MO;Finale Emilia;36012;3
Emilia-Romagna;Modena;MO;Fiorano Modenese;36013;2
Emilia-Romagna;Modena;MO;Fiumalbo;36014;3
Emilia-Romagna;Modena;MO;Formigine;36015;2
Emilia-Romagna;Modena;MO;Frassinoro;36016;2
Emilia-Romagna;Modena;MO;Guiglia;36017;3
Emilia-Romagna;Modena;MO;Lama Mocogno;36018;3
Emilia-Romagna;Modena;MO;Maranello;36019;2
Emilia-Romagna;Modena;MO;Marano sul Panaro;36020;3
Emilia-Romagna;Modena;MO;Medolla;36021;3
Emilia-Romagna;Modena;MO;Mirandola;36022;3
Emilia-Romagna;Modena;MO;Modena;36023;3
Emilia-Romagna;Modena;MO;Montecreto;36024;3
Emilia-Romagna;Modena;MO;Montefiorino;36025;3
Emilia-Romagna;Modena;MO;Montese;36026;3
Emilia-Romagna;Modena;MO;Nonantola;36027;3
Emilia-Romagna;Modena;MO;Novi di Modena;36028;3
Emilia-Romagna;Modena;MO;Palagano;36029;3
Emilia-Romagna;Modena;MO;Pavullo nel Frignano;36030;3
Emilia-Romagna;Modena;MO;Pievepelago;36031;2
Emilia-Romagna;Modena;MO;Polinago;36032;3
Emilia-Romagna;Modena;MO;Prignano sulla Secchia;36033;3
Emilia-Romagna;Modena;MO;Ravarino;36034;3
Emilia-Romagna;Modena;MO;Riolunato;36035;3
Emilia-Romagna;Modena;MO;San Cesario sul Panaro;36036;3
Emilia-Romagna;Modena;MO;San Felice sul Panaro;36037;3
Emilia-Romagna;Modena;MO;San Possidonio;36038;3
Emilia-Romagna;Modena;MO;San Prospero;36039;3
Emilia-Romagna;Modena;MO;Sassuolo;36040;2
Emilia-Romagna;Modena;MO;Savignano sul Panaro;36041;3
Emilia-Romagna;Modena;MO;Serramazzoni;36042;3
Emilia-Romagna;Modena;MO;Sestola;36043;3
Emilia-Romagna;Modena;MO;Soliera;36044;3
Emilia-Romagna;Modena;MO;Spilamberto;36045;3
Emilia-Romagna;Modena;MO;Vignola;36046;3
Emilia-Romagna;Modena;MO;Zocca;36047;3
Emilia-Romagna;Bologna;BO;Anzola dell'Emilia;37001;3
Emilia-Romagna;Bologna;BO;Argelato;37002;3
Emilia-Romagna;Bologna;BO;Baricella;37003;3
Emilia-Romagna;Bologna;BO;Bentivoglio;37005;3
Emilia-Romagna;Bologna;BO;Bologna;37006;3
Emilia-Romagna;Bologna;BO;Borgo Tossignano;37007;2
Emilia-Romagna;Bologna;BO;Budrio;37008;3
Emilia-Romagna;Bologna;BO;Calderara di Reno;37009;3
Emilia-Romagna;Bologna;BO;Camugnano;37010;3
Emilia-Romagna;Bologna;BO;Casalecchio di Reno;37011;3
Emilia-Romagna;Bologna;BO;Casalfiumanese;37012;2
Emilia-Romagna;Bologna;BO;Castel d'Aiano;37013;3
Emilia-Romagna;Bologna;BO;Castel del Rio;37014;2
Emilia-Romagna;Bologna;BO;Castel di Casio;37015;3
Emilia-Romagna;Bologna;BO;Castel Guelfo di Bologna;37016;2
Emilia-Romagna;Bologna;BO;Castello d'Argile;37017;3
Emilia-Romagna;Bologna;BO;Castel Maggiore;37019;3
Emilia-Romagna;Bologna;BO;Castel San Pietro Terme;37020;2
Emilia-Romagna;Bologna;BO;Castenaso;37021;3
Emilia-Romagna;Bologna;BO;Castiglione dei Pepoli;37022;3
Emilia-Romagna;Bologna;BO;Crevalcore;37024;3
Emilia-Romagna;Bologna;BO;Dozza;37025;2
Emilia-Romagna;Bologna;BO;Fontanelice;37026;2
Emilia-Romagna;Bologna;BO;Gaggio Montano;37027;3
Emilia-Romagna;Bologna;BO;Galliera;37028;3
Emilia-Romagna;Bologna;BO;Granarolo dell'Emilia;37030;3
Emilia-Romagna;Bologna;BO;Grizzana Morandi;37031;3
Emilia-Romagna;Bologna;BO;Imola;37032;2
Emilia-Romagna;Bologna;BO;Lizzano in Belvedere;37033;3
Emilia-Romagna;Bologna;BO;Loiano;37034;3
Emilia-Romagna;Bologna;BO;Malalbergo;37035;3
Emilia-Romagna;Bologna;BO;Marzabotto;37036;3
Emilia-Romagna;Bologna;BO;Medicina;37037;2
Emilia-Romagna;Bologna;BO;Minerbio;37038;3
Emilia-Romagna;Bologna;BO;Molinella;37039;3
Emilia-Romagna;Bologna;BO;Monghidoro;37040;3
Emilia-Romagna;Bologna;BO;Monterenzio;37041;2
Emilia-Romagna;Bologna;BO;Monte San Pietro;37042;3
Emilia-Romagna;Bologna;BO;Monzuno;37044;3
Emilia-Romagna;Bologna;BO;Mordano;37045;2
Emilia-Romagna;Bologna;BO;Ozzano dell'Emilia;37046;2
Emilia-Romagna;Bologna;BO;Pianoro;37047;3
Emilia-Romagna;Bologna;BO;Pieve di Cento;37048;3
Emilia-Romagna;Bologna;BO;Sala Bolognese;37050;3
Emilia-Romagna;Bologna;BO;San Benedetto Val di Sambro;37051;3
Emilia-Romagna;Bologna;BO;San Giorgio di Piano;37052;3
Emilia-Romagna;Bologna;BO;San Giovanni in Persiceto;37053;3
Emilia-Romagna;Bologna;BO;San Lazzaro di Savena;37054;3
Emilia-Romagna;Bologna;BO;San Pietro in Casale;37055;3
Emilia-Romagna;Bologna;BO;Sant'Agata Bolognese;37056;3
Emilia-Romagna;Bologna;BO;Sasso Marconi;37057;3
Emilia-Romagna;Bologna;BO;Vergato;37059;3
Emilia-Romagna;Bologna;BO;Zola Predosa;37060;3
Emilia-Romagna;Bologna;BO;Valsamoggia;37061;3
Emilia-Romagna;Bologna;BO;Alto Reno Terme;37062;3
Emilia-Romagna;Ferrara;FE;Argenta;38001;2
Emilia-Romagna;Ferrara;FE;Bondeno;38003;3
Emilia-Romagna;Ferrara;FE;Cento;38004;3
Emilia-Romagna;Ferrara;FE;Codigoro;38005;3
Emilia-Romagna;Ferrara;FE;Comacchio;38006;3
Emilia-Romagna;Ferrara;FE;Copparo;38007;3
Emilia-Romagna;Ferrara;FE;Ferrara;38008;3
Emilia-Romagna;Ferrara;FE;Jolanda di Savoia;38010;3
Emilia-Romagna;Ferrara;FE;Lagosanto;38011;3
Emilia-Romagna;Ferrara;FE;Masi Torello;38012;3
Emilia-Romagna;Ferrara;FE;Mesola;38014;3
Emilia-Romagna;Ferrara;FE;Ostellato;38017;3
Emilia-Romagna;Ferrara;FE;Poggio Renatico;38018;3
Emilia-Romagna;Ferrara;FE;Portomaggiore;38019;3
Emilia-Romagna;Ferrara;FE;Vigarano Mainarda;38022;3
Emilia-Romagna;Ferrara;FE;Voghiera;38023;3
Emilia-Romagna;Ferrara;FE;Goro;38025;3
Emilia-Romagna;Ferrara;FE;Fiscaglia;38027;3
Emilia-Romagna;Ferrara;FE;Terre del Reno;38028;3
Emilia-Romagna;Ferrara;FE;Riva del Po;38029;3
Emilia-Romagna;Ferrara;FE;Tresignana;38030;3
Emilia-Romagna;Ravenna;RA;Alfonsine;39001;2
Emilia-Romagna;Ravenna;RA;Bagnacavallo;39002;2
Emilia-Romagna;Ravenna;RA;Bagnara di Romagna;39003;2
Emilia-Romagna;Ravenna;RA;Brisighella;39004;2
Emilia-Romagna;Ravenna;RA;Casola Valsenio;39005;2
Emilia-Romagna;Ravenna;RA;Castel Bolognese;39006;2
Emilia-Romagna;Ravenna;RA;Cervia;39007;2
Emilia-Romagna;Ravenna;RA;Conselice;39008;2
Emilia-Romagna;Ravenna;RA;Cotignola;39009;2
Emilia-Romagna;Ravenna;RA;Faenza;39010;2
Emilia-Romagna;Ravenna;RA;Fusignano;39011;2
Emilia-Romagna;Ravenna;RA;Lugo;39012;2
Emilia-Romagna;Ravenna;RA;Massa Lombarda;39013;2
Emilia-Romagna;Ravenna;RA;Ravenna;39014;3
Emilia-Romagna;Ravenna;RA;Riolo Terme;39015;2
Emilia-Romagna;Ravenna;RA;Russi;39016;2
Emilia-Romagna;Ravenna;RA;Sant'Agata sul Santerno;39017;2
Emilia-Romagna;Ravenna;RA;Solarolo;39018;2
Emilia-Romagna;Forli'-Cesena;FC;Bagno di Romagna;40001;2
Emilia-Romagna;Forli'-Cesena;FC;Bertinoro;40003;2
Emilia-Romagna;Forli'-Cesena;FC;Borghi;40004;2
Emilia-Romagna;Forli'-Cesena;FC;Castrocaro Terme e Terra del Sole;40005;2
Emilia-Romagna;Forli'-Cesena;FC;Cesena;40007;2
Emilia-Romagna;Forli'-Cesena;FC;Cesenatico;40008;2
Emilia-Romagna;Forli'-Cesena;FC;Civitella di Romagna;40009;2
Emilia-Romagna;Forli'-Cesena;FC;Dovadola;40011;2
Emilia-Romagna;Forli'-Cesena;FC;Forlì;40012;2
Emilia-Romagna;Forli'-Cesena;FC;Forlimpopoli;40013;2
Emilia-Romagna;Forli'-Cesena;FC;Galeata;40014;2
Emilia-Romagna;Forli'-Cesena;FC;Gambettola;40015;2
Emilia-Romagna;Forli'-Cesena;FC;Gatteo;40016;2
Emilia-Romagna;Forli'-Cesena;FC;Longiano;40018;2
Emilia-Romagna;Forli'-Cesena;FC;Meldola;40019;2
Emilia-Romagna;Forli'-Cesena;FC;Mercato Saraceno;40020;2
Emilia-Romagna;Forli'-Cesena;FC;Modigliana;40022;2
Emilia-Romagna;Forli'-Cesena;FC;Montiano;40028;2
Emilia-Romagna;Forli'-Cesena;FC;Portico e San Benedetto;40031;2
Emilia-Romagna;Forli'-Cesena;FC;Predappio;40032;2
Emilia-Romagna;Forli'-Cesena;FC;Premilcuore;40033;2
Emilia-Romagna;Forli'-Cesena;FC;Rocca San Casciano;40036;2
Emilia-Romagna;Forli'-Cesena;FC;Roncofreddo;40037;2
Emilia-Romagna;Forli'-Cesena;FC;San Mauro Pascoli;40041;2
Emilia-Romagna;Forli'-Cesena;FC;Santa Sofia;40043;2
Emilia-Romagna;Forli'-Cesena;FC;Sarsina;40044;2
Emilia-Romagna;Forli'-Cesena;FC;Savignano sul Rubicone;40045;2
Emilia-Romagna;Forli'-Cesena;FC;Sogliano al Rubicone;40046;2
Emilia-Romagna;Forli'-Cesena;FC;Tredozio;40049;2
Emilia-Romagna;Forli'-Cesena;FC;Verghereto;40050;2
Marche;Pesaro e Urbino;PU;Acqualagna;41001;2
Marche;Pesaro e Urbino;PU;Apecchio;41002;2
Marche;Pesaro e Urbino;PU;Belforte all'Isauro;41005;2
Marche;Pesaro e Urbino;PU;Borgo Pace;41006;2
Marche;Pesaro e Urbino;PU;Cagli;41007;2
Marche;Pesaro e Urbino;PU;Cantiano;41008;2
Marche;Pesaro e Urbino;PU;Carpegna;41009;2
Marche;Pesaro e Urbino;PU;Cartoceto;41010;2
Marche;Pesaro e Urbino;PU;Fano;41013;2
Marche;Pesaro e Urbino;PU;Fermignano;41014;2
Marche;Pesaro e Urbino;PU;Fossombrone;41015;2
Marche;Pesaro e Urbino;PU;Fratte Rosa;41016;2
Marche;Pesaro e Urbino;PU;Frontino;41017;2
Marche;Pesaro e Urbino;PU;Frontone;41018;2
Marche;Pesaro e Urbino;PU;Gabicce Mare;41019;2
Marche;Pesaro e Urbino;PU;Gradara;41020;2
Marche;Pesaro e Urbino;PU;Isola del Piano;41021;2
Marche;Pesaro e Urbino;PU;Lunano;41022;2
Marche;Pesaro e Urbino;PU;Macerata Feltria;41023;2
Marche;Pesaro e Urbino;PU;Mercatello sul Metauro;41025;2
Marche;Pesaro e Urbino;PU;Mercatino Conca;41026;2
Marche;Pesaro e Urbino;PU;Mombaroccio;41027;2
Marche;Pesaro e Urbino;PU;Mondavio;41028;2
Marche;Pesaro e Urbino;PU;Mondolfo;41029;2
Marche;Pesaro e Urbino;PU;Montecalvo in Foglia;41030;2
Marche;Pesaro e Urbino;PU;Monte Cerignone;41031;2
Marche;Pesaro e Urbino;PU;Montefelcino;41034;2
Marche;Pesaro e Urbino;PU;Monte Grimano Terme;41035;2
Marche;Pesaro e Urbino;PU;Montelabbate;41036;2
Marche;Pesaro e Urbino;PU;Monte Porzio;41038;2
Marche;Pesaro e Urbino;PU;Peglio;41041;2
Marche;Pesaro e Urbino;PU;Pergola;41043;2
Marche;Pesaro e Urbino;PU;Pesaro;41044;2
Marche;Pesaro e Urbino;PU;Petriano;41045;2
Marche;Pesaro e Urbino;PU;Piandimeleto;41047;2
Marche;Pesaro e Urbino;PU;Pietrarubbia;41048;2
Marche;Pesaro e Urbino;PU;Piobbico;41049;2
Marche;Pesaro e Urbino;PU;San Costanzo;41051;2
Marche;Pesaro e Urbino;PU;San Lorenzo in Campo;41054;2
Marche;Pesaro e Urbino;PU;Sant'Angelo in Vado;41057;2
Marche;Pesaro e Urbino;PU;Sant'Ippolito;41058;2
Marche;Pesaro e Urbino;PU;Serra Sant'Abbondio;41061;2
Marche;Pesaro e Urbino;PU;Tavoleto;41064;2
Marche;Pesaro e Urbino;PU;Tavullia;41065;2
Marche;Pesaro e Urbino;PU;Urbania;41066;2
Marche;Pesaro e Urbino;PU;Urbino;41067;2
Marche;Pesaro e Urbino;PU;Vallefoglia;41068;2
Marche;Pesaro e Urbino;PU;Colli al Metauro;41069;2
Marche;Pesaro e Urbino;PU;Terre Roveresche;41070;2
Marche;Pesaro e Urbino;PU;Sassocorvaro Auditore;41071;2
Marche;Ancona;AN;Agugliano;42001;2
Marche;Ancona;AN;Ancona;42002;2
Marche;Ancona;AN;Arcevia;42003;2
Marche;Ancona;AN;Barbara;42004;2
Marche;Ancona;AN;Belvedere Ostrense;42005;2
Marche;Ancona;AN;Camerano;42006;2
Marche;Ancona;AN;Camerata Picena;42007;2
Marche;Ancona;AN;Castelbellino;42008;2
Marche;Ancona;AN;Castelfidardo;42010;2
Marche;Ancona;AN;Castelleone di Suasa;42011;2
Marche;Ancona;AN;Castelplanio;42012;2
Marche;Ancona;AN;Cerreto d'Esi;42013;2
Marche;Ancona;AN;Chiaravalle;42014;2
Marche;Ancona;AN;Corinaldo;42015;2
Marche;Ancona;AN;Cupramontana;42016;2
Marche;Ancona;AN;Fabriano;42017;2
Marche;Ancona;AN;Falconara Marittima;42018;2
Marche;Ancona;AN;Filottrano;42019;2
Marche;Ancona;AN;Genga;42020;2
Marche;Ancona;AN;Jesi;42021;2
Marche;Ancona;AN;Loreto;42022;2
Marche;Ancona;AN;Maiolati Spontini;42023;2
Marche;Ancona;AN;Mergo;42024;2
Marche;Ancona;AN;Monsano;42025;2
Marche;Ancona;AN;Montecarotto;42026;2
Marche;Ancona;AN;Montemarciano;42027;2
Marche;Ancona;AN;Monte Roberto;42029;2
Marche;Ancona;AN;Monte San Vito;42030;2
Marche;Ancona;AN;Morro d'Alba;42031;2
Marche;Ancona;AN;Numana;42032;2
Marche;Ancona;AN;Offagna;42033;2
Marche;Ancona;AN;Osimo;42034;2
Marche;Ancona;AN;Ostra;42035;2
Marche;Ancona;AN;Ostra Vetere;42036;2
Marche;Ancona;AN;Poggio San Marcello;42037;2
Marche;Ancona;AN;Polverigi;42038;2
Marche;Ancona;AN;Rosora;42040;2
Marche;Ancona;AN;San Marcello;42041;2
Marche;Ancona;AN;San Paolo di Jesi;42042;2
Marche;Ancona;AN;Santa Maria Nuova;42043;2
Marche;Ancona;AN;Sassoferrato;42044;2
Marche;Ancona;AN;Senigallia;42045;2
Marche;Ancona;AN;Serra de' Conti;42046;2
Marche;Ancona;AN;Serra San Quirico;42047;2
Marche;Ancona;AN;Sirolo;42048;2
Marche;Ancona;AN;Staffolo;42049;2
Marche;Ancona;AN;Trecastelli;42050;2
Marche;Macerata;MC;Apiro;43002;2
Marche;Macerata;MC;Appignano;43003;2
Marche;Macerata;MC;Belforte del Chienti;43004;2
Marche;Macerata;MC;Bolognola;43005;2
Marche;Macerata;MC;Caldarola;43006;2
Marche;Macerata;MC;Camerino;43007;2
Marche;Macerata;MC;Camporotondo di Fiastrone;43008;2
Marche;Macerata;MC;Castelraimondo;43009;2
Marche;Macerata;MC;Castelsantangelo sul Nera;43010;1
Marche;Macerata;MC;Cessapalombo;43011;2
Marche;Macerata;MC;Cingoli;43012;2
Marche;Macerata;MC;Civitanova Marche;43013;2
Marche;Macerata;MC;Colmurano;43014;2
Marche;Macerata;MC;Corridonia;43015;2
Marche;Macerata;MC;Esanatoglia;43016;2
Marche;Macerata;MC;Fiastra;43017;2
Marche;Macerata;MC;Fiuminata;43019;2
Marche;Macerata;MC;Gagliole;43020;2
Marche;Macerata;MC;Gualdo;43021;2
Marche;Macerata;MC;Loro Piceno;43022;2
Marche;Macerata;MC;Macerata;43023;2
Marche;Macerata;MC;Matelica;43024;2
Marche;Macerata;MC;Mogliano;43025;2
Marche;Macerata;MC;Montecassiano;43026;2
Marche;Macerata;MC;Monte Cavallo;43027;1
Marche;Macerata;MC;Montecosaro;43028;2
Marche;Macerata;MC;Montefano;43029;2
Marche;Macerata;MC;Montelupone;43030;2
Marche;Macerata;MC;Monte San Giusto;43031;2
Marche;Macerata;MC;Monte San Martino;43032;2
Marche;Macerata;MC;Morrovalle;43033;2
Marche;Macerata;MC;Muccia;43034;1
Marche;Macerata;MC;Penna San Giovanni;43035;2
Marche;Macerata;MC;Petriolo;43036;2
Marche;Macerata;MC;Pieve Torina;43038;1
Marche;Macerata;MC;Pioraco;43039;2
Marche;Macerata;MC;Poggio San Vicino;43040;2
Marche;Macerata;MC;Pollenza;43041;2
Marche;Macerata;MC;Porto Recanati;43042;2
Marche;Macerata;MC;Potenza Picena;43043;2
Marche;Macerata;MC;Recanati;43044;2
Marche;Macerata;MC;Ripe San Ginesio;43045;2
Marche;Macerata;MC;San Ginesio;43046;2
Marche;Macerata;MC;San Severino Marche;43047;2
Marche;Macerata;MC;Sant'Angelo in Pontano;43048;2
Marche;Macerata;MC;Sarnano;43049;2
Marche;Macerata;MC;Sefro;43050;2
Marche;Macerata;MC;Serrapetrona;43051;2
Marche;Macerata;MC;Serravalle di Chienti;43052;1
Marche;Macerata;MC;Tolentino;43053;2
Marche;Macerata;MC;Treia;43054;2
Marche;Macerata;MC;Urbisaglia;43055;2
Marche;Macerata;MC;Ussita;43056;2
Marche;Macerata;MC;Visso;43057;1
Marche;Macerata;MC;Valfornace;43058;2
Marche;Ascoli Piceno;AP;Acquasanta Terme;44001;2
Marche;Ascoli Piceno;AP;Acquaviva Picena;44002;2
Marche;Ascoli Piceno;AP;Appignano del Tronto;44005;2
Marche;Ascoli Piceno;AP;Arquata del Tronto;44006;1
Marche;Ascoli Piceno;AP;Ascoli Piceno;44007;2
Marche;Ascoli Piceno;AP;Carassai;44010;2
Marche;Ascoli Piceno;AP;Castel di Lama;44011;2
Marche;Ascoli Piceno;AP;Castignano;44012;2
Marche;Ascoli Piceno;AP;Castorano;44013;2
Marche;Ascoli Piceno;AP;Colli del Tronto;44014;2
Marche;Ascoli Piceno;AP;Comunanza;44015;2
Marche;Ascoli Piceno;AP;Cossignano;44016;2
Marche;Ascoli Piceno;AP;Cupra Marittima;44017;2
Marche;Ascoli Piceno;AP;Folignano;44020;2
Marche;Ascoli Piceno;AP;Force;44021;2
Marche;Ascoli Piceno;AP;Grottammare;44023;2
Marche;Ascoli Piceno;AP;Maltignano;44027;2
Marche;Ascoli Piceno;AP;Massignano;44029;2
Marche;Ascoli Piceno;AP;Monsampolo del Tronto;44031;2
Marche;Ascoli Piceno;AP;Montalto delle Marche;44032;2
Marche;Ascoli Piceno;AP;Montedinove;44034;2
Marche;Ascoli Piceno;AP;Montefiore dell'Aso;44036;2
Marche;Ascoli Piceno;AP;Montegallo;44038;2
Marche;Ascoli Piceno;AP;Montemonaco;44044;2
Marche;Ascoli Piceno;AP;Monteprandone;44045;2
Marche;Ascoli Piceno;AP;Offida;44054;2
Marche;Ascoli Piceno;AP;Palmiano;44056;2
Marche;Ascoli Piceno;AP;Ripatransone;44063;2
Marche;Ascoli Piceno;AP;Roccafluvione;44064;2
Marche;Ascoli Piceno;AP;Rotella;44065;2
Marche;Ascoli Piceno;AP;San Benedetto del Tronto;44066;2
Marche;Ascoli Piceno;AP;Spinetoli;44071;2
Marche;Ascoli Piceno;AP;Venarotta;44073;2
Toscana;Massa Carrara;MS;Aulla;45001;2
Toscana;Massa Carrara;MS;Bagnone;45002;2
Toscana;Massa Carrara;MS;Carrara;45003;3
Toscana;Massa Carrara;MS;Casola in Lunigiana;45004;2
Toscana;Massa Carrara;MS;Comano;45005;2
Toscana;Massa Carrara;MS;Filattiera;45006;2
Toscana;Massa Carrara;MS;Fivizzano;45007;2
Toscana;Massa Carrara;MS;Fosdinovo;45008;2
Toscana;Massa Carrara;MS;Licciana Nardi;45009;2
Toscana;Massa Carrara;MS;Massa;45010;3
Toscana;Massa Carrara;MS;Montignoso;45011;3
Toscana;Massa Carrara;MS;Mulazzo;45012;2
Toscana;Massa Carrara;MS;Podenzana;45013;2
Toscana;Massa Carrara;MS;Pontremoli;45014;2
Toscana;Massa Carrara;MS;Tresana;45015;2
Toscana;Massa Carrara;MS;Villafranca in Lunigiana;45016;2
Toscana;Massa Carrara;MS;Zeri;45017;2
Toscana;Lucca;LU;Altopascio;46001;3
Toscana;Lucca;LU;Bagni di Lucca;46002;2
Toscana;Lucca;LU;Barga;46003;2
Toscana;Lucca;LU;Borgo a Mozzano;46004;2
Toscana;Lucca;LU;Camaiore;46005;3
Toscana;Lucca;LU;Camporgiano;46006;2
Toscana;Lucca;LU;Capannori;46007;3
Toscana;Lucca;LU;Careggine;46008;2
Toscana;Lucca;LU;Castelnuovo di Garfagnana;46009;2
Toscana;Lucca;LU;Castiglione di Garfagnana;46010;2
Toscana;Lucca;LU;Coreglia Antelminelli;46011;2
Toscana;Lucca;LU;Forte dei Marmi;46013;3
Toscana;Lucca;LU;Fosciandora;46014;2
Toscana;Lucca;LU;Gallicano;46015;2
Toscana;Lucca;LU;Lucca;46017;3
Toscana;Lucca;LU;Massarosa;46018;3
Toscana;Lucca;LU;Minucciano;46019;2
Toscana;Lucca;LU;Molazzana;46020;2
Toscana;Lucca;LU;Montecarlo;46021;3
Toscana;Lucca;LU;Pescaglia;46022;2
Toscana;Lucca;LU;Piazza al Serchio;46023;2
Toscana;Lucca;LU;Pietrasanta;46024;3
Toscana;Lucca;LU;Pieve Fosciana;46025;2
Toscana;Lucca;LU;Porcari;46026;3
Toscana;Lucca;LU;San Romano in Garfagnana;46027;2
Toscana;Lucca;LU;Seravezza;46028;3
Toscana;Lucca;LU;Stazzema;46030;2
Toscana;Lucca;LU;Vagli Sotto;46031;2
Toscana;Lucca;LU;Viareggio;46033;3
Toscana;Lucca;LU;Villa Basilica;46034;2
Toscana;Lucca;LU;Villa Collemandina;46035;2
Toscana;Lucca;LU;Fabbriche di Vergemoli;46036;2
Toscana;Lucca;LU;Sillano Giuncugnano;46037;2
Toscana;Pistoia;PT;Agliana;47002;3
Toscana;Pistoia;PT;Buggiano;47003;3
Toscana;Pistoia;PT;Lamporecchio;47005;3
Toscana;Pistoia;PT;Larciano;47006;3
Toscana;Pistoia;PT;Marliana;47007;2
Toscana;Pistoia;PT;Massa e Cozzile;47008;3
Toscana;Pistoia;PT;Monsummano Terme;47009;3
Toscana;Pistoia;PT;Montale;47010;2
Toscana;Pistoia;PT;Montecatini-Terme;47011;3
Toscana;Pistoia;PT;Pescia;47012;3
Toscana;Pistoia;PT;Pieve a Nievole;47013;3
Toscana;Pistoia;PT;Pistoia;47014;2
Toscana;Pistoia;PT;Ponte Buggianese;47016;3
Toscana;Pistoia;PT;Quarrata;47017;3
Toscana;Pistoia;PT;Sambuca Pistoiese;47018;2
Toscana;Pistoia;PT;Serravalle Pistoiese;47020;3
Toscana;Pistoia;PT;Uzzano;47021;3
Toscana;Pistoia;PT;Chiesina Uzzanese;47022;3
Toscana;Pistoia;PT;Abetone Cutigliano;47023;2
Toscana;Pistoia;PT;San Marcello Piteglio;47024;2
Toscana;Firenze;FI;Bagno a Ripoli;48001;3
Toscana;Firenze;FI;Barberino di Mugello;48002;2
Toscana;Firenze;FI;Borgo San Lorenzo;48004;2
Toscana;Firenze;FI;Calenzano;48005;3
Toscana;Firenze;FI;Campi Bisenzio;48006;3
Toscana;Firenze;FI;Capraia e Limite;48008;3
Toscana;Firenze;FI;Castelfiorentino;48010;3
Toscana;Firenze;FI;Cerreto Guidi;48011;3
Toscana;Firenze;FI;Certaldo;48012;3
Toscana;Firenze;FI;Dicomano;48013;2
Toscana;Firenze;FI;Empoli;48014;3
Toscana;Firenze;FI;Fiesole;48015;3
Toscana;Firenze;FI;Firenze;48017;3
Toscana;Firenze;FI;Firenzuola;48018;2
Toscana;Firenze;FI;Fucecchio;48019;3
Toscana;Firenze;FI;Gambassi Terme;48020;3
Toscana;Firenze;FI;Greve in Chianti;48021;3
Toscana;Firenze;FI;Impruneta;48022;3
Toscana;Firenze;FI;Lastra a Signa;48024;3
Toscana;Firenze;FI;Londa;48025;2
Toscana;Firenze;FI;Marradi;48026;2
Toscana;Firenze;FI;Montaione;48027;3
Toscana;Firenze;FI;Montelupo Fiorentino;48028;3
Toscana;Firenze;FI;Montespertoli;48030;3
Toscana;Firenze;FI;Palazzuolo sul Senio;48031;2
Toscana;Firenze;FI;Pelago;48032;2
Toscana;Firenze;FI;Pontassieve;48033;3
Toscana;Firenze;FI;Reggello;48035;3
Toscana;Firenze;FI;Rignano sull'Arno;48036;3
Toscana;Firenze;FI;Rufina;48037;2
Toscana;Firenze;FI;San Casciano in Val di Pesa;48038;3
Toscana;Firenze;FI;San Godenzo;48039;2
Toscana;Firenze;FI;Scandicci;48041;3
Toscana;Firenze;FI;Sesto Fiorentino;48043;3
Toscana;Firenze;FI;Signa;48044;3
Toscana;Firenze;FI;Vaglia;48046;2
Toscana;Firenze;FI;Vicchio;48049;2
Toscana;Firenze;FI;Vinci;48050;3
Toscana;Firenze;FI;Figline e Incisa Valdarno;48052;3
Toscana;Firenze;FI;Scarperia e San Piero;48053;2
Toscana;Firenze;FI;Barberino Tavarnelle;48054;3
Toscana;Livorno;LI;Bibbona;49001;3
Toscana;Livorno;LI;Campiglia Marittima;49002;4
Toscana;Livorno;LI;Campo nell'Elba;49003;4
Toscana;Livorno;LI;Capoliveri;49004;4
Toscana;Livorno;LI;Capraia Isola;49005;4
Toscana;Livorno;LI;Castagneto Carducci;49006;3
Toscana;Livorno;LI;Cecina;49007;3
Toscana;Livorno;LI;Collesalvetti;49008;3
Toscana;Livorno;LI;Livorno;49009;3
Toscana;Livorno;LI;Marciana;49010;4
Toscana;Livorno;LI;Marciana Marina;49011;4
Toscana;Livorno;LI;Piombino;49012;4
Toscana;Livorno;LI;Porto Azzurro;49013;4
Toscana;Livorno;LI;Portoferraio;49014;4
Toscana;Livorno;LI;Rosignano Marittimo;49017;3
Toscana;Livorno;LI;San Vincenzo;49018;4
Toscana;Livorno;LI;Sassetta;49019;4
Toscana;Livorno;LI;Suvereto;49020;4
Toscana;Livorno;LI;Rio;49021;4
Toscana;Pisa;PI;Bientina;50001;3
Toscana;Pisa;PI;Buti;50002;3
Toscana;Pisa;PI;Calci;50003;3
Toscana;Pisa;PI;Calcinaia;50004;3
Toscana;Pisa;PI;Capannoli;50005;3
Toscana;Pisa;PI;Casale Marittimo;50006;3
Toscana;Pisa;PI;Cascina;50008;3
Toscana;Pisa;PI;Castelfranco di Sotto;50009;3
Toscana;Pisa;PI;Castellina Marittima;50010;3
Toscana;Pisa;PI;Castelnuovo di Val di Cecina;50011;3
Toscana;Pisa;PI;Chianni;50012;3
Toscana;Pisa;PI;Fauglia;50014;3
Toscana;Pisa;PI;Guardistallo;50015;3
Toscana;Pisa;PI;Lajatico;50016;3
Toscana;Pisa;PI;Montecatini Val di Cecina;50019;3
Toscana;Pisa;PI;Montescudaio;50020;3
Toscana;Pisa;PI;Monteverdi Marittimo;50021;3
Toscana;Pisa;PI;Montopoli in Val d'Arno;50022;3
Toscana;Pisa;PI;Orciano Pisano;50023;3
Toscana;Pisa;PI;Palaia;50024;3
Toscana;Pisa;PI;Peccioli;50025;3
Toscana;Pisa;PI;Pisa;50026;3
Toscana;Pisa;PI;Pomarance;50027;3
Toscana;Pisa;PI;Ponsacco;50028;3
Toscana;Pisa;PI;Pontedera;50029;3
Toscana;Pisa;PI;Riparbella;50030;3
Toscana;Pisa;PI;San Giuliano Terme;50031;3
Toscana;Pisa;PI;San Miniato;50032;3
Toscana;Pisa;PI;Santa Croce sull'Arno;50033;3
Toscana;Pisa;PI;Santa Luce;50034;3
Toscana;Pisa;PI;Santa Maria a Monte;50035;3
Toscana;Pisa;PI;Terricciola;50036;3
Toscana;Pisa;PI;Vecchiano;50037;3
Toscana;Pisa;PI;Vicopisano;50038;3
Toscana;Pisa;PI;Volterra;50039;3
Toscana;Pisa;PI;Casciana Terme Lari;50040;3
Toscana;Pisa;PI;Crespina Lorenzana;50041;3
Toscana;Arezzo;AR;Anghiari;51001;2
Toscana;Arezzo;AR;Arezzo;51002;2
Toscana;Arezzo;AR;Badia Tedalda;51003;2
Toscana;Arezzo;AR;Bibbiena;51004;2
Toscana;Arezzo;AR;Bucine;51005;3
Toscana;Arezzo;AR;Capolona;51006;2
Toscana;Arezzo;AR;Caprese Michelangelo;51007;2
Toscana;Arezzo;AR;Castel Focognano;51008;2
Toscana;Arezzo;AR;Castel San Niccolò;51010;2
Toscana;Arezzo;AR;Castiglion Fibocchi;51011;3
Toscana;Arezzo;AR;Castiglion Fiorentino;51012;2
Toscana;Arezzo;AR;Cavriglia;51013;3
Toscana;Arezzo;AR;Chitignano;51014;2
Toscana;Arezzo;AR;Chiusi della Verna;51015;2
Toscana;Arezzo;AR;Civitella in Val di Chiana;51016;3
Toscana;Arezzo;AR;Cortona;51017;2
Toscana;Arezzo;AR;Foiano della Chiana;51018;2
Toscana;Arezzo;AR;Loro Ciuffenna;51020;3
Toscana;Arezzo;AR;Lucignano;51021;3
Toscana;Arezzo;AR;Marciano della Chiana;51022;2
Toscana;Arezzo;AR;Montemignaio;51023;2
Toscana;Arezzo;AR;Monterchi;51024;2
Toscana;Arezzo;AR;Monte San Savino;51025;3
Toscana;Arezzo;AR;Montevarchi;51026;3
Toscana;Arezzo;AR;Ortignano Raggiolo;51027;2
Toscana;Arezzo;AR;Pieve Santo Stefano;51030;2
Toscana;Arezzo;AR;Poppi;51031;2
Toscana;Arezzo;AR;San Giovanni Valdarno;51033;3
Toscana;Arezzo;AR;Sansepolcro;51034;2
Toscana;Arezzo;AR;Sestino;51035;2
Toscana;Arezzo;AR;Subbiano;51037;2
Toscana;Arezzo;AR;Talla;51038;2
Toscana;Arezzo;AR;Terranuova Bracciolini;51039;3
Toscana;Arezzo;AR;Castelfranco Piandiscò;51040;3
Toscana;Arezzo;AR;Pratovecchio Stia;51041;2
Toscana;Arezzo;AR;Laterina Pergine Valdarno;51042;3
Toscana;Siena;SI;Abbadia San Salvatore;52001;2
Toscana;Siena;SI;Asciano;52002;3
Toscana;Siena;SI;Buonconvento;52003;3
Toscana;Siena;SI;Casole d'Elsa;52004;3
Toscana;Siena;SI;Castellina in Chianti;52005;3
Toscana;Siena;SI;Castelnuovo Berardenga;52006;3
Toscana;Siena;SI;Castiglione d'Orcia;52007;3
Toscana;Siena;SI;Cetona;52008;3
Toscana;Siena;SI;Chianciano Terme;52009;3
Toscana;Siena;SI;Chiusdino;52010;3
Toscana;Siena;SI;Chiusi;52011;3
Toscana;Siena;SI;Colle di Val d'Elsa;52012;3
Toscana;Siena;SI;Gaiole in Chianti;52013;3
Toscana;Siena;SI;Montepulciano;52015;3
Toscana;Siena;SI;Monteriggioni;52016;3
Toscana;Siena;SI;Monteroni d'Arbia;52017;3
Toscana;Siena;SI;Monticiano;52018;3
Toscana;Siena;SI;Murlo;52019;3
Toscana;Siena;SI;Piancastagnaio;52020;2
Toscana;Siena;SI;Pienza;52021;3
Toscana;Siena;SI;Poggibonsi;52022;3
Toscana;Siena;SI;Radda in Chianti;52023;3
Toscana;Siena;SI;Radicofani;52024;2
Toscana;Siena;SI;Radicondoli;52025;3
Toscana;Siena;SI;Rapolano Terme;52026;3
Toscana;Siena;SI;San Casciano dei Bagni;52027;2
Toscana;Siena;SI;San Gimignano;52028;3
Toscana;Siena;SI;San Quirico d'Orcia;52030;3
Toscana;Siena;SI;Sarteano;52031;3
Toscana;Siena;SI;Siena;52032;3
Toscana;Siena;SI;Sinalunga;52033;3
Toscana;Siena;SI;Sovicille;52034;3
Toscana;Siena;SI;Torrita di Siena;52035;3
Toscana;Siena;SI;Trequanda;52036;3
Toscana;Siena;SI;Montalcino;52037;3
Toscana;Grosseto;GR;Arcidosso;53001;3
Toscana;Grosseto;GR;Campagnatico;53002;3
Toscana;Grosseto;GR;Capalbio;53003;4
Toscana;Grosseto;GR;Castel del Piano;53004;3
Toscana;Grosseto;GR;Castell'Azzara;53005;2
Toscana;Grosseto;GR;Castiglione della Pescaia;53006;4
Toscana;Grosseto;GR;Cinigiano;53007;3
Toscana;Grosseto;GR;Civitella Paganico;53008;3
Toscana;Grosseto;GR;Follonica;53009;4
Toscana;Grosseto;GR;Gavorrano;53010;4
Toscana;Grosseto;GR;Grosseto;53011;4
Toscana;Grosseto;GR;Isola del Giglio;53012;4
Toscana;Grosseto;GR;Magliano in Toscana;53013;4
Toscana;Grosseto;GR;Manciano;53014;3
Toscana;Grosseto;GR;Massa Marittima;53015;3
Toscana;Grosseto;GR;Monte Argentario;53016;4
Toscana;Grosseto;GR;Montieri;53017;3
Toscana;Grosseto;GR;Orbetello;53018;4
Toscana;Grosseto;GR;Pitigliano;53019;3
Toscana;Grosseto;GR;Roccalbegna;53020;3
Toscana;Grosseto;GR;Roccastrada;53021;3
Toscana;Grosseto;GR;Santa Fiora;53022;2
Toscana;Grosseto;GR;Scansano;53023;3
Toscana;Grosseto;GR;Scarlino;53024;4
Toscana;Grosseto;GR;Seggiano;53025;3
Toscana;Grosseto;GR;Sorano;53026;3
Toscana;Grosseto;GR;Monterotondo Marittimo;53027;3
Toscana;Grosseto;GR;Semproniano;53028;3
Umbria;Perugia;PG;Assisi;54001;2
Umbria;Perugia;PG;Bastia Umbra;54002;2
Umbria;Perugia;PG;Bettona;54003;2
Umbria;Perugia;PG;Bevagna;54004;2
Umbria;Perugia;PG;Campello sul Clitunno;54005;1
Umbria;Perugia;PG;Cannara;54006;2
Umbria;Perugia;PG;Cascia;54007;1
Umbria;Perugia;PG;Castel Ritaldi;54008;2
Umbria;Perugia;PG;Castiglione del Lago;54009;2
Umbria;Perugia;PG;Cerreto di Spoleto;54010;1
Umbria;Perugia;PG;Citerna;54011;2
Umbria;Perugia;PG;Città della Pieve;54012;3
Umbria;Perugia;PG;Città di Castello;54013;2
Umbria;Perugia;PG;Collazzone;54014;2
Umbria;Perugia;PG;Corciano;54015;2
Umbria;Perugia;PG;Costacciaro;54016;2
Umbria;Perugia;PG;Deruta;54017;2
Umbria;Perugia;PG;Foligno;54018;1
Umbria;Perugia;PG;Fossato di Vico;54019;2
Umbria;Perugia;PG;Fratta Todina;54020;2
Umbria;Perugia;PG;Giano dell'Umbria;54021;2
Umbria;Perugia;PG;Gualdo Cattaneo;54022;2
Umbria;Perugia;PG;Gualdo Tadino;54023;2
Umbria;Perugia;PG;Gubbio;54024;2
Umbria;Perugia;PG;Lisciano Niccone;54025;2
Umbria;Perugia;PG;Magione;54026;2
Umbria;Perugia;PG;Marsciano;54027;2
Umbria;Perugia;PG;Massa Martana;54028;2
Umbria;Perugia;PG;Monte Castello di Vibio;54029;2
Umbria;Perugia;PG;Montefalco;54030;2
Umbria;Perugia;PG;Monteleone di Spoleto;54031;1
Umbria;Perugia;PG;Monte Santa Maria Tiberina;54032;2
Umbria;Perugia;PG;Montone;54033;2
Umbria;Perugia;PG;Nocera Umbra;54034;2
Umbria;Perugia;PG;Norcia;54035;1
Umbria;Perugia;PG;Paciano;54036;2
Umbria;Perugia;PG;Panicale;54037;2
Umbria;Perugia;PG;Passignano sul Trasimeno;54038;2
Umbria;Perugia;PG;Perugia;54039;2
Umbria;Perugia;PG;Piegaro;54040;2
Umbria;Perugia;PG;Pietralunga;54041;2
Umbria;Perugia;PG;Poggiodomo;54042;1
Umbria;Perugia;PG;Preci;54043;1
Umbria;Perugia;PG;San Giustino;54044;2
Umbria;Perugia;PG;Sant'Anatolia di Narco;54045;1
Umbria;Perugia;PG;Scheggia e Pascelupo;54046;2
Umbria;Perugia;PG;Scheggino;54047;1
Umbria;Perugia;PG;Sellano;54048;1
Umbria;Perugia;PG;Sigillo;54049;2
Umbria;Perugia;PG;Spello;54050;2
Umbria;Perugia;PG;Spoleto;54051;1
Umbria;Perugia;PG;Todi;54052;2
Umbria;Perugia;PG;Torgiano;54053;2
Umbria;Perugia;PG;Trevi;54054;1
Umbria;Perugia;PG;Tuoro sul Trasimeno;54055;2
Umbria;Perugia;PG;Umbertide;54056;2
Umbria;Perugia;PG;Valfabbrica;54057;2
Umbria;Perugia;PG;Vallo di Nera;54058;1
Umbria;Perugia;PG;Valtopina;54059;2
Umbria;Terni;TR;Acquasparta;55001;2
Umbria;Terni;TR;Allerona;55002;3
Umbria;Terni;TR;Alviano;55003;3
Umbria;Terni;TR;Amelia;55004;2
Umbria;Terni;TR;Arrone;55005;1
Umbria;Terni;TR;Attigliano;55006;3
Umbria;Terni;TR;Baschi;55007;2
Umbria;Terni;TR;Calvi dell'Umbria;55008;2
Umbria;Terni;TR;Castel Giorgio;55009;3
Umbria;Terni;TR;Castel Viscardo;55010;3
Umbria;Terni;TR;Fabro;55011;3
Umbria;Terni;TR;Ferentillo;55012;1
Umbria;Terni;TR;Ficulle;55013;3
Umbria;Terni;TR;Giove;55014;3
Umbria;Terni;TR;Guardea;55015;3
Umbria;Terni;TR;Lugnano in Teverina;55016;3
Umbria;Terni;TR;Montecastrilli;55017;2
Umbria;Terni;TR;Montecchio;55018;3
Umbria;Terni;TR;Montefranco;55019;1
Umbria;Terni;TR;Montegabbione;55020;3
Umbria;Terni;TR;Monteleone d'Orvieto;55021;3
Umbria;Terni;TR;Narni;55022;2
Umbria;Terni;TR;Orvieto;55023;3
Umbria;Terni;TR;Otricoli;55024;2
Umbria;Terni;TR;Parrano;55025;3
Umbria;Terni;TR;Penna in Teverina;55026;3
Umbria;Terni;TR;Polino;55027;1
Umbria;Terni;TR;Porano;55028;3
Umbria;Terni;TR;San Gemini;55029;2
Umbria;Terni;TR;San Venanzo;55030;2
Umbria;Terni;TR;Stroncone;55031;2
Umbria;Terni;TR;Terni;55032;2
Umbria;Terni;TR;Avigliano Umbro;55033;2
Lazio;Viterbo;VT;Acquapendente;56001;2B
Lazio;Viterbo;VT;Arlena di Castro;56002;2B
Lazio;Viterbo;VT;Bagnoregio;56003;2B
Lazio;Viterbo;VT;Barbarano Romano;56004;3A
Lazio;Viterbo;VT;Bassano Romano;56005;3B
Lazio;Viterbo;VT;Bassano in Teverina;56006;2B
Lazio;Viterbo;VT;Blera;56007;2B
Lazio;Viterbo;VT;Bolsena;56008;2B
Lazio;Viterbo;VT;Bomarzo;56009;2B
Lazio;Viterbo;VT;Calcata;56010;3A
Lazio;Viterbo;VT;Canepina;56011;3A
Lazio;Viterbo;VT;Canino;56012;2B
Lazio;Viterbo;VT;Capodimonte;56013;2B
Lazio;Viterbo;VT;Capranica;56014;3A
Lazio;Viterbo;VT;Caprarola;56015;3A
Lazio;Viterbo;VT;Carbognano;56016;3A
Lazio;Viterbo;VT;Castel Sant'Elia;56017;3A
Lazio;Viterbo;VT;Castiglione in Teverina;56018;2B
Lazio;Viterbo;VT;Celleno;56019;2B
Lazio;Viterbo;VT;Cellere;56020;2B
Lazio;Viterbo;VT;Civita Castellana;56021;2B
Lazio;Viterbo;VT;Civitella d'Agliano;56022;2B
Lazio;Viterbo;VT;Corchiano;56023;3A
Lazio;Viterbo;VT;Fabrica di Roma;56024;3A
Lazio;Viterbo;VT;Faleria;56025;3A
Lazio;Viterbo;VT;Farnese;56026;2B
Lazio;Viterbo;VT;Gallese;56027;2B
Lazio;Viterbo;VT;Gradoli;56028;2B
Lazio;Viterbo;VT;Graffignano;56029;2B
Lazio;Viterbo;VT;Grotte di Castro;56030;2B
Lazio;Viterbo;VT;Ischia di Castro;56031;2B
Lazio;Viterbo;VT;Latera;56032;2B
Lazio;Viterbo;VT;Lubriano;56033;2B
Lazio;Viterbo;VT;Marta;56034;2B
Lazio;Viterbo;VT;Montalto di Castro;56035;3B
Lazio;Viterbo;VT;Montefiascone;56036;2B
Lazio;Viterbo;VT;Monte Romano;56037;2B
Lazio;Viterbo;VT;Monterosi;56038;3B
Lazio;Viterbo;VT;Nepi;56039;3A-3B
Lazio;Viterbo;VT;Onano;56040;2B
Lazio;Viterbo;VT;Oriolo Romano;56041;3B
Lazio;Viterbo;VT;Orte;56042;2B
Lazio;Viterbo;VT;Piansano;56043;2B
Lazio;Viterbo;VT;Proceno;56044;2B
Lazio;Viterbo;VT;Ronciglione;56045;3A
Lazio;Viterbo;VT;Villa San Giovanni in Tuscia;56046;2B
Lazio;Viterbo;VT;San Lorenzo Nuovo;56047;2B
Lazio;Viterbo;VT;Soriano nel Cimino;56048;2B
Lazio;Viterbo;VT;Sutri;56049;3B
Lazio;Viterbo;VT;Tarquinia;56050;3B
Lazio;Viterbo;VT;Tessennano;56051;2B
Lazio;Viterbo;VT;Tuscania;56052;2B
Lazio;Viterbo;VT;Valentano;56053;2B
Lazio;Viterbo;VT;Vallerano;56054;3A
Lazio;Viterbo;VT;Vasanello;56055;2B
Lazio;Viterbo;VT;Vejano;56056;2B-3A
Lazio;Viterbo;VT;Vetralla;56057;2B
Lazio;Viterbo;VT;Vignanello;56058;3A
Lazio;Viterbo;VT;Viterbo;56059;2B
Lazio;Viterbo;VT;Vitorchiano;56060;2B
Lazio;Rieti;RI;Accumoli;57001;1
Lazio;Rieti;RI;Amatrice;57002;1
Lazio;Rieti;RI;Antrodoco;57003;1
Lazio;Rieti;RI;Ascrea;57004;2B
Lazio;Rieti;RI;Belmonte in Sabina;57005;2B
Lazio;Rieti;RI;Borbona;57006;1
Lazio;Rieti;RI;Borgorose;57007;1
Lazio;Rieti;RI;Borgo Velino;57008;1
Lazio;Rieti;RI;Cantalice;57009;2A
Lazio;Rieti;RI;Cantalupo in Sabina;57010;2B
Lazio;Rieti;RI;Casaprota;57011;2B
Lazio;Rieti;RI;Casperia;57012;2B
Lazio;Rieti;RI;Castel di Tora;57013;2B
Lazio;Rieti;RI;Castelnuovo di Farfa;57014;2B
Lazio;Rieti;RI;Castel Sant'Angelo;57015;1
Lazio;Rieti;RI;Cittaducale;57016;2A
Lazio;Rieti;RI;Cittareale;57017;1
Lazio;Rieti;RI;Collalto Sabino;57018;2B
Lazio;Rieti;RI;Colle di Tora;57019;2B
Lazio;Rieti;RI;Collegiove;57020;2B
Lazio;Rieti;RI;Collevecchio;57021;2B
Lazio;Rieti;RI;Colli sul Velino;57022;2B
Lazio;Rieti;RI;Concerviano;57023;2B
Lazio;Rieti;RI;Configni;57024;2B
Lazio;Rieti;RI;Contigliano;57025;2B
Lazio;Rieti;RI;Cottanello;57026;2B
Lazio;Rieti;RI;Fara in Sabina;57027;2B
Lazio;Rieti;RI;Fiamignano;57028;1
Lazio;Rieti;RI;Forano;57029;2B
Lazio;Rieti;RI;Frasso Sabino;57030;2B
Lazio;Rieti;RI;Greccio;57031;2B
Lazio;Rieti;RI;Labro;57032;2B
Lazio;Rieti;RI;Leonessa;57033;1
Lazio;Rieti;RI;Longone Sabino;57034;2B
Lazio;Rieti;RI;Magliano Sabina;57035;2B
Lazio;Rieti;RI;Marcetelli;57036;2B
Lazio;Rieti;RI;Micigliano;57037;1
Lazio;Rieti;RI;Mompeo;57038;2B
Lazio;Rieti;RI;Montasola;57039;2B
Lazio;Rieti;RI;Montebuono;57040;2B
Lazio;Rieti;RI;Monteleone Sabino;57041;2B
Lazio;Rieti;RI;Montenero Sabino;57042;2B
Lazio;Rieti;RI;Monte San Giovanni in Sabina;57043;2B
Lazio;Rieti;RI;Montopoli di Sabina;57044;2B
Lazio;Rieti;RI;Morro Reatino;57045;2A
Lazio;Rieti;RI;Nespolo;57046;2B
Lazio;Rieti;RI;Orvinio;57047;2B
Lazio;Rieti;RI;Paganico Sabino;57048;2B
Lazio;Rieti;RI;Pescorocchiano;57049;1-2A
Lazio;Rieti;RI;Petrella Salto;57050;2A
Lazio;Rieti;RI;Poggio Bustone;57051;2A
Lazio;Rieti;RI;Poggio Catino;57052;2B
Lazio;Rieti;RI;Poggio Mirteto;57053;2B
Lazio;Rieti;RI;Poggio Moiano;57054;2B
Lazio;Rieti;RI;Poggio Nativo;57055;2B
Lazio;Rieti;RI;Poggio San Lorenzo;57056;2B
Lazio;Rieti;RI;Posta;57057;1
Lazio;Rieti;RI;Pozzaglia Sabina;57058;2B
Lazio;Rieti;RI;Rieti;57059;2A-2B
Lazio;Rieti;RI;Rivodutri;57060;2A
Lazio;Rieti;RI;Roccantica;57061;2B
Lazio;Rieti;RI;Rocca Sinibalda;57062;2B
Lazio;Rieti;RI;Salisano;57063;2B
Lazio;Rieti;RI;Scandriglia;57064;2B
Lazio;Rieti;RI;Selci;57065;2B
Lazio;Rieti;RI;Stimigliano;57066;2B
Lazio;Rieti;RI;Tarano;57067;2B
Lazio;Rieti;RI;Toffia;57068;2B
Lazio;Rieti;RI;Torricella in Sabina;57069;2B
Lazio;Rieti;RI;Torri in Sabina;57070;2B
Lazio;Rieti;RI;Turania;57071;2B
Lazio;Rieti;RI;Vacone;57072;2B
Lazio;Rieti;RI;Varco Sabino;57073;2B
Lazio;Roma;RM;Affile;58001;2B
Lazio;Roma;RM;Agosta;58002;2B
Lazio;Roma;RM;Albano Laziale;58003;2B
Lazio;Roma;RM;Allumiere;58004;3B
Lazio;Roma;RM;Anguillara Sabazia;58005;3B
Lazio;Roma;RM;Anticoli Corrado;58006;2B
Lazio;Roma;RM;Anzio;58007;3A
Lazio;Roma;RM;Arcinazzo Romano;58008;2B
Lazio;Roma;RM;Ariccia;58009;2B
Lazio;Roma;RM;Arsoli;58010;2B
Lazio;Roma;RM;Artena;58011;2B
Lazio;Roma;RM;Bellegra;58012;2B
Lazio;Roma;RM;Bracciano;58013;3B
Lazio;Roma;RM;Camerata Nuova;58014;2B
Lazio;Roma;RM;Campagnano di Roma;58015;3A
Lazio;Roma;RM;Canale Monterano;58016;3B
Lazio;Roma;RM;Canterano;58017;2B
Lazio;Roma;RM;Capena;58018;2B
Lazio;Roma;RM;Capranica Prenestina;58019;2B
Lazio;Roma;RM;Carpineto Romano;58020;3A
Lazio;Roma;RM;Casape;58021;2B
Lazio;Roma;RM;Castel Gandolfo;58022;2B
Lazio;Roma;RM;Castel Madama;58023;2B
Lazio;Roma;RM;Castelnuovo di Porto;58024;3A
Lazio;Roma;RM;Castel San Pietro Romano;58025;2B
Lazio;Roma;RM;Cave;58026;2B
Lazio;Roma;RM;Cerreto Laziale;58027;2B
Lazio;Roma;RM;Cervara di Roma;58028;2B
Lazio;Roma;RM;Cerveteri;58029;3B
Lazio;Roma;RM;Ciciliano;58030;2B
Lazio;Roma;RM;Cineto Romano;58031;2B
Lazio;Roma;RM;Civitavecchia;58032;3B
Lazio;Roma;RM;Civitella San Paolo;58033;2B
Lazio;Roma;RM;Colleferro;58034;2B
Lazio;Roma;RM;Colonna;58035;2B
Lazio;Roma;RM;Fiano Romano;58036;2B
Lazio;Roma;RM;Filacciano;58037;2B
Lazio;Roma;RM;Formello;58038;3A
Lazio;Roma;RM;Frascati;58039;2B
Lazio;Roma;RM;Gallicano nel Lazio;58040;2B
Lazio;Roma;RM;Gavignano;58041;2B
Lazio;Roma;RM;Genazzano;58042;2B
Lazio;Roma;RM;Genzano di Roma;58043;2B
Lazio;Roma;RM;Gerano;58044;2B
Lazio;Roma;RM;Gorga;58045;2B
Lazio;Roma;RM;Grottaferrata;58046;2B
Lazio;Roma;RM;Guidonia Montecelio;58047;2B
Lazio;Roma;RM;Jenne;58048;2B
Lazio;Roma;RM;Labico;58049;2B
Lazio;Roma;RM;Lanuvio;58050;2B
Lazio;Roma;RM;Licenza;58051;2B
Lazio;Roma;RM;Magliano Romano;58052;3A
Lazio;Roma;RM;Mandela;58053;2B
Lazio;Roma;RM;Manziana;58054;3B
Lazio;Roma;RM;Marano Equo;58055;2B
Lazio;Roma;RM;Marcellina;58056;2B
Lazio;Roma;RM;Marino;58057;2B
Lazio;Roma;RM;Mazzano Romano;58058;3A
Lazio;Roma;RM;Mentana;58059;2B
Lazio;Roma;RM;Monte Compatri;58060;2B
Lazio;Roma;RM;Monteflavio;58061;2B
Lazio;Roma;RM;Montelanico;58062;2B
Lazio;Roma;RM;Montelibretti;58063;2B
Lazio;Roma;RM;Monte Porzio Catone;58064;2B
Lazio;Roma;RM;Monterotondo;58065;2B
Lazio;Roma;RM;Montorio Romano;58066;2B
Lazio;Roma;RM;Moricone;58067;2B
Lazio;Roma;RM;Morlupo;58068;3A
Lazio;Roma;RM;Nazzano;58069;2B
Lazio;Roma;RM;Nemi;58070;2B
Lazio;Roma;RM;Nerola;58071;2B
Lazio;Roma;RM;Nettuno;58072;3A
Lazio;Roma;RM;Olevano Romano;58073;2B
Lazio;Roma;RM;Palestrina;58074;2B
Lazio;Roma;RM;Palombara Sabina;58075;2B
Lazio;Roma;RM;Percile;58076;2B
Lazio;Roma;RM;Pisoniano;58077;2B
Lazio;Roma;RM;Poli;58078;2B
Lazio;Roma;RM;Pomezia;58079;2B
Lazio;Roma;RM;Ponzano Romano;58080;2B
Lazio;Roma;RM;Riano;58081;3A
Lazio;Roma;RM;Rignano Flaminio;58082;3A
Lazio;Roma;RM;Riofreddo;58083;2B
Lazio;Roma;RM;Rocca Canterano;58084;2B
Lazio;Roma;RM;Rocca di Cave;58085;2B
Lazio;Roma;RM;Rocca di Papa;58086;2B
Lazio;Roma;RM;Roccagiovine;58087;2B
Lazio;Roma;RM;Rocca Priora;58088;2B
Lazio;Roma;RM;Rocca Santo Stefano;58089;2B
Lazio;Roma;RM;Roiate;58090;2B
Lazio;Roma;RM;Roma;58091;2A-3A-3B
Lazio;Roma;RM;Roviano;58092;2B
Lazio;Roma;RM;Sacrofano;58093;3A
Lazio;Roma;RM;Sambuci;58094;2B
Lazio;Roma;RM;San Gregorio da Sassola;58095;2B
Lazio;Roma;RM;San Polo dei Cavalieri;58096;2B
Lazio;Roma;RM;Santa Marinella;58097;3B
Lazio;Roma;RM;Sant'Angelo Romano;58098;2B
Lazio;Roma;RM;Sant'Oreste;58099;2B
Lazio;Roma;RM;San Vito Romano;58100;2B
Lazio;Roma;RM;Saracinesco;58101;2B
Lazio;Roma;RM;Segni;58102;2B
Lazio;Roma;RM;Subiaco;58103;2B
Lazio;Roma;RM;Tivoli;58104;2B
Lazio;Roma;RM;Tolfa;58105;3B
Lazio;Roma;RM;Torrita Tiberina;58106;2B
Lazio;Roma;RM;Trevignano Romano;58107;3B
Lazio;Roma;RM;Vallepietra;58108;2B
Lazio;Roma;RM;Vallinfreda;58109;2B
Lazio;Roma;RM;Valmontone;58110;2B
Lazio;Roma;RM;Velletri;58111;2B
Lazio;Roma;RM;Vicovaro;58112;2B
Lazio;Roma;RM;Vivaro Romano;58113;2B
Lazio;Roma;RM;Zagarolo;58114;2B
Lazio;Roma;RM;Lariano;58115;2B
Lazio;Roma;RM;Ladispoli;58116;3B
Lazio;Roma;RM;Ardea;58117;2B
Lazio;Roma;RM;Ciampino;58118;2B
Lazio;Roma;RM;San Cesareo;58119;2B
Lazio;Roma;RM;Fiumicino;58120;3B
Lazio;Roma;RM;Fonte Nuova;58122;2B
Lazio;Latina;LT;Aprilia;59001;2B
Lazio;Latina;LT;Bassiano;59002;3A
Lazio;Latina;LT;Campodimele;59003;3A
Lazio;Latina;LT;Castelforte;59004;3A
Lazio;Latina;LT;Cisterna di Latina;59005;3A
Lazio;Latina;LT;Cori;59006;2B
Lazio;Latina;LT;Fondi;59007;3B
Lazio;Latina;LT;Formia;59008;3A
Lazio;Latina;LT;Gaeta;59009;3A
Lazio;Latina;LT;Itri;59010;3A
Lazio;Latina;LT;Latina;59011;3A
Lazio;Latina;LT;Lenola;59012;3A
Lazio;Latina;LT;Maenza;59013;3A
Lazio;Latina;LT;Minturno;59014;3A
Lazio;Latina;LT;Monte San Biagio;59015;3B
Lazio;Latina;LT;Norma;59016;3A
Lazio;Latina;LT;Pontinia;59017;3B
Lazio;Latina;LT;Ponza;59018;3B
Lazio;Latina;LT;Priverno;59019;3A
Lazio;Latina;LT;Prossedi;59020;3A
Lazio;Latina;LT;Roccagorga;59021;3A
Lazio;Latina;LT;Rocca Massima;59022;2B
Lazio;Latina;LT;Roccasecca dei Volsci;59023;3A
Lazio;Latina;LT;Sabaudia;59024;3B
Lazio;Latina;LT;San Felice Circeo;59025;3B
Lazio;Latina;LT;Santi Cosma e Damiano;59026;3A
Lazio;Latina;LT;Sermoneta;59027;3A
Lazio;Latina;LT;Sezze;59028;3B
Lazio;Latina;LT;Sonnino;59029;3B
Lazio;Latina;LT;Sperlonga;59030;3B
Lazio;Latina;LT;Spigno Saturnia;59031;3A
Lazio;Latina;LT;Terracina;59032;3B
Lazio;Latina;LT;Ventotene;59033;3B
Lazio;Frosinone;FR;Acquafondata;60001;1
Lazio;Frosinone;FR;Acuto;60002;2B
Lazio;Frosinone;FR;Alatri;60003;2B
Lazio;Frosinone;FR;Alvito;60004;1
Lazio;Frosinone;FR;Amaseno;60005;3A
Lazio;Frosinone;FR;Anagni;60006;2B
Lazio;Frosinone;FR;Aquino;60007;2A
Lazio;Frosinone;FR;Arce;60008;2A
Lazio;Frosinone;FR;Arnara;60009;2B
Lazio;Frosinone;FR;Arpino;60010;1
Lazio;Frosinone;FR;Atina;60011;1
Lazio;Frosinone;FR;Ausonia;60012;2B
Lazio;Frosinone;FR;Belmonte Castello;60013;1
Lazio;Frosinone;FR;Boville Ernica;60014;2B
Lazio;Frosinone;FR;Broccostella;60015;1
Lazio;Frosinone;FR;Campoli Appennino;60016;1
Lazio;Frosinone;FR;Casalattico;60017;1
Lazio;Frosinone;FR;Casalvieri;60018;1
Lazio;Frosinone;FR;Cassino;60019;2A
Lazio;Frosinone;FR;Castelliri;60020;2A
Lazio;Frosinone;FR;Castelnuovo Parano;60021;2B
Lazio;Frosinone;FR;Castrocielo;60022;2A
Lazio;Frosinone;FR;Castro dei Volsci;60023;2B
Lazio;Frosinone;FR;Ceccano;60024;2B
Lazio;Frosinone;FR;Ceprano;60025;2B
Lazio;Frosinone;FR;Cervaro;60026;1
Lazio;Frosinone;FR;Colfelice;60027;2A-2B
Lazio;Frosinone;FR;Collepardo;60028;2B
Lazio;Frosinone;FR;Colle San Magno;60029;1
Lazio;Frosinone;FR;Coreno Ausonio;60030;2B
Lazio;Frosinone;FR;Esperia;60031;2B
Lazio;Frosinone;FR;Falvaterra;60032;2B
Lazio;Frosinone;FR;Ferentino;60033;2B
Lazio;Frosinone;FR;Filettino;60034;2B
Lazio;Frosinone;FR;Fiuggi;60035;2B
Lazio;Frosinone;FR;Fontana Liri;60036;2A
Lazio;Frosinone;FR;Fontechiari;60037;1
Lazio;Frosinone;FR;Frosinone;60038;2B
Lazio;Frosinone;FR;Fumone;60039;2B
Lazio;Frosinone;FR;Gallinaro;60040;1
Lazio;Frosinone;FR;Giuliano di Roma;60041;2B
Lazio;Frosinone;FR;Guarcino;60042;2B
Lazio;Frosinone;FR;Isola del Liri;60043;1
Lazio;Frosinone;FR;Monte San Giovanni Campano;60044;2A
Lazio;Frosinone;FR;Morolo;60045;2B
Lazio;Frosinone;FR;Paliano;60046;2B
Lazio;Frosinone;FR;Pastena;60047;2B
Lazio;Frosinone;FR;Patrica;60048;2B
Lazio;Frosinone;FR;Pescosolido;60049;1
Lazio;Frosinone;FR;Picinisco;60050;1
Lazio;Frosinone;FR;Pico;60051;2B
Lazio;Frosinone;FR;Piedimonte San Germano;60052;2A
Lazio;Frosinone;FR;Piglio;60053;2B
Lazio;Frosinone;FR;Pignataro Interamna;60054;2A
Lazio;Frosinone;FR;Pofi;60055;2B
Lazio;Frosinone;FR;Pontecorvo;60056;2B
Lazio;Frosinone;FR;Posta Fibreno;60057;1
Lazio;Frosinone;FR;Ripi;60058;2B
Lazio;Frosinone;FR;Rocca d'Arce;60059;1
Lazio;Frosinone;FR;Roccasecca;60060;2A
Lazio;Frosinone;FR;San Biagio Saracinisco;60061;1
Lazio;Frosinone;FR;San Donato Val di Comino;60062;1
Lazio;Frosinone;FR;San Giorgio a Liri;60063;2B
Lazio;Frosinone;FR;San Giovanni Incarico;60064;2B
Lazio;Frosinone;FR;Sant'Ambrogio sul Garigliano;60065;2B
Lazio;Frosinone;FR;Sant'Andrea del Garigliano;60066;2B
Lazio;Frosinone;FR;Sant'Apollinare;60067;2B
Lazio;Frosinone;FR;Sant'Elia Fiumerapido;60068;1
Lazio;Frosinone;FR;Santopadre;60069;1
Lazio;Frosinone;FR;San Vittore del Lazio;60070;1
Lazio;Frosinone;FR;Serrone;60071;2B
Lazio;Frosinone;FR;Settefrati;60072;1
Lazio;Frosinone;FR;Sgurgola;60073;2B
Lazio;Frosinone;FR;Sora;60074;1
Lazio;Frosinone;FR;Strangolagalli;60075;2B
Lazio;Frosinone;FR;Supino;60076;2B
Lazio;Frosinone;FR;Terelle;60077;1
Lazio;Frosinone;FR;Torre Cajetani;60078;2B
Lazio;Frosinone;FR;Torrice;60079;2B
Lazio;Frosinone;FR;Trevi nel Lazio;60080;2B
Lazio;Frosinone;FR;Trivigliano;60081;2B
Lazio;Frosinone;FR;Vallecorsa;60082;3A
Lazio;Frosinone;FR;Vallemaio;60083;2B
Lazio;Frosinone;FR;Vallerotonda;60084;1
Lazio;Frosinone;FR;Veroli;60085;2B
Lazio;Frosinone;FR;Vicalvi;60086;1
Lazio;Frosinone;FR;Vico nel Lazio;60087;2B
Lazio;Frosinone;FR;Villa Latina;60088;1
Lazio;Frosinone;FR;Villa Santa Lucia;60089;2A
Lazio;Frosinone;FR;Villa Santo Stefano;60090;2B
Lazio;Frosinone;FR;Viticuso;60091;1
Campania;Caserta;CE;Ailano;61001;2
Campania;Caserta;CE;Alife;61002;2
Campania;Caserta;CE;Alvignano;61003;2
Campania;Caserta;CE;Arienzo;61004;2
Campania;Caserta;CE;Aversa;61005;2
Campania;Caserta;CE;Baia e Latina;61006;2
Campania;Caserta;CE;Bellona;61007;2
Campania;Caserta;CE;Caianello;61008;2
Campania;Caserta;CE;Caiazzo;61009;2
Campania;Caserta;CE;Calvi Risorta;61010;2
Campania;Caserta;CE;Camigliano;61011;2
Campania;Caserta;CE;Cancello ed Arnone;61012;3
Campania;Caserta;CE;Capodrise;61013;2
Campania;Caserta;CE;Capriati a Volturno;61014;2
Campania;Caserta;CE;Capua;61015;2
Campania;Caserta;CE;Carinaro;61016;2
Campania;Caserta;CE;Carinola;61017;2
Campania;Caserta;CE;Casagiove;61018;2
Campania;Caserta;CE;Casal di Principe;61019;2
Campania;Caserta;CE;Casaluce;61020;2
Campania;Caserta;CE;Casapulla;61021;2
Campania;Caserta;CE;Caserta;61022;2
Campania;Caserta;CE;Castel Campagnano;61023;2
Campania;Caserta;CE;Castel di Sasso;61024;2
Campania;Caserta;CE;Castello del Matese;61025;1
Campania;Caserta;CE;Castel Morrone;61026;2
Campania;Caserta;CE;Castel Volturno;61027;3
Campania;Caserta;CE;Cervino;61028;2
Campania;Caserta;CE;Cesa;61029;2
Campania;Caserta;CE;Ciorlano;61030;2
Campania;Caserta;CE;Conca della Campania;61031;2
Campania;Caserta;CE;Curti;61032;2
Campania;Caserta;CE;Dragoni;61033;2
Campania;Caserta;CE;Fontegreca;61034;2
Campania;Caserta;CE;Formicola;61035;2
Campania;Caserta;CE;Francolise;61036;2
Campania;Caserta;CE;Frignano;61037;2
Campania;Caserta;CE;Gallo Matese;61038;2
Campania;Caserta;CE;Galluccio;61039;2
Campania;Caserta;CE;Giano Vetusto;61040;2
Campania;Caserta;CE;Gioia Sannitica;61041;1
Campania;Caserta;CE;Grazzanise;61042;2
Campania;Caserta;CE;Gricignano di Aversa;61043;2
Campania;Caserta;CE;Letino;61044;2
Campania;Caserta;CE;Liberi;61045;2
Campania;Caserta;CE;Lusciano;61046;2
Campania;Caserta;CE;Macerata Campania;61047;2
Campania;Caserta;CE;Maddaloni;61048;2
Campania;Caserta;CE;Marcianise;61049;2
Campania;Caserta;CE;Marzano Appio;61050;2
Campania;Caserta;CE;Mignano Monte Lungo;61051;2
Campania;Caserta;CE;Mondragone;61052;3
Campania;Caserta;CE;Orta di Atella;61053;2
Campania;Caserta;CE;Parete;61054;2
Campania;Caserta;CE;Pastorano;61055;2
Campania;Caserta;CE;Piana di Monte Verna;61056;2
Campania;Caserta;CE;Piedimonte Matese;61057;1
Campania;Caserta;CE;Pietramelara;61058;2
Campania;Caserta;CE;Pietravairano;61059;2
Campania;Caserta;CE;Pignataro Maggiore;61060;2
Campania;Caserta;CE;Pontelatone;61061;2
Campania;Caserta;CE;Portico di Caserta;61062;2
Campania;Caserta;CE;Prata Sannita;61063;2
Campania;Caserta;CE;Pratella;61064;2
Campania;Caserta;CE;Presenzano;61065;2
Campania;Caserta;CE;Raviscanina;61066;2
Campania;Caserta;CE;Recale;61067;2
Campania;Caserta;CE;Riardo;61068;2
Campania;Caserta;CE;Rocca d'Evandro;61069;2
Campania;Caserta;CE;Roccamonfina;61070;2
Campania;Caserta;CE;Roccaromana;61071;2
Campania;Caserta;CE;Rocchetta e Croce;61072;2
Campania;Caserta;CE;Ruviano;61073;2
Campania;Caserta;CE;San Cipriano d'Aversa;61074;2
Campania;Caserta;CE;San Felice a Cancello;61075;2
Campania;Caserta;CE;San Gregorio Matese;61076;1
Campania;Caserta;CE;San Marcellino;61077;2
Campania;Caserta;CE;San Nicola la Strada;61078;2
Campania;Caserta;CE;San Pietro Infine;61079;2
Campania;Caserta;CE;San Potito Sannitico;61080;1
Campania;Caserta;CE;San Prisco;61081;2
Campania;Caserta;CE;Santa Maria a Vico;61082;2
Campania;Caserta;CE;Santa Maria Capua Vetere;61083;2
Campania;Caserta;CE;Santa Maria la Fossa;61084;2
Campania;Caserta;CE;San Tammaro;61085;2
Campania;Caserta;CE;Sant'Angelo d'Alife;61086;2
Campania;Caserta;CE;Sant'Arpino;61087;2
Campania;Caserta;CE;Sessa Aurunca;61088;2
Campania;Caserta;CE;Sparanise;61089;2
Campania;Caserta;CE;Succivo;61090;2
Campania;Caserta;CE;Teano;61091;2
Campania;Caserta;CE;Teverola;61092;2
Campania;Caserta;CE;Tora e Piccilli;61093;2
Campania;Caserta;CE;Trentola Ducenta;61094;2
Campania;Caserta;CE;Vairano Patenora;61095;2
Campania;Caserta;CE;Valle Agricola;61096;2
Campania;Caserta;CE;Valle di Maddaloni;61097;2
Campania;Caserta;CE;Villa di Briano;61098;2
Campania;Caserta;CE;Villa Literno;61099;2
Campania;Caserta;CE;Vitulazio;61100;2
Campania;Caserta;CE;Falciano del Massico;61101;2
Campania;Caserta;CE;Cellole;61102;2
Campania;Caserta;CE;Casapesenna;61103;2
Campania;Caserta;CE;San Marco Evangelista;61104;2
Campania;Benevento;BN;Airola;62001;2
Campania;Benevento;BN;Amorosi;62002;2
Campania;Benevento;BN;Apice;62003;1
Campania;Benevento;BN;Apollosa;62004;1
Campania;Benevento;BN;Arpaia;62005;2
Campania;Benevento;BN;Arpaise;62006;2
Campania;Benevento;BN;Baselice;62007;2
Campania;Benevento;BN;Benevento;62008;1
Campania;Benevento;BN;Bonea;62009;2
Campania;Benevento;BN;Bucciano;62010;2
Campania;Benevento;BN;Buonalbergo;62011;1
Campania;Benevento;BN;Calvi;62012;1
Campania;Benevento;BN;Campolattaro;62013;1
Campania;Benevento;BN;Campoli del Monte Taburno;62014;1
Campania;Benevento;BN;Casalduni;62015;1
Campania;Benevento;BN;Castelfranco in Miscano;62016;2
Campania;Benevento;BN;Castelpagano;62017;1
Campania;Benevento;BN;Castelpoto;62018;1
Campania;Benevento;BN;Castelvenere;62019;1
Campania;Benevento;BN;Castelvetere in Val Fortore;62020;2
Campania;Benevento;BN;Cautano;62021;1
Campania;Benevento;BN;Ceppaloni;62022;2
Campania;Benevento;BN;Cerreto Sannita;62023;1
Campania;Benevento;BN;Circello;62024;1
Campania;Benevento;BN;Colle Sannita;62025;1
Campania;Benevento;BN;Cusano Mutri;62026;1
Campania;Benevento;BN;Dugenta;62027;2
Campania;Benevento;BN;Durazzano;62028;2
Campania;Benevento;BN;Faicchio;62029;1
Campania;Benevento;BN;Foglianise;62030;1
Campania;Benevento;BN;Foiano di Val Fortore;62031;2
Campania;Benevento;BN;Forchia;62032;2
Campania;Benevento;BN;Fragneto l'Abate;62033;1
Campania;Benevento;BN;Fragneto Monforte;62034;1
Campania;Benevento;BN;Frasso Telesino;62035;2
Campania;Benevento;BN;Ginestra degli Schiavoni;62036;2
Campania;Benevento;BN;Guardia Sanframondi;62037;1
Campania;Benevento;BN;Limatola;62038;2
Campania;Benevento;BN;Melizzano;62039;2
Campania;Benevento;BN;Moiano;62040;2
Campania;Benevento;BN;Molinara;62041;1
Campania;Benevento;BN;Montefalcone di Val Fortore;62042;2
Campania;Benevento;BN;Montesarchio;62043;2
Campania;Benevento;BN;Morcone;62044;1
Campania;Benevento;BN;Paduli;62045;1
Campania;Benevento;BN;Pago Veiano;62046;1
Campania;Benevento;BN;Pannarano;62047;2
Campania;Benevento;BN;Paolisi;62048;2
Campania;Benevento;BN;Paupisi;62049;1
Campania;Benevento;BN;Pesco Sannita;62050;1
Campania;Benevento;BN;Pietraroja;62051;1
Campania;Benevento;BN;Pietrelcina;62052;1
Campania;Benevento;BN;Ponte;62053;1
Campania;Benevento;BN;Pontelandolfo;62054;1
Campania;Benevento;BN;Puglianello;62055;2
Campania;Benevento;BN;Reino;62056;1
Campania;Benevento;BN;San Bartolomeo in Galdo;62057;2
Campania;Benevento;BN;San Giorgio del Sannio;62058;1
Campania;Benevento;BN;San Giorgio La Molara;62059;1
Campania;Benevento;BN;San Leucio del Sannio;62060;1
Campania;Benevento;BN;San Lorenzello;62061;1
Campania;Benevento;BN;San Lorenzo Maggiore;62062;1
Campania;Benevento;BN;San Lupo;62063;1
Campania;Benevento;BN;San Marco dei Cavoti;62064;1
Campania;Benevento;BN;San Martino Sannita;62065;1
Campania;Benevento;BN;San Nazzaro;62066;1
Campania;Benevento;BN;San Nicola Manfredi;62067;1
Campania;Benevento;BN;San Salvatore Telesino;62068;2
Campania;Benevento;BN;Santa Croce del Sannio;62069;1
Campania;Benevento;BN;Sant'Agata de' Goti;62070;2
Campania;Benevento;BN;Sant'Angelo a Cupolo;62071;1
Campania;Benevento;BN;Sassinoro;62072;1
Campania;Benevento;BN;Solopaca;62073;2
Campania;Benevento;BN;Telese Terme;62074;2
Campania;Benevento;BN;Tocco Caudio;62075;2
Campania;Benevento;BN;Torrecuso;62076;1
Campania;Benevento;BN;Vitulano;62077;1
Campania;Benevento;BN;Sant'Arcangelo Trimonte;62078;1
Campania;Napoli;NA;Acerra;63001;2
Campania;Napoli;NA;Afragola;63002;2
Campania;Napoli;NA;Agerola;63003;3
Campania;Napoli;NA;Anacapri;63004;3
Campania;Napoli;NA;Arzano;63005;2
Campania;Napoli;NA;Bacoli;63006;2
Campania;Napoli;NA;Barano d'Ischia;63007;2
Campania;Napoli;NA;Boscoreale;63008;2
Campania;Napoli;NA;Boscotrecase;63009;2
Campania;Napoli;NA;Brusciano;63010;2
Campania;Napoli;NA;Caivano;63011;2
Campania;Napoli;NA;Calvizzano;63012;2
Campania;Napoli;NA;Camposano;63013;2
Campania;Napoli;NA;Capri;63014;3
Campania;Napoli;NA;Carbonara di Nola;63015;2
Campania;Napoli;NA;Cardito;63016;2
Campania;Napoli;NA;Casalnuovo di Napoli;63017;2
Campania;Napoli;NA;Casamarciano;63018;2
Campania;Napoli;NA;Casamicciola Terme;63019;2
Campania;Napoli;NA;Casandrino;63020;2
Campania;Napoli;NA;Casavatore;63021;2
Campania;Napoli;NA;Casola di Napoli;63022;3
Campania;Napoli;NA;Casoria;63023;2
Campania;Napoli;NA;Castellammare di Stabia;63024;3
Campania;Napoli;NA;Castello di Cisterna;63025;2
Campania;Napoli;NA;Cercola;63026;2
Campania;Napoli;NA;Cicciano;63027;2
Campania;Napoli;NA;Cimitile;63028;2
Campania;Napoli;NA;Comiziano;63029;2
Campania;Napoli;NA;Crispano;63030;2
Campania;Napoli;NA;Forio;63031;2
Campania;Napoli;NA;Frattamaggiore;63032;2
Campania;Napoli;NA;Frattaminore;63033;2
Campania;Napoli;NA;Giugliano in Campania;63034;2
Campania;Napoli;NA;Gragnano;63035;3
Campania;Napoli;NA;Grumo Nevano;63036;2
Campania;Napoli;NA;Ischia;63037;2
Campania;Napoli;NA;Lacco Ameno;63038;2
Campania;Napoli;NA;Lettere;63039;3
Campania;Napoli;NA;Liveri;63040;2
Campania;Napoli;NA;Marano di Napoli;63041;2
Campania;Napoli;NA;Mariglianella;63042;2
Campania;Napoli;NA;Marigliano;63043;2
Campania;Napoli;NA;Massa Lubrense;63044;3
Campania;Napoli;NA;Melito di Napoli;63045;2
Campania;Napoli;NA;Meta;63046;3
Campania;Napoli;NA;Monte di Procida;63047;2
Campania;Napoli;NA;Mugnano di Napoli;63048;2
Campania;Napoli;NA;Napoli;63049;2
Campania;Napoli;NA;Nola;63050;2
Campania;Napoli;NA;Ottaviano;63051;2
Campania;Napoli;NA;Palma Campania;63052;2
Campania;Napoli;NA;Piano di Sorrento;63053;3
Campania;Napoli;NA;Pimonte;63054;3
Campania;Napoli;NA;Poggiomarino;63055;2
Campania;Napoli;NA;Pollena Trocchia;63056;2
Campania;Napoli;NA;Pomigliano d'Arco;63057;2
Campania;Napoli;NA;Pompei;63058;2
Campania;Napoli;NA;Portici;63059;2
Campania;Napoli;NA;Pozzuoli;63060;2
Campania;Napoli;NA;Procida;63061;2
Campania;Napoli;NA;Qualiano;63062;2
Campania;Napoli;NA;Quarto;63063;2
Campania;Napoli;NA;Ercolano;63064;2
Campania;Napoli;NA;Roccarainola;63065;2
Campania;Napoli;NA;San Gennaro Vesuviano;63066;2
Campania;Napoli;NA;San Giorgio a Cremano;63067;2
Campania;Napoli;NA;San Giuseppe Vesuviano;63068;2
Campania;Napoli;NA;San Paolo Bel Sito;63069;2
Campania;Napoli;NA;San Sebastiano al Vesuvio;63070;2
Campania;Napoli;NA;Sant'Agnello;63071;3
Campania;Napoli;NA;Sant'Anastasia;63072;2
Campania;Napoli;NA;Sant'Antimo;63073;2
Campania;Napoli;NA;Sant'Antonio Abate;63074;3
Campania;Napoli;NA;San Vitaliano;63075;2
Campania;Napoli;NA;Saviano;63076;2
Campania;Napoli;NA;Scisciano;63077;2
Campania;Napoli;NA;Serrara Fontana;63078;2
Campania;Napoli;NA;Somma Vesuviana;63079;2
Campania;Napoli;NA;Sorrento;63080;3
Campania;Napoli;NA;Striano;63081;2
Campania;Napoli;NA;Terzigno;63082;2
Campania;Napoli;NA;Torre Annunziata;63083;2
Campania;Napoli;NA;Torre del Greco;63084;2
Campania;Napoli;NA;Tufino;63085;2
Campania;Napoli;NA;Vico Equense;63086;3
Campania;Napoli;NA;Villaricca;63087;2
Campania;Napoli;NA;Visciano;63088;2
Campania;Napoli;NA;Volla;63089;2
Campania;Napoli;NA;Santa Maria la Carità;63090;3
Campania;Napoli;NA;Trecase;63091;2
Campania;Napoli;NA;Massa di Somma;63092;2
Campania;Avellino;AV;Aiello del Sabato;64001;2
Campania;Avellino;AV;Altavilla Irpina;64002;2
Campania;Avellino;AV;Andretta;64003;1
Campania;Avellino;AV;Aquilonia;64004;1
Campania;Avellino;AV;Ariano Irpino;64005;1
Campania;Avellino;AV;Atripalda;64006;2
Campania;Avellino;AV;Avella;64007;2
Campania;Avellino;AV;Avellino;64008;2
Campania;Avellino;AV;Bagnoli Irpino;64009;2
Campania;Avellino;AV;Baiano;64010;2
Campania;Avellino;AV;Bisaccia;64011;1
Campania;Avellino;AV;Bonito;64012;1
Campania;Avellino;AV;Cairano;64013;1
Campania;Avellino;AV;Calabritto;64014;1
Campania;Avellino;AV;Calitri;64015;1
Campania;Avellino;AV;Candida;64016;2
Campania;Avellino;AV;Caposele;64017;1
Campania;Avellino;AV;Capriglia Irpina;64018;2
Campania;Avellino;AV;Carife;64019;1
Campania;Avellino;AV;Casalbore;64020;1
Campania;Avellino;AV;Cassano Irpino;64021;2
Campania;Avellino;AV;Castel Baronia;64022;1
Campania;Avellino;AV;Castelfranci;64023;1
Campania;Avellino;AV;Castelvetere sul Calore;64024;2
Campania;Avellino;AV;Cervinara;64025;2
Campania;Avellino;AV;Cesinali;64026;2
Campania;Avellino;AV;Chianche;64027;1
Campania;Avellino;AV;Chiusano di San Domenico;64028;2
Campania;Avellino;AV;Contrada;64029;2
Campania;Avellino;AV;Conza della Campania;64030;1
Campania;Avellino;AV;Domicella;64031;2
Campania;Avellino;AV;Flumeri;64032;1
Campania;Avellino;AV;Fontanarosa;64033;1
Campania;Avellino;AV;Forino;64034;2
Campania;Avellino;AV;Frigento;64035;1
Campania;Avellino;AV;Gesualdo;64036;1
Campania;Avellino;AV;Greci;64037;2
Campania;Avellino;AV;Grottaminarda;64038;1
Campania;Avellino;AV;Grottolella;64039;2
Campania;Avellino;AV;Guardia Lombardi;64040;1
Campania;Avellino;AV;Lacedonia;64041;1
Campania;Avellino;AV;Lapio;64042;1
Campania;Avellino;AV;Lauro;64043;2
Campania;Avellino;AV;Lioni;64044;1
Campania;Avellino;AV;Luogosano;64045;1
Campania;Avellino;AV;Manocalzati;64046;2
Campania;Avellino;AV;Marzano di Nola;64047;2
Campania;Avellino;AV;Melito Irpino;64048;1
Campania;Avellino;AV;Mercogliano;64049;2
Campania;Avellino;AV;Mirabella Eclano;64050;1
Campania;Avellino;AV;Montaguto;64051;2
Campania;Avellino;AV;Montecalvo Irpino;64052;1
Campania;Avellino;AV;Montefalcione;64053;2
Campania;Avellino;AV;Monteforte Irpino;64054;2
Campania;Avellino;AV;Montefredane;64055;2
Campania;Avellino;AV;Montefusco;64056;1
Campania;Avellino;AV;Montella;64057;2
Campania;Avellino;AV;Montemarano;64058;2
Campania;Avellino;AV;Montemiletto;64059;1
Campania;Avellino;AV;Monteverde;64060;1
Campania;Avellino;AV;Morra De Sanctis;64063;1
Campania;Avellino;AV;Moschiano;64064;2
Campania;Avellino;AV;Mugnano del Cardinale;64065;2
Campania;Avellino;AV;Nusco;64066;2
Campania;Avellino;AV;Ospedaletto d'Alpinolo;64067;2
Campania;Avellino;AV;Pago del Vallo di Lauro;64068;2
Campania;Avellino;AV;Parolise;64069;2
Campania;Avellino;AV;Paternopoli;64070;1
Campania;Avellino;AV;Petruro Irpino;64071;1
Campania;Avellino;AV;Pietradefusi;64072;1
Campania;Avellino;AV;Pietrastornina;64073;2
Campania;Avellino;AV;Prata di Principato Ultra;64074;2
Campania;Avellino;AV;Pratola Serra;64075;2
Campania;Avellino;AV;Quadrelle;64076;2
Campania;Avellino;AV;Quindici;64077;2
Campania;Avellino;AV;Roccabascerana;64078;2
Campania;Avellino;AV;Rocca San Felice;64079;1
Campania;Avellino;AV;Rotondi;64080;2
Campania;Avellino;AV;Salza Irpina;64081;2
Campania;Avellino;AV;San Mango sul Calore;64082;1
Campania;Avellino;AV;San Martino Valle Caudina;64083;2
Campania;Avellino;AV;San Michele di Serino;64084;2
Campania;Avellino;AV;San Nicola Baronia;64085;1
Campania;Avellino;AV;San Potito Ultra;64086;2
Campania;Avellino;AV;San Sossio Baronia;64087;1
Campania;Avellino;AV;Santa Lucia di Serino;64088;2
Campania;Avellino;AV;Sant'Andrea di Conza;64089;1
Campania;Avellino;AV;Sant'Angelo all'Esca;64090;1
Campania;Avellino;AV;Sant'Angelo a Scala;64091;2
Campania;Avellino;AV;Sant'Angelo dei Lombardi;64092;1
Campania;Avellino;AV;Santa Paolina;64093;1
Campania;Avellino;AV;Santo Stefano del Sole;64095;2
Campania;Avellino;AV;Savignano Irpino;64096;2
Campania;Avellino;AV;Scampitella;64097;1
Campania;Avellino;AV;Senerchia;64098;2
Campania;Avellino;AV;Serino;64099;2
Campania;Avellino;AV;Sirignano;64100;2
Campania;Avellino;AV;Solofra;64101;2
Campania;Avellino;AV;Sorbo Serpico;64102;2
Campania;Avellino;AV;Sperone;64103;2
Campania;Avellino;AV;Sturno;64104;1
Campania;Avellino;AV;Summonte;64105;2
Campania;Avellino;AV;Taurano;64106;2
Campania;Avellino;AV;Taurasi;64107;1
Campania;Avellino;AV;Teora;64108;1
Campania;Avellino;AV;Torella dei Lombardi;64109;1
Campania;Avellino;AV;Torre Le Nocelle;64110;1
Campania;Avellino;AV;Torrioni;64111;1
Campania;Avellino;AV;Trevico;64112;1
Campania;Avellino;AV;Tufo;64113;1
Campania;Avellino;AV;Vallata;64114;1
Campania;Avellino;AV;Vallesaccarda;64115;1
Campania;Avellino;AV;Venticano;64116;1
Campania;Avellino;AV;Villamaina;64117;1
Campania;Avellino;AV;Villanova del Battista;64118;1
Campania;Avellino;AV;Volturara Irpina;64119;2
Campania;Avellino;AV;Zungoli;64120;1
Campania;Avellino;AV;Montoro;64121;2
Campania;Salerno;SA;Acerno;65001;2
Campania;Salerno;SA;Agropoli;65002;3
Campania;Salerno;SA;Albanella;65003;2
Campania;Salerno;SA;Alfano;65004;2
Campania;Salerno;SA;Altavilla Silentina;65005;2
Campania;Salerno;SA;Amalfi;65006;3
Campania;Salerno;SA;Angri;65007;2
Campania;Salerno;SA;Aquara;65008;2
Campania;Salerno;SA;Ascea;65009;3
Campania;Salerno;SA;Atena Lucana;65010;1
Campania;Salerno;SA;Atrani;65011;3
Campania;Salerno;SA;Auletta;65012;2
Campania;Salerno;SA;Baronissi;65013;2
Campania;Salerno;SA;Battipaglia;65014;2
Campania;Salerno;SA;Bellosguardo;65015;2
Campania;Salerno;SA;Bracigliano;65016;2
Campania;Salerno;SA;Buccino;65017;1
Campania;Salerno;SA;Buonabitacolo;65018;1
Campania;Salerno;SA;Caggiano;65019;1
Campania;Salerno;SA;Calvanico;65020;2
Campania;Salerno;SA;Camerota;65021;3
Campania;Salerno;SA;Campagna;65022;2
Campania;Salerno;SA;Campora;65023;2
Campania;Salerno;SA;Cannalonga;65024;2
Campania;Salerno;SA;Capaccio Paestum;65025;3
Campania;Salerno;SA;Casalbuono;65026;2
Campania;Salerno;SA;Casaletto Spartano;65027;2
Campania;Salerno;SA;Casal Velino;65028;3
Campania;Salerno;SA;Caselle in Pittari;65029;2
Campania;Salerno;SA;Castelcivita;65030;2
Campania;Salerno;SA;Castellabate;65031;3
Campania;Salerno;SA;Castelnuovo Cilento;65032;3
Campania;Salerno;SA;Castelnuovo di Conza;65033;1
Campania;Salerno;SA;Castel San Giorgio;65034;2
Campania;Salerno;SA;Castel San Lorenzo;65035;2
Campania;Salerno;SA;Castiglione del Genovesi;65036;2
Campania;Salerno;SA;Cava de' Tirreni;65037;3
Campania;Salerno;SA;Celle di Bulgheria;65038;2
Campania;Salerno;SA;Centola;65039;3
Campania;Salerno;SA;Ceraso;65040;3
Campania;Salerno;SA;Cetara;65041;3
Campania;Salerno;SA;Cicerale;65042;3
Campania;Salerno;SA;Colliano;65043;1
Campania;Salerno;SA;Conca dei Marini;65044;3
Campania;Salerno;SA;Controne;65045;2
Campania;Salerno;SA;Contursi Terme;65046;2
Campania;Salerno;SA;Corbara;65047;3
Campania;Salerno;SA;Corleto Monforte;65048;2
Campania;Salerno;SA;Cuccaro Vetere;65049;2
Campania;Salerno;SA;Eboli;65050;2
Campania;Salerno;SA;Felitto;65051;2
Campania;Salerno;SA;Fisciano;65052;2
Campania;Salerno;SA;Furore;65053;3
Campania;Salerno;SA;Futani;65054;2
Campania;Salerno;SA;Giffoni Sei Casali;65055;2
Campania;Salerno;SA;Giffoni Valle Piana;65056;2
Campania;Salerno;SA;Gioi;65057;2
Campania;Salerno;SA;Giungano;65058;2
Campania;Salerno;SA;Ispani;65059;2
Campania;Salerno;SA;Laureana Cilento;65060;3
Campania;Salerno;SA;Laurino;65061;2
Campania;Salerno;SA;Laurito;65062;2
Campania;Salerno;SA;Laviano;65063;1
Campania;Salerno;SA;Lustra;65064;3
Campania;Salerno;SA;Magliano Vetere;65065;2
Campania;Salerno;SA;Maiori;65066;3
Campania;Salerno;SA;Mercato San Severino;65067;2
Campania;Salerno;SA;Minori;65068;3
Campania;Salerno;SA;Moio della Civitella;65069;2
Campania;Salerno;SA;Montano Antilia;65070;2
Campania;Salerno;SA;Montecorice;65071;3
Campania;Salerno;SA;Montecorvino Pugliano;65072;2
Campania;Salerno;SA;Montecorvino Rovella;65073;2
Campania;Salerno;SA;Monteforte Cilento;65074;2
Campania;Salerno;SA;Monte San Giacomo;65075;2
Campania;Salerno;SA;Montesano sulla Marcellana;65076;1
Campania;Salerno;SA;Morigerati;65077;2
Campania;Salerno;SA;Nocera Inferiore;65078;2
Campania;Salerno;SA;Nocera Superiore;65079;2
Campania;Salerno;SA;Novi Velia;65080;2
Campania;Salerno;SA;Ogliastro Cilento;65081;3
Campania;Salerno;SA;Olevano sul Tusciano;65082;2
Campania;Salerno;SA;Oliveto Citra;65083;2
Campania;Salerno;SA;Omignano;65084;3
Campania;Salerno;SA;Orria;65085;2
Campania;Salerno;SA;Ottati;65086;2
Campania;Salerno;SA;Padula;65087;1
Campania;Salerno;SA;Pagani;65088;2
Campania;Salerno;SA;Palomonte;65089;2
Campania;Salerno;SA;Pellezzano;65090;2
Campania;Salerno;SA;Perdifumo;65091;3
Campania;Salerno;SA;Perito;65092;3
Campania;Salerno;SA;Pertosa;65093;1
Campania;Salerno;SA;Petina;65094;2
Campania;Salerno;SA;Piaggine;65095;2
Campania;Salerno;SA;Pisciotta;65096;3
Campania;Salerno;SA;Polla;65097;1
Campania;Salerno;SA;Pollica;65098;3
Campania;Salerno;SA;Pontecagnano Faiano;65099;2
Campania;Salerno;SA;Positano;65100;3
Campania;Salerno;SA;Postiglione;65101;2
Campania;Salerno;SA;Praiano;65102;3
Campania;Salerno;SA;Prignano Cilento;65103;3
Campania;Salerno;SA;Ravello;65104;3
Campania;Salerno;SA;Ricigliano;65105;1
Campania;Salerno;SA;Roccadaspide;65106;2
Campania;Salerno;SA;Roccagloriosa;65107;2
Campania;Salerno;SA;Roccapiemonte;65108;2
Campania;Salerno;SA;Rofrano;65109;2
Campania;Salerno;SA;Romagnano al Monte;65110;1
Campania;Salerno;SA;Roscigno;65111;2
Campania;Salerno;SA;Rutino;65112;3
Campania;Salerno;SA;Sacco;65113;2
Campania;Salerno;SA;Sala Consilina;65114;1
Campania;Salerno;SA;Salento;65115;3
Campania;Salerno;SA;Salerno;65116;2
Campania;Salerno;SA;Salvitelle;65117;1
Campania;Salerno;SA;San Cipriano Picentino;65118;2
Campania;Salerno;SA;San Giovanni a Piro;65119;2
Campania;Salerno;SA;San Gregorio Magno;65120;1
Campania;Salerno;SA;San Mango Piemonte;65121;2
Campania;Salerno;SA;San Marzano sul Sarno;65122;2
Campania;Salerno;SA;San Mauro Cilento;65123;3
Campania;Salerno;SA;San Mauro la Bruca;65124;3
Campania;Salerno;SA;San Pietro al Tanagro;65125;2
Campania;Salerno;SA;San Rufo;65126;2
Campania;Salerno;SA;Santa Marina;65127;2
Campania;Salerno;SA;Sant'Angelo a Fasanella;65128;2
Campania;Salerno;SA;Sant'Arsenio;65129;2
Campania;Salerno;SA;Sant'Egidio del Monte Albino;65130;2
Campania;Salerno;SA;Santomenna;65131;1
Campania;Salerno;SA;San Valentino Torio;65132;2
Campania;Salerno;SA;Sanza;65133;2
Campania;Salerno;SA;Sapri;65134;2
Campania;Salerno;SA;Sarno;65135;2
Campania;Salerno;SA;Sassano;65136;2
Campania;Salerno;SA;Scafati;65137;2
Campania;Salerno;SA;Scala;65138;3
Campania;Salerno;SA;Serramezzana;65139;3
Campania;Salerno;SA;Serre;65140;2
Campania;Salerno;SA;Sessa Cilento;65141;3
Campania;Salerno;SA;Siano;65142;2
Campania;Salerno;SA;Sicignano degli Alburni;65143;2
Campania;Salerno;SA;Stella Cilento;65144;3
Campania;Salerno;SA;Stio;65145;2
Campania;Salerno;SA;Teggiano;65146;2
Campania;Salerno;SA;Torchiara;65147;3
Campania;Salerno;SA;Torraca;65148;2
Campania;Salerno;SA;Torre Orsaia;65149;2
Campania;Salerno;SA;Tortorella;65150;2
Campania;Salerno;SA;Tramonti;65151;3
Campania;Salerno;SA;Trentinara;65152;2
Campania;Salerno;SA;Valle dell'Angelo;65153;2
Campania;Salerno;SA;Vallo della Lucania;65154;2
Campania;Salerno;SA;Valva;65155;1
Campania;Salerno;SA;Vibonati;65156;2
Campania;Salerno;SA;Vietri sul Mare;65157;3
Campania;Salerno;SA;Bellizzi;65158;2
Abruzzo;L'Aquila;AQ;Acciano;66001;1
Abruzzo;L'Aquila;AQ;Aielli;66002;1
Abruzzo;L'Aquila;AQ;Alfedena;66003;1
Abruzzo;L'Aquila;AQ;Anversa degli Abruzzi;66004;1
Abruzzo;L'Aquila;AQ;Ateleta;66005;1
Abruzzo;L'Aquila;AQ;Avezzano;66006;1
Abruzzo;L'Aquila;AQ;Balsorano;66007;1
Abruzzo;L'Aquila;AQ;Barete;66008;1
Abruzzo;L'Aquila;AQ;Barisciano;66009;1
Abruzzo;L'Aquila;AQ;Barrea;66010;1
Abruzzo;L'Aquila;AQ;Bisegna;66011;1
Abruzzo;L'Aquila;AQ;Bugnara;66012;1
Abruzzo;L'Aquila;AQ;Cagnano Amiterno;66013;1
Abruzzo;L'Aquila;AQ;Calascio;66014;1
Abruzzo;L'Aquila;AQ;Campo di Giove;66015;1
Abruzzo;L'Aquila;AQ;Campotosto;66016;1
Abruzzo;L'Aquila;AQ;Canistro;66017;1
Abruzzo;L'Aquila;AQ;Cansano;66018;1
Abruzzo;L'Aquila;AQ;Capestrano;66019;1
Abruzzo;L'Aquila;AQ;Capistrello;66020;1
Abruzzo;L'Aquila;AQ;Capitignano;66021;1
Abruzzo;L'Aquila;AQ;Caporciano;66022;1
Abruzzo;L'Aquila;AQ;Cappadocia;66023;2
Abruzzo;L'Aquila;AQ;Carapelle Calvisio;66024;1
Abruzzo;L'Aquila;AQ;Carsoli;66025;2
Abruzzo;L'Aquila;AQ;Castel del Monte;66026;1
Abruzzo;L'Aquila;AQ;Castel di Ieri;66027;1
Abruzzo;L'Aquila;AQ;Castel di Sangro;66028;1
Abruzzo;L'Aquila;AQ;Castellafiume;66029;1
Abruzzo;L'Aquila;AQ;Castelvecchio Calvisio;66030;1
Abruzzo;L'Aquila;AQ;Castelvecchio Subequo;66031;1
Abruzzo;L'Aquila;AQ;Celano;66032;1
Abruzzo;L'Aquila;AQ;Cerchio;66033;1
Abruzzo;L'Aquila;AQ;Civita d'Antino;66034;1
Abruzzo;L'Aquila;AQ;Civitella Alfedena;66035;1
Abruzzo;L'Aquila;AQ;Civitella Roveto;66036;1
Abruzzo;L'Aquila;AQ;Cocullo;66037;1
Abruzzo;L'Aquila;AQ;Collarmele;66038;1
Abruzzo;L'Aquila;AQ;Collelongo;66039;1
Abruzzo;L'Aquila;AQ;Collepietro;66040;1
Abruzzo;L'Aquila;AQ;Corfinio;66041;1
Abruzzo;L'Aquila;AQ;Fagnano Alto;66042;1
Abruzzo;L'Aquila;AQ;Fontecchio;66043;1
Abruzzo;L'Aquila;AQ;Fossa;66044;1
Abruzzo;L'Aquila;AQ;Gagliano Aterno;66045;1
Abruzzo;L'Aquila;AQ;Gioia dei Marsi;66046;1
Abruzzo;L'Aquila;AQ;Goriano Sicoli;66047;1
Abruzzo;L'Aquila;AQ;Introdacqua;66048;1
Abruzzo;L'Aquila;AQ;L'Aquila;66049;1
Abruzzo;L'Aquila;AQ;Lecce nei Marsi;66050;1
Abruzzo;L'Aquila;AQ;Luco dei Marsi;66051;1
Abruzzo;L'Aquila;AQ;Lucoli;66052;1
Abruzzo;L'Aquila;AQ;Magliano de' Marsi;66053;1
Abruzzo;L'Aquila;AQ;Massa d'Albe;66054;1
Abruzzo;L'Aquila;AQ;Molina Aterno;66055;1
Abruzzo;L'Aquila;AQ;Montereale;66056;1
Abruzzo;L'Aquila;AQ;Morino;66057;1
Abruzzo;L'Aquila;AQ;Navelli;66058;1
Abruzzo;L'Aquila;AQ;Ocre;66059;1
Abruzzo;L'Aquila;AQ;Ofena;66060;1
Abruzzo;L'Aquila;AQ;Opi;66061;1
Abruzzo;L'Aquila;AQ;Oricola;66062;2
Abruzzo;L'Aquila;AQ;Ortona dei Marsi;66063;1
Abruzzo;L'Aquila;AQ;Ortucchio;66064;1
Abruzzo;L'Aquila;AQ;Ovindoli;66065;1
Abruzzo;L'Aquila;AQ;Pacentro;66066;1
Abruzzo;L'Aquila;AQ;Pereto;66067;2
Abruzzo;L'Aquila;AQ;Pescasseroli;66068;1
Abruzzo;L'Aquila;AQ;Pescina;66069;1
Abruzzo;L'Aquila;AQ;Pescocostanzo;66070;1
Abruzzo;L'Aquila;AQ;Pettorano sul Gizio;66071;1
Abruzzo;L'Aquila;AQ;Pizzoli;66072;1
Abruzzo;L'Aquila;AQ;Poggio Picenze;66073;1
Abruzzo;L'Aquila;AQ;Prata d'Ansidonia;66074;1
Abruzzo;L'Aquila;AQ;Pratola Peligna;66075;1
Abruzzo;L'Aquila;AQ;Prezza;66076;1
Abruzzo;L'Aquila;AQ;Raiano;66077;1
Abruzzo;L'Aquila;AQ;Rivisondoli;66078;1
Abruzzo;L'Aquila;AQ;Roccacasale;66079;1
Abruzzo;L'Aquila;AQ;Rocca di Botte;66080;2
Abruzzo;L'Aquila;AQ;Rocca di Cambio;66081;1
Abruzzo;L'Aquila;AQ;Rocca di Mezzo;66082;1
Abruzzo;L'Aquila;AQ;Rocca Pia;66083;1
Abruzzo;L'Aquila;AQ;Roccaraso;66084;1
Abruzzo;L'Aquila;AQ;San Benedetto dei Marsi;66085;1
Abruzzo;L'Aquila;AQ;San Benedetto in Perillis;66086;1
Abruzzo;L'Aquila;AQ;San Demetrio ne' Vestini;66087;1
Abruzzo;L'Aquila;AQ;San Pio delle Camere;66088;1
Abruzzo;L'Aquila;AQ;Sante Marie;66089;1
Abruzzo;L'Aquila;AQ;Sant'Eusanio Forconese;66090;1
Abruzzo;L'Aquila;AQ;Santo Stefano di Sessanio;66091;1
Abruzzo;L'Aquila;AQ;San Vincenzo Valle Roveto;66092;1
Abruzzo;L'Aquila;AQ;Scanno;66093;1
Abruzzo;L'Aquila;AQ;Scontrone;66094;1
Abruzzo;L'Aquila;AQ;Scoppito;66095;1
Abruzzo;L'Aquila;AQ;Scurcola Marsicana;66096;1
Abruzzo;L'Aquila;AQ;Secinaro;66097;1
Abruzzo;L'Aquila;AQ;Sulmona;66098;1
Abruzzo;L'Aquila;AQ;Tagliacozzo;66099;1
Abruzzo;L'Aquila;AQ;Tione degli Abruzzi;66100;1
Abruzzo;L'Aquila;AQ;Tornimparte;66101;1
Abruzzo;L'Aquila;AQ;Trasacco;66102;1
Abruzzo;L'Aquila;AQ;Villalago;66103;1
Abruzzo;L'Aquila;AQ;Villa Santa Lucia degli Abruzzi;66104;1
Abruzzo;L'Aquila;AQ;Villa Sant'Angelo;66105;1
Abruzzo;L'Aquila;AQ;Villavallelonga;66106;1
Abruzzo;L'Aquila;AQ;Villetta Barrea;66107;1
Abruzzo;L'Aquila;AQ;Vittorito;66108;1
Abruzzo;Teramo;TE;Alba Adriatica;67001;2
Abruzzo;Teramo;TE;Ancarano;67002;2
Abruzzo;Teramo;TE;Arsita;67003;2
Abruzzo;Teramo;TE;Atri;67004;2
Abruzzo;Teramo;TE;Basciano;67005;2
Abruzzo;Teramo;TE;Bellante;67006;2
Abruzzo;Teramo;TE;Bisenti;67007;2
Abruzzo;Teramo;TE;Campli;67008;2
Abruzzo;Teramo;TE;Canzano;67009;2
Abruzzo;Teramo;TE;Castel Castagna;67010;2
Abruzzo;Teramo;TE;Castellalto;67011;2
Abruzzo;Teramo;TE;Castelli;67012;1
Abruzzo;Teramo;TE;Castiglione Messer Raimondo;67013;2
Abruzzo;Teramo;TE;Castilenti;67014;2
Abruzzo;Teramo;TE;Cellino Attanasio;67015;2
Abruzzo;Teramo;TE;Cermignano;67016;2
Abruzzo;Teramo;TE;Civitella del Tronto;67017;2
Abruzzo;Teramo;TE;Colledara;67018;2
Abruzzo;Teramo;TE;Colonnella;67019;2
Abruzzo;Teramo;TE;Controguerra;67020;2
Abruzzo;Teramo;TE;Corropoli;67021;2
Abruzzo;Teramo;TE;Cortino;67022;1
Abruzzo;Teramo;TE;Crognaleto;67023;1
Abruzzo;Teramo;TE;Fano Adriano;67024;1
Abruzzo;Teramo;TE;Giulianova;67025;2
Abruzzo;Teramo;TE;Isola del Gran Sasso d'Italia;67026;1
Abruzzo;Teramo;TE;Montefino;67027;2
Abruzzo;Teramo;TE;Montorio al Vomano;67028;1
Abruzzo;Teramo;TE;Morro d'Oro;67029;2
Abruzzo;Teramo;TE;Mosciano Sant'Angelo;67030;2
Abruzzo;Teramo;TE;Nereto;67031;2
Abruzzo;Teramo;TE;Notaresco;67032;2
Abruzzo;Teramo;TE;Penna Sant'Andrea;67033;2
Abruzzo;Teramo;TE;Pietracamela;67034;1
Abruzzo;Teramo;TE;Pineto;67035;2
Abruzzo;Teramo;TE;Rocca Santa Maria;67036;1
Abruzzo;Teramo;TE;Roseto degli Abruzzi;67037;2
Abruzzo;Teramo;TE;Sant'Egidio alla Vibrata;67038;2
Abruzzo;Teramo;TE;Sant'Omero;67039;2
Abruzzo;Teramo;TE;Silvi;67040;2
Abruzzo;Teramo;TE;Teramo;67041;2
Abruzzo;Teramo;TE;Torano Nuovo;67042;2
Abruzzo;Teramo;TE;Torricella Sicura;67043;2
Abruzzo;Teramo;TE;Tortoreto;67044;2
Abruzzo;Teramo;TE;Tossicia;67045;1
Abruzzo;Teramo;TE;Valle Castellana;67046;1
Abruzzo;Teramo;TE;Martinsicuro;67047;2
Abruzzo;Pescara;PE;Abbateggio;68001;1
Abruzzo;Pescara;PE;Alanno;68002;2
Abruzzo;Pescara;PE;Bolognano;68003;1
Abruzzo;Pescara;PE;Brittoli;68004;1
Abruzzo;Pescara;PE;Bussi sul Tirino;68005;1
Abruzzo;Pescara;PE;Cappelle sul Tavo;68006;2
Abruzzo;Pescara;PE;Caramanico Terme;68007;1
Abruzzo;Pescara;PE;Carpineto della Nora;68008;2
Abruzzo;Pescara;PE;Castiglione a Casauria;68009;1
Abruzzo;Pescara;PE;Catignano;68010;2
Abruzzo;Pescara;PE;Cepagatti;68011;2
Abruzzo;Pescara;PE;Città Sant'Angelo;68012;2
Abruzzo;Pescara;PE;Civitaquana;68013;2
Abruzzo;Pescara;PE;Civitella Casanova;68014;2
Abruzzo;Pescara;PE;Collecorvino;68015;2
Abruzzo;Pescara;PE;Corvara;68016;1
Abruzzo;Pescara;PE;Cugnoli;68017;2
Abruzzo;Pescara;PE;Elice;68018;2
Abruzzo;Pescara;PE;Farindola;68019;2
Abruzzo;Pescara;PE;Lettomanoppello;68020;1
Abruzzo;Pescara;PE;Loreto Aprutino;68021;2
Abruzzo;Pescara;PE;Manoppello;68022;1
Abruzzo;Pescara;PE;Montebello di Bertona;68023;2
Abruzzo;Pescara;PE;Montesilvano;68024;2
Abruzzo;Pescara;PE;Moscufo;68025;2
Abruzzo;Pescara;PE;Nocciano;68026;2
Abruzzo;Pescara;PE;Penne;68027;2
Abruzzo;Pescara;PE;Pescara;68028;2
Abruzzo;Pescara;PE;Pescosansonesco;68029;1
Abruzzo;Pescara;PE;Pianella;68030;2
Abruzzo;Pescara;PE;Picciano;68031;2
Abruzzo;Pescara;PE;Pietranico;68032;2
Abruzzo;Pescara;PE;Popoli Terme;68033;1
Abruzzo;Pescara;PE;Roccamorice;68034;1
Abruzzo;Pescara;PE;Rosciano;68035;2
Abruzzo;Pescara;PE;Salle;68036;1
Abruzzo;Pescara;PE;Sant'Eufemia a Maiella;68037;1
Abruzzo;Pescara;PE;San Valentino in Abruzzo Citeriore;68038;1
Abruzzo;Pescara;PE;Scafa;68039;2
Abruzzo;Pescara;PE;Serramonacesca;68040;1
Abruzzo;Pescara;PE;Spoltore;68041;2
Abruzzo;Pescara;PE;Tocco da Casauria;68042;1
Abruzzo;Pescara;PE;Torre de' Passeri;68043;1
Abruzzo;Pescara;PE;Turrivalignani;68044;2
Abruzzo;Pescara;PE;Vicoli;68045;2
Abruzzo;Pescara;PE;Villa Celiera;68046;2
Abruzzo;Chieti;CH;Altino;69001;1
Abruzzo;Chieti;CH;Archi;69002;2
Abruzzo;Chieti;CH;Ari;69003;2
Abruzzo;Chieti;CH;Arielli;69004;2
Abruzzo;Chieti;CH;Atessa;69005;3
Abruzzo;Chieti;CH;Bomba;69006;2
Abruzzo;Chieti;CH;Borrello;69007;1
Abruzzo;Chieti;CH;Bucchianico;69008;2
Abruzzo;Chieti;CH;Montebello sul Sangro;69009;2
Abruzzo;Chieti;CH;Canosa Sannita;69010;2
Abruzzo;Chieti;CH;Carpineto Sinello;69011;3
Abruzzo;Chieti;CH;Carunchio;69012;2
Abruzzo;Chieti;CH;Casacanditella;69013;1
Abruzzo;Chieti;CH;Casalanguida;69014;3
Abruzzo;Chieti;CH;Casalbordino;69015;3
Abruzzo;Chieti;CH;Casalincontrada;69016;2
Abruzzo;Chieti;CH;Casoli;69017;1
Abruzzo;Chieti;CH;Castel Frentano;69018;2
Abruzzo;Chieti;CH;Castelguidone;69019;2
Abruzzo;Chieti;CH;Castiglione Messer Marino;69020;2
Abruzzo;Chieti;CH;Celenza sul Trigno;69021;2
Abruzzo;Chieti;CH;Chieti;69022;2
Abruzzo;Chieti;CH;Civitaluparella;69023;2
Abruzzo;Chieti;CH;Civitella Messer Raimondo;69024;1
Abruzzo;Chieti;CH;Colledimacine;69025;2
Abruzzo;Chieti;CH;Colledimezzo;69026;2
Abruzzo;Chieti;CH;Crecchio;69027;2
Abruzzo;Chieti;CH;Cupello;69028;3
Abruzzo;Chieti;CH;Dogliola;69029;3
Abruzzo;Chieti;CH;Fara Filiorum Petri;69030;2
Abruzzo;Chieti;CH;Fara San Martino;69031;1
Abruzzo;Chieti;CH;Filetto;69032;2
Abruzzo;Chieti;CH;Fossacesia;69033;3
Abruzzo;Chieti;CH;Fraine;69034;2
Abruzzo;Chieti;CH;Francavilla al Mare;69035;2
Abruzzo;Chieti;CH;Fresagrandinaria;69036;3
Abruzzo;Chieti;CH;Frisa;69037;3
Abruzzo;Chieti;CH;Furci;69038;3
Abruzzo;Chieti;CH;Gamberale;69039;1
Abruzzo;Chieti;CH;Gessopalena;69040;1
Abruzzo;Chieti;CH;Gissi;69041;3
Abruzzo;Chieti;CH;Giuliano Teatino;69042;2
Abruzzo;Chieti;CH;Guardiagrele;69043;1
Abruzzo;Chieti;CH;Guilmi;69044;2
Abruzzo;Chieti;CH;Lama dei Peligni;69045;1
Abruzzo;Chieti;CH;Lanciano;69046;2
Abruzzo;Chieti;CH;Lentella;69047;3
Abruzzo;Chieti;CH;Lettopalena;69048;1
Abruzzo;Chieti;CH;Liscia;69049;2
Abruzzo;Chieti;CH;Miglianico;69050;2
Abruzzo;Chieti;CH;Montazzoli;69051;2
Abruzzo;Chieti;CH;Monteferrante;69052;2
Abruzzo;Chieti;CH;Montelapiano;69053;2
Abruzzo;Chieti;CH;Montenerodomo;69054;2
Abruzzo;Chieti;CH;Monteodorisio;69055;3
Abruzzo;Chieti;CH;Mozzagrogna;69056;3
Abruzzo;Chieti;CH;Orsogna;69057;2
Abruzzo;Chieti;CH;Ortona;69058;3
Abruzzo;Chieti;CH;Paglieta;69059;3
Abruzzo;Chieti;CH;Palena;69060;1
Abruzzo;Chieti;CH;Palmoli;69061;2
Abruzzo;Chieti;CH;Palombaro;69062;1
Abruzzo;Chieti;CH;Pennadomo;69063;1
Abruzzo;Chieti;CH;Pennapiedimonte;69064;1
Abruzzo;Chieti;CH;Perano;69065;2
Abruzzo;Chieti;CH;Pizzoferrato;69066;1
Abruzzo;Chieti;CH;Poggiofiorito;69067;2
Abruzzo;Chieti;CH;Pollutri;69068;3
Abruzzo;Chieti;CH;Pretoro;69069;2
Abruzzo;Chieti;CH;Quadri;69070;2
Abruzzo;Chieti;CH;Rapino;69071;1
Abruzzo;Chieti;CH;Ripa Teatina;69072;2
Abruzzo;Chieti;CH;Roccamontepiano;69073;1
Abruzzo;Chieti;CH;Rocca San Giovanni;69074;3
Abruzzo;Chieti;CH;Roccascalegna;69075;1
Abruzzo;Chieti;CH;Roccaspinalveti;69076;2
Abruzzo;Chieti;CH;Roio del Sangro;69077;2
Abruzzo;Chieti;CH;Rosello;69078;2
Abruzzo;Chieti;CH;San Buono;69079;2
Abruzzo;Chieti;CH;San Giovanni Lipioni;69080;2
Abruzzo;Chieti;CH;San Giovanni Teatino;69081;2
Abruzzo;Chieti;CH;San Martino sulla Marrucina;69082;1
Abruzzo;Chieti;CH;San Salvo;69083;3
Abruzzo;Chieti;CH;Santa Maria Imbaro;69084;3
Abruzzo;Chieti;CH;Sant'Eusanio del Sangro;69085;2
Abruzzo;Chieti;CH;San Vito Chietino;69086;3
Abruzzo;Chieti;CH;Scerni;69087;3
Abruzzo;Chieti;CH;Schiavi di Abruzzo;69088;2
Abruzzo;Chieti;CH;Taranta Peligna;69089;1
Abruzzo;Chieti;CH;Tollo;69090;3
Abruzzo;Chieti;CH;Torino di Sangro;69091;3
Abruzzo;Chieti;CH;Tornareccio;69092;2
Abruzzo;Chieti;CH;Torrebruna;69093;2
Abruzzo;Chieti;CH;Torrevecchia Teatina;69094;2
Abruzzo;Chieti;CH;Torricella Peligna;69095;1
Abruzzo;Chieti;CH;Treglio;69096;3
Abruzzo;Chieti;CH;Tufillo;69097;2
Abruzzo;Chieti;CH;Vacri;69098;2
Abruzzo;Chieti;CH;Vasto;69099;3
Abruzzo;Chieti;CH;Villalfonsina;69100;3
Abruzzo;Chieti;CH;Villamagna;69101;2
Abruzzo;Chieti;CH;Villa Santa Maria;69102;2
Abruzzo;Chieti;CH;Pietraferrazzana;69103;2
Abruzzo;Chieti;CH;Fallo;69104;2
Molise;Campobasso;CB;Acquaviva Collecroce;70001;2
Molise;Campobasso;CB;Baranello;70002;1
Molise;Campobasso;CB;Bojano;70003;1
Molise;Campobasso;CB;Bonefro;70004;2
Molise;Campobasso;CB;Busso;70005;2
Molise;Campobasso;CB;Campobasso;70006;2
Molise;Campobasso;CB;Campochiaro;70007;1
Molise;Campobasso;CB;Campodipietra;70008;2
Molise;Campobasso;CB;Campolieto;70009;2
Molise;Campobasso;CB;Campomarino;70010;2
Molise;Campobasso;CB;Casacalenda;70011;2
Molise;Campobasso;CB;Casalciprano;70012;2
Molise;Campobasso;CB;Castelbottaccio;70013;2
Molise;Campobasso;CB;Castellino del Biferno;70014;2
Molise;Campobasso;CB;Castelmauro;70015;2
Molise;Campobasso;CB;Castropignano;70016;2
Molise;Campobasso;CB;Cercemaggiore;70017;2
Molise;Campobasso;CB;Cercepiccola;70018;2
Molise;Campobasso;CB;Civitacampomarano;70019;2
Molise;Campobasso;CB;Colle d'Anchise;70020;1
Molise;Campobasso;CB;Colletorto;70021;2
Molise;Campobasso;CB;Duronia;70022;2
Molise;Campobasso;CB;Ferrazzano;70023;2
Molise;Campobasso;CB;Fossalto;70024;2
Molise;Campobasso;CB;Gambatesa;70025;2
Molise;Campobasso;CB;Gildone;70026;2
Molise;Campobasso;CB;Guardialfiera;70027;2
Molise;Campobasso;CB;Guardiaregia;70028;1
Molise;Campobasso;CB;Guglionesi;70029;3
Molise;Campobasso;CB;Jelsi;70030;2
Molise;Campobasso;CB;Larino;70031;2
Molise;Campobasso;CB;Limosano;70032;2
Molise;Campobasso;CB;Lucito;70033;2
Molise;Campobasso;CB;Lupara;70034;2
Molise;Campobasso;CB;Macchia Valfortore;70035;2
Molise;Campobasso;CB;Mafalda;70036;3
Molise;Campobasso;CB;Matrice;70037;2
Molise;Campobasso;CB;Mirabello Sannitico;70038;2
Molise;Campobasso;CB;Molise;70039;2
Molise;Campobasso;CB;Monacilioni;70040;2
Molise;Campobasso;CB;Montagano;70041;2
Molise;Campobasso;CB;Montecilfone;70042;2
Molise;Campobasso;CB;Montefalcone nel Sannio;70043;2
Molise;Campobasso;CB;Montelongo;70044;2
Molise;Campobasso;CB;Montemitro;70045;3
Molise;Campobasso;CB;Montenero di Bisaccia;70046;3
Molise;Campobasso;CB;Montorio nei Frentani;70047;2
Molise;Campobasso;CB;Morrone del Sannio;70048;2
Molise;Campobasso;CB;Oratino;70049;2
Molise;Campobasso;CB;Palata;70050;2
Molise;Campobasso;CB;Petacciato;70051;3
Molise;Campobasso;CB;Petrella Tifernina;70052;2
Molise;Campobasso;CB;Pietracatella;70053;2
Molise;Campobasso;CB;Pietracupa;70054;2
Molise;Campobasso;CB;Portocannone;70055;2
Molise;Campobasso;CB;Provvidenti;70056;2
Molise;Campobasso;CB;Riccia;70057;2
Molise;Campobasso;CB;Ripabottoni;70058;2
Molise;Campobasso;CB;Ripalimosani;70059;2
Molise;Campobasso;CB;Roccavivara;70060;2
Molise;Campobasso;CB;Rotello;70061;2
Molise;Campobasso;CB;Salcito;70062;2
Molise;Campobasso;CB;San Biase;70063;2
Molise;Campobasso;CB;San Felice del Molise;70064;3
Molise;Campobasso;CB;San Giacomo degli Schiavoni;70065;3
Molise;Campobasso;CB;San Giovanni in Galdo;70066;2
Molise;Campobasso;CB;San Giuliano del Sannio;70067;1
Molise;Campobasso;CB;San Giuliano di Puglia;70068;2
Molise;Campobasso;CB;San Martino in Pensilis;70069;2
Molise;Campobasso;CB;San Massimo;70070;1
Molise;Campobasso;CB;San Polo Matese;70071;1
Molise;Campobasso;CB;Santa Croce di Magliano;70072;2
Molise;Campobasso;CB;Sant'Angelo Limosano;70073;2
Molise;Campobasso;CB;Sant'Elia a Pianisi;70074;2
Molise;Campobasso;CB;Sepino;70075;1
Molise;Campobasso;CB;Spinete;70076;1
Molise;Campobasso;CB;Tavenna;70077;3
Molise;Campobasso;CB;Termoli;70078;3
Molise;Campobasso;CB;Torella del Sannio;70079;2
Molise;Campobasso;CB;Toro;70080;2
Molise;Campobasso;CB;Trivento;70081;2
Molise;Campobasso;CB;Tufara;70082;2
Molise;Campobasso;CB;Ururi;70083;2
Molise;Campobasso;CB;Vinchiaturo;70084;1
Puglia;Foggia;FG;Accadia;71001;1
Puglia;Foggia;FG;Alberona;71002;2
Puglia;Foggia;FG;Anzano di Puglia;71003;1
Puglia;Foggia;FG;Apricena;71004;2
Puglia;Foggia;FG;Ascoli Satriano;71005;1
Puglia;Foggia;FG;Biccari;71006;2
Puglia;Foggia;FG;Bovino;71007;1
Puglia;Foggia;FG;Cagnano Varano;71008;2
Puglia;Foggia;FG;Candela;71009;1
Puglia;Foggia;FG;Carapelle;71010;2
Puglia;Foggia;FG;Carlantino;71011;2
Puglia;Foggia;FG;Carpino;71012;2
Puglia;Foggia;FG;Casalnuovo Monterotaro;71013;2
Puglia;Foggia;FG;Casalvecchio di Puglia;71014;2
Puglia;Foggia;FG;Castelluccio dei Sauri;71015;2
Puglia;Foggia;FG;Castelluccio Valmaggiore;71016;2
Puglia;Foggia;FG;Castelnuovo della Daunia;71017;2
Puglia;Foggia;FG;Celenza Valfortore;71018;2
Puglia;Foggia;FG;Celle di San Vito;71019;2
Puglia;Foggia;FG;Cerignola;71020;2
Puglia;Foggia;FG;Chieuti;71021;2
Puglia;Foggia;FG;Deliceto;71022;1
Puglia;Foggia;FG;Faeto;71023;2
Puglia;Foggia;FG;Foggia;71024;2
Puglia;Foggia;FG;Ischitella;71025;2
Puglia;Foggia;FG;Isole Tremiti;71026;2
Puglia;Foggia;FG;Lesina;71027;2
Puglia;Foggia;FG;Lucera;71028;2
Puglia;Foggia;FG;Manfredonia;71029;2
Puglia;Foggia;FG;Mattinata;71031;2
Puglia;Foggia;FG;Monteleone di Puglia;71032;1
Puglia;Foggia;FG;Monte Sant'Angelo;71033;2
Puglia;Foggia;FG;Motta Montecorvino;71034;2
Puglia;Foggia;FG;Orsara di Puglia;71035;2
Puglia;Foggia;FG;Orta Nova;71036;2
Puglia;Foggia;FG;Panni;71037;1
Puglia;Foggia;FG;Peschici;71038;2
Puglia;Foggia;FG;Pietramontecorvino;71039;2
Puglia;Foggia;FG;Poggio Imperiale;71040;2
Puglia;Foggia;FG;Rignano Garganico;71041;2
Puglia;Foggia;FG;Rocchetta Sant'Antonio;71042;1
Puglia;Foggia;FG;Rodi Garganico;71043;2
Puglia;Foggia;FG;Roseto Valfortore;71044;2
Puglia;Foggia;FG;San Giovanni Rotondo;71046;2
Puglia;Foggia;FG;San Marco in Lamis;71047;2
Puglia;Foggia;FG;San Marco la Catola;71048;2
Puglia;Foggia;FG;San Nicandro Garganico;71049;2
Puglia;Foggia;FG;San Paolo di Civitate;71050;2
Puglia;Foggia;FG;San Severo;71051;2
Puglia;Foggia;FG;Sant'Agata di Puglia;71052;1
Puglia;Foggia;FG;Serracapriola;71053;2
Puglia;Foggia;FG;Stornara;71054;2
Puglia;Foggia;FG;Stornarella;71055;2
Puglia;Foggia;FG;Torremaggiore;71056;2
Puglia;Foggia;FG;Troia;71058;2
Puglia;Foggia;FG;Vico del Gargano;71059;2
Puglia;Foggia;FG;Vieste;71060;2
Puglia;Foggia;FG;Volturara Appula;71061;2
Puglia;Foggia;FG;Volturino;71062;2
Puglia;Foggia;FG;Ordona;71063;2
Puglia;Foggia;FG;Zapponeta;71064;2
Puglia;Bari;BA;Acquaviva delle Fonti;72001;3
Puglia;Bari;BA;Adelfia;72002;3
Puglia;Bari;BA;Alberobello;72003;4
Puglia;Bari;BA;Altamura;72004;3
Puglia;Bari;BA;Bari;72006;3
Puglia;Bari;BA;Binetto;72008;3
Puglia;Bari;BA;Bitetto;72010;3
Puglia;Bari;BA;Bitonto;72011;3
Puglia;Bari;BA;Bitritto;72012;3
Puglia;Bari;BA;Capurso;72014;3
Puglia;Bari;BA;Casamassima;72015;3
Puglia;Bari;BA;Cassano delle Murge;72016;3
Puglia;Bari;BA;Castellana Grotte;72017;4
Puglia;Bari;BA;Cellamare;72018;3
Puglia;Bari;BA;Conversano;72019;4
Puglia;Bari;BA;Corato;72020;3
Puglia;Bari;BA;Gioia del Colle;72021;3
Puglia;Bari;BA;Giovinazzo;72022;3
Puglia;Bari;BA;Gravina in Puglia;72023;3
Puglia;Bari;BA;Grumo Appula;72024;3
Puglia;Bari;BA;Locorotondo;72025;4
Puglia;Bari;BA;Modugno;72027;3
Puglia;Bari;BA;Mola di Bari;72028;4
Puglia;Bari;BA;Molfetta;72029;3
Puglia;Bari;BA;Monopoli;72030;4
Puglia;Bari;BA;Noci;72031;3
Puglia;Bari;BA;Noicattaro;72032;3
Puglia;Bari;BA;Palo del Colle;72033;3
Puglia;Bari;BA;Poggiorsini;72034;3
Puglia;Bari;BA;Polignano a Mare;72035;4
Puglia;Bari;BA;Putignano;72036;3
Puglia;Bari;BA;Rutigliano;72037;3
Puglia;Bari;BA;Ruvo di Puglia;72038;3
Puglia;Bari;BA;Sammichele di Bari;72039;3
Puglia;Bari;BA;Sannicandro di Bari;72040;3
Puglia;Bari;BA;Santeramo in Colle;72041;3
Puglia;Bari;BA;Terlizzi;72043;3
Puglia;Bari;BA;Toritto;72044;3
Puglia;Bari;BA;Triggiano;72046;3
Puglia;Bari;BA;Turi;72047;3
Puglia;Bari;BA;Valenzano;72048;3
Puglia;Taranto;TA;Avetrana;73001;4
Puglia;Taranto;TA;Carosino;73002;4
Puglia;Taranto;TA;Castellaneta;73003;3
Puglia;Taranto;TA;Crispiano;73004;3
Puglia;Taranto;TA;Faggiano;73005;4
Puglia;Taranto;TA;Fragagnano;73006;4
Puglia;Taranto;TA;Ginosa;73007;3
Puglia;Taranto;TA;Grottaglie;73008;4
Puglia;Taranto;TA;Laterza;73009;3
Puglia;Taranto;TA;Leporano;73010;4
Puglia;Taranto;TA;Lizzano;73011;4
Puglia;Taranto;TA;Manduria;73012;4
Puglia;Taranto;TA;Martina Franca;73013;4
Puglia;Taranto;TA;Maruggio;73014;4
Puglia;Taranto;TA;Massafra;73015;3
Puglia;Taranto;TA;Monteiasi;73016;4
Puglia;Taranto;TA;Montemesola;73017;4
Puglia;Taranto;TA;Monteparano;73018;4
Puglia;Taranto;TA;Mottola;73019;3
Puglia;Taranto;TA;Palagianello;73020;3
Puglia;Taranto;TA;Palagiano;73021;3
Puglia;Taranto;TA;Pulsano;73022;4
Puglia;Taranto;TA;Roccaforzata;73023;4
Puglia;Taranto;TA;San Giorgio Ionico;73024;4
Puglia;Taranto;TA;San Marzano di San Giuseppe;73025;4
Puglia;Taranto;TA;Sava;73026;4
Puglia;Taranto;TA;Taranto;73027;3
Puglia;Taranto;TA;Torricella;73028;4
Puglia;Taranto;TA;Statte;73029;3
Puglia;Brindisi;BR;Brindisi;74001;4
Puglia;Brindisi;BR;Carovigno;74002;4
Puglia;Brindisi;BR;Ceglie Messapica;74003;4
Puglia;Brindisi;BR;Cellino San Marco;74004;4
Puglia;Brindisi;BR;Cisternino;74005;4
Puglia;Brindisi;BR;Erchie;74006;4
Puglia;Brindisi;BR;Fasano;74007;4
Puglia;Brindisi;BR;Francavilla Fontana;74008;4
Puglia;Brindisi;BR;Latiano;74009;4
Puglia;Brindisi;BR;Mesagne;74010;4
Puglia;Brindisi;BR;Oria;74011;4
Puglia;Brindisi;BR;Ostuni;74012;4
Puglia;Brindisi;BR;San Donaci;74013;4
Puglia;Brindisi;BR;San Michele Salentino;74014;4
Puglia;Brindisi;BR;San Pancrazio Salentino;74015;4
Puglia;Brindisi;BR;San Pietro Vernotico;74016;4
Puglia;Brindisi;BR;San Vito dei Normanni;74017;4
Puglia;Brindisi;BR;Torchiarolo;74018;4
Puglia;Brindisi;BR;Torre Santa Susanna;74019;4
Puglia;Brindisi;BR;Villa Castelli;74020;4
Puglia;Lecce;LE;Alessano;75002;4
Puglia;Lecce;LE;Alezio;75003;4
Puglia;Lecce;LE;Alliste;75004;4
Puglia;Lecce;LE;Andrano;75005;4
Puglia;Lecce;LE;Aradeo;75006;4
Puglia;Lecce;LE;Arnesano;75007;4
Puglia;Lecce;LE;Bagnolo del Salento;75008;4
Puglia;Lecce;LE;Botrugno;75009;4
Puglia;Lecce;LE;Calimera;75010;4
Puglia;Lecce;LE;Campi Salentina;75011;4
Puglia;Lecce;LE;Cannole;75012;4
Puglia;Lecce;LE;Caprarica di Lecce;75013;4
Puglia;Lecce;LE;Carmiano;75014;4
Puglia;Lecce;LE;Carpignano Salentino;75015;4
Puglia;Lecce;LE;Casarano;75016;4
Puglia;Lecce;LE;Castri di Lecce;75017;4
Puglia;Lecce;LE;Castrignano de' Greci;75018;4
Puglia;Lecce;LE;Castrignano del Capo;75019;4
Puglia;Lecce;LE;Cavallino;75020;4
Puglia;Lecce;LE;Collepasso;75021;4
Puglia;Lecce;LE;Copertino;75022;4
Puglia;Lecce;LE;Corigliano d'Otranto;75023;4
Puglia;Lecce;LE;Corsano;75024;4
Puglia;Lecce;LE;Cursi;75025;4
Puglia;Lecce;LE;Cutrofiano;75026;4
Puglia;Lecce;LE;Diso;75027;4
Puglia;Lecce;LE;Gagliano del Capo;75028;4
Puglia;Lecce;LE;Galatina;75029;4
Puglia;Lecce;LE;Galatone;75030;4
Puglia;Lecce;LE;Gallipoli;75031;4
Puglia;Lecce;LE;Giuggianello;75032;4
Puglia;Lecce;LE;Giurdignano;75033;4
Puglia;Lecce;LE;Guagnano;75034;4
Puglia;Lecce;LE;Lecce;75035;4
Puglia;Lecce;LE;Lequile;75036;4
Puglia;Lecce;LE;Leverano;75037;4
Puglia;Lecce;LE;Lizzanello;75038;4
Puglia;Lecce;LE;Maglie;75039;4
Puglia;Lecce;LE;Martano;75040;4
Puglia;Lecce;LE;Martignano;75041;4
Puglia;Lecce;LE;Matino;75042;4
Puglia;Lecce;LE;Melendugno;75043;4
Puglia;Lecce;LE;Melissano;75044;4
Puglia;Lecce;LE;Melpignano;75045;4
Puglia;Lecce;LE;Miggiano;75046;4
Puglia;Lecce;LE;Minervino di Lecce;75047;4
Puglia;Lecce;LE;Monteroni di Lecce;75048;4
Puglia;Lecce;LE;Montesano Salentino;75049;4
Puglia;Lecce;LE;Morciano di Leuca;75050;4
Puglia;Lecce;LE;Muro Leccese;75051;4
Puglia;Lecce;LE;Nardò;75052;4
Puglia;Lecce;LE;Neviano;75053;4
Puglia;Lecce;LE;Nociglia;75054;4
Puglia;Lecce;LE;Novoli;75055;4
Puglia;Lecce;LE;Ortelle;75056;4
Puglia;Lecce;LE;Otranto;75057;4
Puglia;Lecce;LE;Palmariggi;75058;4
Puglia;Lecce;LE;Parabita;75059;4
Puglia;Lecce;LE;Patù;75060;4
Puglia;Lecce;LE;Poggiardo;75061;4
Puglia;Lecce;LE;Racale;75063;4
Puglia;Lecce;LE;Ruffano;75064;4
Puglia;Lecce;LE;Salice Salentino;75065;4
Puglia;Lecce;LE;Salve;75066;4
Puglia;Lecce;LE;Sanarica;75067;4
Puglia;Lecce;LE;San Cesario di Lecce;75068;4
Puglia;Lecce;LE;San Donato di Lecce;75069;4
Puglia;Lecce;LE;Sannicola;75070;4
Puglia;Lecce;LE;San Pietro in Lama;75071;4
Puglia;Lecce;LE;Santa Cesarea Terme;75072;4
Puglia;Lecce;LE;Scorrano;75073;4
Puglia;Lecce;LE;Seclì;75074;4
Puglia;Lecce;LE;Sogliano Cavour;75075;4
Puglia;Lecce;LE;Soleto;75076;4
Puglia;Lecce;LE;Specchia;75077;4
Puglia;Lecce;LE;Spongano;75078;4
Puglia;Lecce;LE;Squinzano;75079;4
Puglia;Lecce;LE;Sternatia;75080;4
Puglia;Lecce;LE;Supersano;75081;4
Puglia;Lecce;LE;Surano;75082;4
Puglia;Lecce;LE;Surbo;75083;4
Puglia;Lecce;LE;Taurisano;75084;4
Puglia;Lecce;LE;Taviano;75085;4
Puglia;Lecce;LE;Tiggiano;75086;4
Puglia;Lecce;LE;Trepuzzi;75087;4
Puglia;Lecce;LE;Tricase;75088;4
Puglia;Lecce;LE;Tuglie;75089;4
Puglia;Lecce;LE;Ugento;75090;4
Puglia;Lecce;LE;Uggiano la Chiesa;75091;4
Puglia;Lecce;LE;Veglie;75092;4
Puglia;Lecce;LE;Vernole;75093;4
Puglia;Lecce;LE;Zollino;75094;4
Puglia;Lecce;LE;San Cassiano;75095;4
Puglia;Lecce;LE;Castro;75096;4
Puglia;Lecce;LE;Porto Cesareo;75097;4
Puglia;Lecce;LE;Presicce-Acquarica;75098;4
Basilicata;Potenza;PZ;Abriola;76001;1b
Basilicata;Potenza;PZ;Acerenza;76002;2d
Basilicata;Potenza;PZ;Albano di Lucania;76003;2b
Basilicata;Potenza;PZ;Anzi;76004;2b
Basilicata;Potenza;PZ;Armento;76005;2b
Basilicata;Potenza;PZ;Atella;76006;2b
Basilicata;Potenza;PZ;Avigliano;76007;2b
Basilicata;Potenza;PZ;Balvano;76008;1a
Basilicata;Potenza;PZ;Banzi;76009;2d
Basilicata;Potenza;PZ;Baragiano;76010;1b
Basilicata;Potenza;PZ;Barile;76011;2b
Basilicata;Potenza;PZ;Bella;76012;1b
Basilicata;Potenza;PZ;Brienza;76013;1a
Basilicata;Potenza;PZ;Brindisi Montagna;76014;2b
Basilicata;Potenza;PZ;Calvello;76015;1b
Basilicata;Potenza;PZ;Calvera;76016;2b
Basilicata;Potenza;PZ;Campomaggiore;76017;2b
Basilicata;Potenza;PZ;Cancellara;76018;2c
Basilicata;Potenza;PZ;Carbone;76019;2a
Basilicata;Potenza;PZ;San Paolo Albanese;76020;2d
Basilicata;Potenza;PZ;Castelgrande;76021;1a
Basilicata;Potenza;PZ;Castelluccio Inferiore;76022;1a
Basilicata;Potenza;PZ;Castelluccio Superiore;76023;1a
Basilicata;Potenza;PZ;Castelmezzano;76024;2b
Basilicata;Potenza;PZ;Castelsaraceno;76025;1a
Basilicata;Potenza;PZ;Castronuovo di Sant'Andrea;76026;2c
Basilicata;Potenza;PZ;Cersosimo;76027;2d
Basilicata;Potenza;PZ;Chiaromonte;76028;2c
Basilicata;Potenza;PZ;Corleto Perticara;76029;2c
Basilicata;Potenza;PZ;Episcopia;76030;1b
Basilicata;Potenza;PZ;Fardella;76031;2b
Basilicata;Potenza;PZ;Filiano;76032;2c
Basilicata;Potenza;PZ;Forenza;76033;2d
Basilicata;Potenza;PZ;Francavilla in Sinni;76034;2b
Basilicata;Potenza;PZ;Gallicchio;76035;2c
Basilicata;Potenza;PZ;Genzano di Lucania;76036;2d
Basilicata;Potenza;PZ;Grumento Nova;76037;1a
Basilicata;Potenza;PZ;Guardia Perticara;76038;2c
Basilicata;Potenza;PZ;Lagonegro;76039;1b
Basilicata;Potenza;PZ;Latronico;76040;1a
Basilicata;Potenza;PZ;Laurenzana;76041;2b
Basilicata;Potenza;PZ;Lauria;76042;1b
Basilicata;Potenza;PZ;Lavello;76043;2b
Basilicata;Potenza;PZ;Maratea;76044;2c
Basilicata;Potenza;PZ;Marsico Nuovo;76045;1a
Basilicata;Potenza;PZ;Marsicovetere;76046;1a
Basilicata;Potenza;PZ;Maschito;76047;2c
Basilicata;Potenza;PZ;Melfi;76048;2b
Basilicata;Potenza;PZ;Missanello;76049;2d
Basilicata;Potenza;PZ;Moliterno;76050;1a
Basilicata;Potenza;PZ;Montemilone;76051;2b
Basilicata;Potenza;PZ;Montemurro;76052;1b
Basilicata;Potenza;PZ;Muro Lucano;76053;1a
Basilicata;Potenza;PZ;Nemoli;76054;1b
Basilicata;Potenza;PZ;Noepoli;76055;2d
Basilicata;Potenza;PZ;Oppido Lucano;76056;2d
Basilicata;Potenza;PZ;Palazzo San Gervasio;76057;2c
Basilicata;Potenza;PZ;Pescopagano;76058;1a
Basilicata;Potenza;PZ;Picerno;76059;1b
Basilicata;Potenza;PZ;Pietragalla;76060;2c
Basilicata;Potenza;PZ;Pietrapertosa;76061;2c
Basilicata;Potenza;PZ;Pignola;76062;1b
Basilicata;Potenza;PZ;Potenza;76063;2a
Basilicata;Potenza;PZ;Rapolla;76064;2b
Basilicata;Potenza;PZ;Rapone;76065;1b
Basilicata;Potenza;PZ;Rionero in Vulture;76066;2b
Basilicata;Potenza;PZ;Ripacandida;76067;2c
Basilicata;Potenza;PZ;Rivello;76068;2a
Basilicata;Potenza;PZ;Roccanova;76069;2d
Basilicata;Potenza;PZ;Rotonda;76070;1a
Basilicata;Potenza;PZ;Ruoti;76071;2a
Basilicata;Potenza;PZ;Ruvo del Monte;76072;2a
Basilicata;Potenza;PZ;San Chirico Nuovo;76073;2c
Basilicata;Potenza;PZ;San Chirico Raparo;76074;2a
Basilicata;Potenza;PZ;San Costantino Albanese;76075;2d
Basilicata;Potenza;PZ;San Fele;76076;1b
Basilicata;Potenza;PZ;San Martino d'Agri;76077;2a
Basilicata;Potenza;PZ;San Severino Lucano;76078;1b
Basilicata;Potenza;PZ;Sant'Angelo Le Fratte;76079;1b
Basilicata;Potenza;PZ;Sant'Arcangelo;76080;3a
Basilicata;Potenza;PZ;Sarconi;76081;1a
Basilicata;Potenza;PZ;Sasso di Castalda;76082;1a
Basilicata;Potenza;PZ;Satriano di Lucania;76083;1a
Basilicata;Potenza;PZ;Savoia di Lucania;76084;1a
Basilicata;Potenza;PZ;Senise;76085;2d
Basilicata;Potenza;PZ;Spinoso;76086;1b
Basilicata;Potenza;PZ;Teana;76087;2b
Basilicata;Potenza;PZ;Terranova di Pollino;76088;2c
Basilicata;Potenza;PZ;Tito;76089;1b
Basilicata;Potenza;PZ;Tolve;76090;2c
Basilicata;Potenza;PZ;Tramutola;76091;1a
Basilicata;Potenza;PZ;Trecchina;76092;2a
Basilicata;Potenza;PZ;Trivigno;76093;2b
Basilicata;Potenza;PZ;Vaglio Basilicata;76094;2b
Basilicata;Potenza;PZ;Venosa;76095;2c
Basilicata;Potenza;PZ;Vietri di Potenza;76096;1a
Basilicata;Potenza;PZ;Viggianello;76097;1a
Basilicata;Potenza;PZ;Viggiano;76098;1b
Basilicata;Potenza;PZ;Ginestra;76099;2c
Basilicata;Potenza;PZ;Paterno;76100;1a
Basilicata;Matera;MT;Accettura;77001;2c
Basilicata;Matera;MT;Aliano;77002;3a
Basilicata;Matera;MT;Bernalda;77003;3a
Basilicata;Matera;MT;Calciano;77004;2c
Basilicata;Matera;MT;Cirigliano;77005;2d
Basilicata;Matera;MT;Colobraro;77006;3a
Basilicata;Matera;MT;Craco;77007;3a
Basilicata;Matera;MT;Ferrandina;77008;2d
Basilicata;Matera;MT;Garaguso;77009;2c
Basilicata;Matera;MT;Gorgoglione;77010;2d
Basilicata;Matera;MT;Grassano;77011;2c
Basilicata;Matera;MT;Grottole;77012;2c
Basilicata;Matera;MT;Irsina;77013;2d
Basilicata;Matera;MT;Matera;77014;2d
Basilicata;Matera;MT;Miglionico;77015;2c
Basilicata;Matera;MT;Montalbano Jonico;77016;3b
Basilicata;Matera;MT;Montescaglioso;77017;2c
Basilicata;Matera;MT;Nova Siri;77018;3b
Basilicata;Matera;MT;Oliveto Lucano;77019;2c
Basilicata;Matera;MT;Pisticci;77020;3b
Basilicata;Matera;MT;Policoro;77021;3b
Basilicata;Matera;MT;Pomarico;77022;2d
Basilicata;Matera;MT;Rotondella;77023;3b
Basilicata;Matera;MT;Salandra;77024;2c
Basilicata;Matera;MT;San Giorgio Lucano;77025;3a
Basilicata;Matera;MT;San Mauro Forte;77026;2d
Basilicata;Matera;MT;Stigliano;77027;3a
Basilicata;Matera;MT;Tricarico;77028;2c
Basilicata;Matera;MT;Tursi;77029;3b
Basilicata;Matera;MT;Valsinni;77030;3a
Basilicata;Matera;MT;Scanzano Jonico;77031;3b
Calabria;Cosenza;CS;Acquaformosa;78001;2
Calabria;Cosenza;CS;Acquappesa;78002;2
Calabria;Cosenza;CS;Acri;78003;2
Calabria;Cosenza;CS;Aiello Calabro;78004;1
Calabria;Cosenza;CS;Aieta;78005;2
Calabria;Cosenza;CS;Albidona;78006;2
Calabria;Cosenza;CS;Alessandria del Carretto;78007;2
Calabria;Cosenza;CS;Altilia;78008;1
Calabria;Cosenza;CS;Altomonte;78009;2
Calabria;Cosenza;CS;Amantea;78010;1
Calabria;Cosenza;CS;Amendolara;78011;2
Calabria;Cosenza;CS;Aprigliano;78012;1
Calabria;Cosenza;CS;Belmonte Calabro;78013;1
Calabria;Cosenza;CS;Belsito;78014;1
Calabria;Cosenza;CS;Belvedere Marittimo;78015;2
Calabria;Cosenza;CS;Bianchi;78016;1
Calabria;Cosenza;CS;Bisignano;78017;1
Calabria;Cosenza;CS;Bocchigliero;78018;2
Calabria;Cosenza;CS;Bonifati;78019;2
Calabria;Cosenza;CS;Buonvicino;78020;2
Calabria;Cosenza;CS;Calopezzati;78021;2
Calabria;Cosenza;CS;Caloveto;78022;2
Calabria;Cosenza;CS;Campana;78023;2
Calabria;Cosenza;CS;Canna;78024;2
Calabria;Cosenza;CS;Cariati;78025;2
Calabria;Cosenza;CS;Carolei;78026;1
Calabria;Cosenza;CS;Carpanzano;78027;1
Calabria;Cosenza;CS;Cassano all'Ionio;78029;2
Calabria;Cosenza;CS;Castiglione Cosentino;78030;1
Calabria;Cosenza;CS;Castrolibero;78031;1
Calabria;Cosenza;CS;Castroregio;78032;2
Calabria;Cosenza;CS;Castrovillari;78033;2
Calabria;Cosenza;CS;Celico;78034;1
Calabria;Cosenza;CS;Cellara;78035;1
Calabria;Cosenza;CS;Cerchiara di Calabria;78036;2
Calabria;Cosenza;CS;Cerisano;78037;1
Calabria;Cosenza;CS;Cervicati;78038;1
Calabria;Cosenza;CS;Cerzeto;78039;1
Calabria;Cosenza;CS;Cetraro;78040;2
Calabria;Cosenza;CS;Civita;78041;2
Calabria;Cosenza;CS;Cleto;78042;1
Calabria;Cosenza;CS;Colosimi;78043;1
Calabria;Cosenza;CS;Cosenza;78045;1
Calabria;Cosenza;CS;Cropalati;78046;2
Calabria;Cosenza;CS;Crosia;78047;2
Calabria;Cosenza;CS;Diamante;78048;2
Calabria;Cosenza;CS;Dipignano;78049;1
Calabria;Cosenza;CS;Domanico;78050;1
Calabria;Cosenza;CS;Fagnano Castello;78051;2
Calabria;Cosenza;CS;Falconara Albanese;78052;1
Calabria;Cosenza;CS;Figline Vegliaturo;78053;1
Calabria;Cosenza;CS;Firmo;78054;2
Calabria;Cosenza;CS;Fiumefreddo Bruzio;78055;1
Calabria;Cosenza;CS;Francavilla Marittima;78056;2
Calabria;Cosenza;CS;Frascineto;78057;2
Calabria;Cosenza;CS;Fuscaldo;78058;2
Calabria;Cosenza;CS;Grimaldi;78059;1
Calabria;Cosenza;CS;Grisolia;78060;2
Calabria;Cosenza;CS;Guardia Piemontese;78061;2
Calabria;Cosenza;CS;Lago;78062;1
Calabria;Cosenza;CS;Laino Borgo;78063;2
Calabria;Cosenza;CS;Laino Castello;78064;2
Calabria;Cosenza;CS;Lappano;78065;1
Calabria;Cosenza;CS;Lattarico;78066;1
Calabria;Cosenza;CS;Longobardi;78067;1
Calabria;Cosenza;CS;Longobucco;78068;2
Calabria;Cosenza;CS;Lungro;78069;2
Calabria;Cosenza;CS;Luzzi;78070;1
Calabria;Cosenza;CS;Maierà;78071;2
Calabria;Cosenza;CS;Malito;78072;1
Calabria;Cosenza;CS;Malvito;78073;2
Calabria;Cosenza;CS;Mandatoriccio;78074;2
Calabria;Cosenza;CS;Mangone;78075;1
Calabria;Cosenza;CS;Marano Marchesato;78076;1
Calabria;Cosenza;CS;Marano Principato;78077;1
Calabria;Cosenza;CS;Marzi;78078;1
Calabria;Cosenza;CS;Mendicino;78079;1
Calabria;Cosenza;CS;Mongrassano;78080;1
Calabria;Cosenza;CS;Montalto Uffugo;78081;1
Calabria;Cosenza;CS;Montegiordano;78082;2
Calabria;Cosenza;CS;Morano Calabro;78083;2
Calabria;Cosenza;CS;Mormanno;78084;2
Calabria;Cosenza;CS;Mottafollone;78085;2
Calabria;Cosenza;CS;Nocara;78086;2
Calabria;Cosenza;CS;Oriolo;78087;2
Calabria;Cosenza;CS;Orsomarso;78088;2
Calabria;Cosenza;CS;Paludi;78089;2
Calabria;Cosenza;CS;Panettieri;78090;1
Calabria;Cosenza;CS;Paola;78091;2
Calabria;Cosenza;CS;Papasidero;78092;2
Calabria;Cosenza;CS;Parenti;78093;1
Calabria;Cosenza;CS;Paterno Calabro;78094;1
Calabria;Cosenza;CS;Pedivigliano;78096;1
Calabria;Cosenza;CS;Piane Crati;78097;1
Calabria;Cosenza;CS;Pietrafitta;78098;1
Calabria;Cosenza;CS;Pietrapaola;78099;2
Calabria;Cosenza;CS;Plataci;78100;2
Calabria;Cosenza;CS;Praia a Mare;78101;2
Calabria;Cosenza;CS;Rende;78102;1
Calabria;Cosenza;CS;Rocca Imperiale;78103;2
Calabria;Cosenza;CS;Roggiano Gravina;78104;2
Calabria;Cosenza;CS;Rogliano;78105;1
Calabria;Cosenza;CS;Rose;78106;1
Calabria;Cosenza;CS;Roseto Capo Spulico;78107;2
Calabria;Cosenza;CS;Rota Greca;78109;1
Calabria;Cosenza;CS;Rovito;78110;1
Calabria;Cosenza;CS;San Basile;78111;2
Calabria;Cosenza;CS;San Benedetto Ullano;78112;1
Calabria;Cosenza;CS;San Cosmo Albanese;78113;2
Calabria;Cosenza;CS;San Demetrio Corone;78114;2
Calabria;Cosenza;CS;San Donato di Ninea;78115;2
Calabria;Cosenza;CS;San Fili;78116;1
Calabria;Cosenza;CS;Sangineto;78117;2
Calabria;Cosenza;CS;San Giorgio Albanese;78118;2
Calabria;Cosenza;CS;San Giovanni in Fiore;78119;2
Calabria;Cosenza;CS;San Lorenzo Bellizzi;78120;2
Calabria;Cosenza;CS;San Lorenzo del Vallo;78121;2
Calabria;Cosenza;CS;San Lucido;78122;1
Calabria;Cosenza;CS;San Marco Argentano;78123;1
Calabria;Cosenza;CS;San Martino di Finita;78124;1
Calabria;Cosenza;CS;San Nicola Arcella;78125;2
Calabria;Cosenza;CS;San Pietro in Amantea;78126;1
Calabria;Cosenza;CS;San Pietro in Guarano;78127;1
Calabria;Cosenza;CS;San Sosti;78128;2
Calabria;Cosenza;CS;Santa Caterina Albanese;78129;2
Calabria;Cosenza;CS;Santa Domenica Talao;78130;2
Calabria;Cosenza;CS;Sant'Agata di Esaro;78131;2
Calabria;Cosenza;CS;Santa Maria del Cedro;78132;2
Calabria;Cosenza;CS;Santa Sofia d'Epiro;78133;2
Calabria;Cosenza;CS;Santo Stefano di Rogliano;78134;1
Calabria;Cosenza;CS;San Vincenzo La Costa;78135;1
Calabria;Cosenza;CS;Saracena;78136;2
Calabria;Cosenza;CS;Scala Coeli;78137;2
Calabria;Cosenza;CS;Scalea;78138;2
Calabria;Cosenza;CS;Scigliano;78139;1
Calabria;Cosenza;CS;Serra d'Aiello;78140;1
Calabria;Cosenza;CS;Spezzano Albanese;78142;2
Calabria;Cosenza;CS;Spezzano della Sila;78143;1
Calabria;Cosenza;CS;Tarsia;78145;2
Calabria;Cosenza;CS;Terranova da Sibari;78146;2
Calabria;Cosenza;CS;Terravecchia;78147;2
Calabria;Cosenza;CS;Torano Castello;78148;1
Calabria;Cosenza;CS;Tortora;78149;2
Calabria;Cosenza;CS;Trebisacce;78150;2
Calabria;Cosenza;CS;Vaccarizzo Albanese;78152;2
Calabria;Cosenza;CS;Verbicaro;78153;2
Calabria;Cosenza;CS;Villapiana;78154;2
Calabria;Cosenza;CS;Zumpano;78155;1
Calabria;Cosenza;CS;Casali del Manco;78156;1
Calabria;Cosenza;CS;Corigliano-Rossano;78157;2
Calabria;Catanzaro;CZ;Albi;79002;2
Calabria;Catanzaro;CZ;Amaroni;79003;1
Calabria;Catanzaro;CZ;Amato;79004;1
Calabria;Catanzaro;CZ;Andali;79005;2
Calabria;Catanzaro;CZ;Argusto;79007;1
Calabria;Catanzaro;CZ;Badolato;79008;2
Calabria;Catanzaro;CZ;Belcastro;79009;2
Calabria;Catanzaro;CZ;Borgia;79011;1
Calabria;Catanzaro;CZ;Botricello;79012;2
Calabria;Catanzaro;CZ;Caraffa di Catanzaro;79017;1
Calabria;Catanzaro;CZ;Cardinale;79018;1
Calabria;Catanzaro;CZ;Carlopoli;79020;1
Calabria;Catanzaro;CZ;Catanzaro;79023;2
Calabria;Catanzaro;CZ;Cenadi;79024;1
Calabria;Catanzaro;CZ;Centrache;79025;1
Calabria;Catanzaro;CZ;Cerva;79027;2
Calabria;Catanzaro;CZ;Chiaravalle Centrale;79029;1
Calabria;Catanzaro;CZ;Cicala;79030;2
Calabria;Catanzaro;CZ;Conflenti;79033;1
Calabria;Catanzaro;CZ;Cortale;79034;1
Calabria;Catanzaro;CZ;Cropani;79036;2
Calabria;Catanzaro;CZ;Curinga;79039;1
Calabria;Catanzaro;CZ;Davoli;79042;2
Calabria;Catanzaro;CZ;Decollatura;79043;1
Calabria;Catanzaro;CZ;Falerna;79047;1
Calabria;Catanzaro;CZ;Feroleto Antico;79048;1
Calabria;Catanzaro;CZ;Fossato Serralta;79052;2
Calabria;Catanzaro;CZ;Gagliato;79055;1
Calabria;Catanzaro;CZ;Gasperina;79056;2
Calabria;Catanzaro;CZ;Gimigliano;79058;2
Calabria;Catanzaro;CZ;Girifalco;79059;1
Calabria;Catanzaro;CZ;Gizzeria;79060;1
Calabria;Catanzaro;CZ;Guardavalle;79061;2
Calabria;Catanzaro;CZ;Isca sullo Ionio;79063;2
Calabria;Catanzaro;CZ;Jacurso;79065;1
Calabria;Catanzaro;CZ;Magisano;79068;2
Calabria;Catanzaro;CZ;Maida;79069;1
Calabria;Catanzaro;CZ;Marcedusa;79071;2
Calabria;Catanzaro;CZ;Marcellinara;79072;1
Calabria;Catanzaro;CZ;Martirano;79073;1
Calabria;Catanzaro;CZ;Martirano Lombardo;79074;1
Calabria;Catanzaro;CZ;Miglierina;79077;1
Calabria;Catanzaro;CZ;Montauro;79080;2
Calabria;Catanzaro;CZ;Montepaone;79081;2
Calabria;Catanzaro;CZ;Motta Santa Lucia;79083;1
Calabria;Catanzaro;CZ;Nocera Terinese;79087;1
Calabria;Catanzaro;CZ;Olivadi;79088;1
Calabria;Catanzaro;CZ;Palermiti;79089;1
Calabria;Catanzaro;CZ;Pentone;79092;2
Calabria;Catanzaro;CZ;Petrizzi;79094;1
Calabria;Catanzaro;CZ;Petronà;79095;2
Calabria;Catanzaro;CZ;Pianopoli;79096;1
Calabria;Catanzaro;CZ;Platania;79099;1
Calabria;Catanzaro;CZ;San Floro;79108;1
Calabria;Catanzaro;CZ;San Mango d'Aquino;79110;1
Calabria;Catanzaro;CZ;San Pietro a Maida;79114;1
Calabria;Catanzaro;CZ;San Pietro Apostolo;79115;1
Calabria;Catanzaro;CZ;San Sostene;79116;2
Calabria;Catanzaro;CZ;Santa Caterina dello Ionio;79117;2
Calabria;Catanzaro;CZ;Sant'Andrea Apostolo dello Ionio;79118;2
Calabria;Catanzaro;CZ;San Vito sullo Ionio;79122;1
Calabria;Catanzaro;CZ;Satriano;79123;2
Calabria;Catanzaro;CZ;Sellia;79126;2
Calabria;Catanzaro;CZ;Sellia Marina;79127;2
Calabria;Catanzaro;CZ;Serrastretta;79129;1
Calabria;Catanzaro;CZ;Sersale;79130;2
Calabria;Catanzaro;CZ;Settingiano;79131;1
Calabria;Catanzaro;CZ;Simeri Crichi;79133;2
Calabria;Catanzaro;CZ;Sorbo San Basile;79134;2
Calabria;Catanzaro;CZ;Soverato;79137;1
Calabria;Catanzaro;CZ;Soveria Mannelli;79138;1
Calabria;Catanzaro;CZ;Soveria Simeri;79139;2
Calabria;Catanzaro;CZ;Squillace;79142;1
Calabria;Catanzaro;CZ;Stalettì;79143;2
Calabria;Catanzaro;CZ;Taverna;79146;2
Calabria;Catanzaro;CZ;Tiriolo;79147;2
Calabria;Catanzaro;CZ;Torre di Ruggiero;79148;1
Calabria;Catanzaro;CZ;Vallefiorita;79151;1
Calabria;Catanzaro;CZ;Zagarise;79157;2
Calabria;Catanzaro;CZ;Lamezia Terme;79160;1
Calabria;Reggio di Calabria;RC;Africo;80001;1
Calabria;Reggio di Calabria;RC;Agnana Calabra;80002;1
Calabria;Reggio di Calabria;RC;Anoia;80003;1
Calabria;Reggio di Calabria;RC;Antonimina;80004;1
Calabria;Reggio di Calabria;RC;Ardore;80005;1
Calabria;Reggio di Calabria;RC;Bagaladi;80006;1
Calabria;Reggio di Calabria;RC;Bagnara Calabra;80007;1
Calabria;Reggio di Calabria;RC;Benestare;80008;1
Calabria;Reggio di Calabria;RC;Bianco;80009;1
Calabria;Reggio di Calabria;RC;Bivongi;80010;1
Calabria;Reggio di Calabria;RC;Bova;80011;1
Calabria;Reggio di Calabria;RC;Bovalino;80012;1
Calabria;Reggio di Calabria;RC;Bova Marina;80013;1
Calabria;Reggio di Calabria;RC;Brancaleone;80014;1
Calabria;Reggio di Calabria;RC;Bruzzano Zeffirio;80015;1
Calabria;Reggio di Calabria;RC;Calanna;80016;1
Calabria;Reggio di Calabria;RC;Camini;80017;1
Calabria;Reggio di Calabria;RC;Campo Calabro;80018;1
Calabria;Reggio di Calabria;RC;Candidoni;80019;1
Calabria;Reggio di Calabria;RC;Canolo;80020;1
Calabria;Reggio di Calabria;RC;Caraffa del Bianco;80021;1
Calabria;Reggio di Calabria;RC;Cardeto;80022;1
Calabria;Reggio di Calabria;RC;Careri;80023;1
Calabria;Reggio di Calabria;RC;Casignana;80024;1
Calabria;Reggio di Calabria;RC;Caulonia;80025;1
Calabria;Reggio di Calabria;RC;Ciminà;80026;1
Calabria;Reggio di Calabria;RC;Cinquefrondi;80027;1
Calabria;Reggio di Calabria;RC;Cittanova;80028;1
Calabria;Reggio di Calabria;RC;Condofuri;80029;1
Calabria;Reggio di Calabria;RC;Cosoleto;80030;1
Calabria;Reggio di Calabria;RC;Delianuova;80031;1
Calabria;Reggio di Calabria;RC;Feroleto della Chiesa;80032;1
Calabria;Reggio di Calabria;RC;Ferruzzano;80033;1
Calabria;Reggio di Calabria;RC;Fiumara;80034;1
Calabria;Reggio di Calabria;RC;Galatro;80035;1
Calabria;Reggio di Calabria;RC;Gerace;80036;1
Calabria;Reggio di Calabria;RC;Giffone;80037;1
Calabria;Reggio di Calabria;RC;Gioia Tauro;80038;1
Calabria;Reggio di Calabria;RC;Gioiosa Ionica;80039;1
Calabria;Reggio di Calabria;RC;Grotteria;80040;1
Calabria;Reggio di Calabria;RC;Laganadi;80041;1
Calabria;Reggio di Calabria;RC;Laureana di Borrello;80042;1
Calabria;Reggio di Calabria;RC;Locri;80043;1
Calabria;Reggio di Calabria;RC;Mammola;80044;1
Calabria;Reggio di Calabria;RC;Marina di Gioiosa Ionica;80045;1
Calabria;Reggio di Calabria;RC;Maropati;80046;1
Calabria;Reggio di Calabria;RC;Martone;80047;1
Calabria;Reggio di Calabria;RC;Melicuccà;80048;1
Calabria;Reggio di Calabria;RC;Melicucco;80049;1
Calabria;Reggio di Calabria;RC;Melito di Porto Salvo;80050;1
Calabria;Reggio di Calabria;RC;Molochio;80051;1
Calabria;Reggio di Calabria;RC;Monasterace;80052;1
Calabria;Reggio di Calabria;RC;Montebello Jonico;80053;1
Calabria;Reggio di Calabria;RC;Motta San Giovanni;80054;1
Calabria;Reggio di Calabria;RC;Oppido Mamertina;80055;1
Calabria;Reggio di Calabria;RC;Palizzi;80056;1
Calabria;Reggio di Calabria;RC;Palmi;80057;1
Calabria;Reggio di Calabria;RC;Pazzano;80058;1
Calabria;Reggio di Calabria;RC;Placanica;80059;1
Calabria;Reggio di Calabria;RC;Platì;80060;1
Calabria;Reggio di Calabria;RC;Polistena;80061;1
Calabria;Reggio di Calabria;RC;Portigliola;80062;1
Calabria;Reggio di Calabria;RC;Reggio di Calabria;80063;1
Calabria;Reggio di Calabria;RC;Riace;80064;1
Calabria;Reggio di Calabria;RC;Rizziconi;80065;1
Calabria;Reggio di Calabria;RC;Roccaforte del Greco;80066;1
Calabria;Reggio di Calabria;RC;Roccella Ionica;80067;1
Calabria;Reggio di Calabria;RC;Roghudi;80068;1
Calabria;Reggio di Calabria;RC;Rosarno;80069;1
Calabria;Reggio di Calabria;RC;Samo;80070;1
Calabria;Reggio di Calabria;RC;San Giorgio Morgeto;80071;1
Calabria;Reggio di Calabria;RC;San Giovanni di Gerace;80072;1
Calabria;Reggio di Calabria;RC;San Lorenzo;80073;1
Calabria;Reggio di Calabria;RC;San Luca;80074;1
Calabria;Reggio di Calabria;RC;San Pietro di Caridà;80075;1
Calabria;Reggio di Calabria;RC;San Procopio;80076;1
Calabria;Reggio di Calabria;RC;San Roberto;80077;1
Calabria;Reggio di Calabria;RC;Santa Cristina d'Aspromonte;80078;1
Calabria;Reggio di Calabria;RC;Sant'Agata del Bianco;80079;1
Calabria;Reggio di Calabria;RC;Sant'Alessio in Aspromonte;80080;1
Calabria;Reggio di Calabria;RC;Sant'Eufemia d'Aspromonte;80081;1
Calabria;Reggio di Calabria;RC;Sant'Ilario dello Ionio;80082;1
Calabria;Reggio di Calabria;RC;Santo Stefano in Aspromonte;80083;1
Calabria;Reggio di Calabria;RC;Scido;80084;1
Calabria;Reggio di Calabria;RC;Scilla;80085;1
Calabria;Reggio di Calabria;RC;Seminara;80086;1
Calabria;Reggio di Calabria;RC;Serrata;80087;1
Calabria;Reggio di Calabria;RC;Siderno;80088;1
Calabria;Reggio di Calabria;RC;Sinopoli;80089;1
Calabria;Reggio di Calabria;RC;Staiti;80090;1
Calabria;Reggio di Calabria;RC;Stignano;80091;1
Calabria;Reggio di Calabria;RC;Stilo;80092;1
Calabria;Reggio di Calabria;RC;Taurianova;80093;1
Calabria;Reggio di Calabria;RC;Terranova Sappo Minulio;80094;1
Calabria;Reggio di Calabria;RC;Varapodio;80095;1
Calabria;Reggio di Calabria;RC;Villa San Giovanni;80096;1
Calabria;Reggio di Calabria;RC;San Ferdinando;80097;1
Sicilia;Trapani;TP;Alcamo;81001;2
Sicilia;Trapani;TP;Buseto Palizzolo;81002;2
Sicilia;Trapani;TP;Calatafimi-Segesta;81003;2
Sicilia;Trapani;TP;Campobello di Mazara;81004;2
Sicilia;Trapani;TP;Castellammare del Golfo;81005;2
Sicilia;Trapani;TP;Castelvetrano;81006;2
Sicilia;Trapani;TP;Custonaci;81007;2
Sicilia;Trapani;TP;Erice;81008;2
Sicilia;Trapani;TP;Favignana;81009;2
Sicilia;Trapani;TP;Gibellina;81010;1
Sicilia;Trapani;TP;Marsala;81011;2
Sicilia;Trapani;TP;Mazara del Vallo;81012;2
Sicilia;Trapani;TP;Paceco;81013;2
Sicilia;Trapani;TP;Pantelleria;81014;4
Sicilia;Trapani;TP;Partanna;81015;1
Sicilia;Trapani;TP;Poggioreale;81016;1
Sicilia;Trapani;TP;Salaparuta;81017;1
Sicilia;Trapani;TP;Salemi;81018;1
Sicilia;Trapani;TP;Santa Ninfa;81019;1
Sicilia;Trapani;TP;San Vito Lo Capo;81020;2
Sicilia;Trapani;TP;Trapani;81021;2
Sicilia;Trapani;TP;Valderice;81022;2
Sicilia;Trapani;TP;Vita;81023;2
Sicilia;Trapani;TP;Petrosino;81024;2
Sicilia;Trapani;TP;Misiliscemi;81025;2
Sicilia;Palermo;PA;Alia;82001;2
Sicilia;Palermo;PA;Alimena;82002;2
Sicilia;Palermo;PA;Aliminusa;82003;2
Sicilia;Palermo;PA;Altavilla Milicia;82004;2
Sicilia;Palermo;PA;Altofonte;82005;2
Sicilia;Palermo;PA;Bagheria;82006;2
Sicilia;Palermo;PA;Balestrate;82007;2
Sicilia;Palermo;PA;Baucina;82008;2
Sicilia;Palermo;PA;Belmonte Mezzagno;82009;2
Sicilia;Palermo;PA;Bisacquino;82010;2
Sicilia;Palermo;PA;Bolognetta;82011;2
Sicilia;Palermo;PA;Bompietro;82012;2
Sicilia;Palermo;PA;Borgetto;82013;2
Sicilia;Palermo;PA;Caccamo;82014;2
Sicilia;Palermo;PA;Caltavuturo;82015;2
Sicilia;Palermo;PA;Campofelice di Fitalia;82016;2
Sicilia;Palermo;PA;Campofelice di Roccella;82017;2
Sicilia;Palermo;PA;Campofiorito;82018;2
Sicilia;Palermo;PA;Camporeale;82019;2
Sicilia;Palermo;PA;Capaci;82020;2
Sicilia;Palermo;PA;Carini;82021;2
Sicilia;Palermo;PA;Castelbuono;82022;2
Sicilia;Palermo;PA;Casteldaccia;82023;2
Sicilia;Palermo;PA;Castellana Sicula;82024;2
Sicilia;Palermo;PA;Castronovo di Sicilia;82025;2
Sicilia;Palermo;PA;Cefalà Diana;82026;2
Sicilia;Palermo;PA;Cefalù;82027;2
Sicilia;Palermo;PA;Cerda;82028;2
Sicilia;Palermo;PA;Chiusa Sclafani;82029;2
Sicilia;Palermo;PA;Ciminna;82030;2
Sicilia;Palermo;PA;Cinisi;82031;2
Sicilia;Palermo;PA;Collesano;82032;2
Sicilia;Palermo;PA;Contessa Entellina;82033;1
Sicilia;Palermo;PA;Corleone;82034;2
Sicilia;Palermo;PA;Ficarazzi;82035;2
Sicilia;Palermo;PA;Gangi;82036;2
Sicilia;Palermo;PA;Geraci Siculo;82037;2
Sicilia;Palermo;PA;Giardinello;82038;2
Sicilia;Palermo;PA;Giuliana;82039;2
Sicilia;Palermo;PA;Godrano;82040;2
Sicilia;Palermo;PA;Gratteri;82041;2
Sicilia;Palermo;PA;Isnello;82042;2
Sicilia;Palermo;PA;Isola delle Femmine;82043;2
Sicilia;Palermo;PA;Lascari;82044;2
Sicilia;Palermo;PA;Lercara Friddi;82045;2
Sicilia;Palermo;PA;Marineo;82046;2
Sicilia;Palermo;PA;Mezzojuso;82047;2
Sicilia;Palermo;PA;Misilmeri;82048;2
Sicilia;Palermo;PA;Monreale;82049;2
Sicilia;Palermo;PA;Montelepre;82050;2
Sicilia;Palermo;PA;Montemaggiore Belsito;82051;2
Sicilia;Palermo;PA;Palazzo Adriano;82052;2
Sicilia;Palermo;PA;Palermo;82053;2
Sicilia;Palermo;PA;Partinico;82054;2
Sicilia;Palermo;PA;Petralia Soprana;82055;2
Sicilia;Palermo;PA;Petralia Sottana;82056;2
Sicilia;Palermo;PA;Piana degli Albanesi;82057;2
Sicilia;Palermo;PA;Polizzi Generosa;82058;2
Sicilia;Palermo;PA;Pollina;82059;2
Sicilia;Palermo;PA;Prizzi;82060;2
Sicilia;Palermo;PA;Roccamena;82061;2
Sicilia;Palermo;PA;Roccapalumba;82062;2
Sicilia;Palermo;PA;San Cipirello;82063;2
Sicilia;Palermo;PA;San Giuseppe Jato;82064;2
Sicilia;Palermo;PA;San Mauro Castelverde;82065;2
Sicilia;Palermo;PA;Santa Cristina Gela;82066;2
Sicilia;Palermo;PA;Santa Flavia;82067;2
Sicilia;Palermo;PA;Sciara;82068;2
Sicilia;Palermo;PA;Sclafani Bagni;82069;2
Sicilia;Palermo;PA;Termini Imerese;82070;2
Sicilia;Palermo;PA;Terrasini;82071;2
Sicilia;Palermo;PA;Torretta;82072;2
Sicilia;Palermo;PA;Trabia;82073;2
Sicilia;Palermo;PA;Trappeto;82074;2
Sicilia;Palermo;PA;Ustica;82075;2
Sicilia;Palermo;PA;Valledolmo;82076;2
Sicilia;Palermo;PA;Ventimiglia di Sicilia;82077;2
Sicilia;Palermo;PA;Vicari;82078;2
Sicilia;Palermo;PA;Villabate;82079;2
Sicilia;Palermo;PA;Villafrati;82080;2
Sicilia;Palermo;PA;Scillato;82081;2
Sicilia;Palermo;PA;Blufi;82082;2
Sicilia;Messina;ME;Alcara li Fusi;83001;2
Sicilia;Messina;ME;Alì;83002;1
Sicilia;Messina;ME;Alì Terme;83003;1
Sicilia;Messina;ME;Antillo;83004;2
Sicilia;Messina;ME;Barcellona Pozzo di Gotto;83005;2
Sicilia;Messina;ME;Basicò;83006;2
Sicilia;Messina;ME;Brolo;83007;2
Sicilia;Messina;ME;Capizzi;83008;2
Sicilia;Messina;ME;Capo d'Orlando;83009;2
Sicilia;Messina;ME;Capri Leone;83010;2
Sicilia;Messina;ME;Caronia;83011;2
Sicilia;Messina;ME;Casalvecchio Siculo;83012;2
Sicilia;Messina;ME;Castel di Lucio;83013;2
Sicilia;Messina;ME;Castell'Umberto;83014;2
Sicilia;Messina;ME;Castelmola;83015;2
Sicilia;Messina;ME;Castroreale;83016;2
Sicilia;Messina;ME;Cesarò;83017;2
Sicilia;Messina;ME;Condrò;83018;2
Sicilia;Messina;ME;Falcone;83019;2
Sicilia;Messina;ME;Ficarra;83020;2
Sicilia;Messina;ME;Fiumedinisi;83021;1
Sicilia;Messina;ME;Floresta;83022;2
Sicilia;Messina;ME;Fondachelli-Fantina;83023;2
Sicilia;Messina;ME;Forza d'Agrò;83024;2
Sicilia;Messina;ME;Francavilla di Sicilia;83025;2
Sicilia;Messina;ME;Frazzanò;83026;2
Sicilia;Messina;ME;Furci Siculo;83027;1
Sicilia;Messina;ME;Furnari;83028;2
Sicilia;Messina;ME;Gaggi;83029;2
Sicilia;Messina;ME;Galati Mamertino;83030;2
Sicilia;Messina;ME;Gallodoro;83031;2
Sicilia;Messina;ME;Giardini-Naxos;83032;2
Sicilia;Messina;ME;Gioiosa Marea;83033;2
Sicilia;Messina;ME;Graniti;83034;2
Sicilia;Messina;ME;Gualtieri Sicaminò;83035;2
Sicilia;Messina;ME;Itala;83036;1
Sicilia;Messina;ME;Leni;83037;2
Sicilia;Messina;ME;Letojanni;83038;2
Sicilia;Messina;ME;Librizzi;83039;2
Sicilia;Messina;ME;Limina;83040;2
Sicilia;Messina;ME;Lipari;83041;2
Sicilia;Messina;ME;Longi;83042;2
Sicilia;Messina;ME;Malfa;83043;2
Sicilia;Messina;ME;Malvagna;83044;2
Sicilia;Messina;ME;Mandanici;83045;1
Sicilia;Messina;ME;Mazzarrà Sant'Andrea;83046;2
Sicilia;Messina;ME;Merì;83047;2
Sicilia;Messina;ME;Messina;83048;1
Sicilia;Messina;ME;Milazzo;83049;2
Sicilia;Messina;ME;Militello Rosmarino;83050;2
Sicilia;Messina;ME;Mirto;83051;2
Sicilia;Messina;ME;Mistretta;83052;2
Sicilia;Messina;ME;Moio Alcantara;83053;2
Sicilia;Messina;ME;Monforte San Giorgio;83054;2
Sicilia;Messina;ME;Mongiuffi Melia;83055;2
Sicilia;Messina;ME;Montagnareale;83056;2
Sicilia;Messina;ME;Montalbano Elicona;83057;2
Sicilia;Messina;ME;Motta Camastra;83058;2
Sicilia;Messina;ME;Motta d'Affermo;83059;2
Sicilia;Messina;ME;Naso;83060;2
Sicilia;Messina;ME;Nizza di Sicilia;83061;1
Sicilia;Messina;ME;Novara di Sicilia;83062;2
Sicilia;Messina;ME;Oliveri;83063;2
Sicilia;Messina;ME;Pace del Mela;83064;2
Sicilia;Messina;ME;Pagliara;83065;1
Sicilia;Messina;ME;Patti;83066;2
Sicilia;Messina;ME;Pettineo;83067;2
Sicilia;Messina;ME;Piraino;83068;2
Sicilia;Messina;ME;Raccuja;83069;2
Sicilia;Messina;ME;Reitano;83070;2
Sicilia;Messina;ME;Roccafiorita;83071;2
Sicilia;Messina;ME;Roccalumera;83072;1
Sicilia;Messina;ME;Roccavaldina;83073;2
Sicilia;Messina;ME;Roccella Valdemone;83074;2
Sicilia;Messina;ME;Rodì Milici;83075;2
Sicilia;Messina;ME;Rometta;83076;1
Sicilia;Messina;ME;San Filippo del Mela;83077;2
Sicilia;Messina;ME;San Fratello;83078;2
Sicilia;Messina;ME;San Marco d'Alunzio;83079;2
Sicilia;Messina;ME;San Pier Niceto;83080;2
Sicilia;Messina;ME;San Piero Patti;83081;2
Sicilia;Messina;ME;San Salvatore di Fitalia;83082;2
Sicilia;Messina;ME;Santa Domenica Vittoria;83083;2
Sicilia;Messina;ME;Sant'Agata di Militello;83084;2
Sicilia;Messina;ME;Sant'Alessio Siculo;83085;1
Sicilia;Messina;ME;Santa Lucia del Mela;83086;2
Sicilia;Messina;ME;Santa Marina Salina;83087;2
Sicilia;Messina;ME;Sant'Angelo di Brolo;83088;2
Sicilia;Messina;ME;Santa Teresa di Riva;83089;1
Sicilia;Messina;ME;San Teodoro;83090;2
Sicilia;Messina;ME;Santo Stefano di Camastra;83091;2
Sicilia;Messina;ME;Saponara;83092;1
Sicilia;Messina;ME;Savoca;83093;1
Sicilia;Messina;ME;Scaletta Zanclea;83094;1
Sicilia;Messina;ME;Sinagra;83095;2
Sicilia;Messina;ME;Spadafora;83096;2
Sicilia;Messina;ME;Taormina;83097;2
Sicilia;Messina;ME;Torregrotta;83098;2
Sicilia;Messina;ME;Tortorici;83099;2
Sicilia;Messina;ME;Tripi;83100;2
Sicilia;Messina;ME;Tusa;83101;2
Sicilia;Messina;ME;Ucria;83102;2
Sicilia;Messina;ME;Valdina;83103;2
Sicilia;Messina;ME;Venetico;83104;2
Sicilia;Messina;ME;Villafranca Tirrena;83105;1
Sicilia;Messina;ME;Terme Vigliatore;83106;2
Sicilia;Messina;ME;Acquedolci;83107;2
Sicilia;Messina;ME;Torrenova;83108;2
Sicilia;Agrigento;AG;Agrigento;84001;2
Sicilia;Agrigento;AG;Alessandria della Rocca;84002;2
Sicilia;Agrigento;AG;Aragona;84003;2
Sicilia;Agrigento;AG;Bivona;84004;2
Sicilia;Agrigento;AG;Burgio;84005;2
Sicilia;Agrigento;AG;Calamonaci;84006;2
Sicilia;Agrigento;AG;Caltabellotta;84007;2
Sicilia;Agrigento;AG;Camastra;84008;3
Sicilia;Agrigento;AG;Cammarata;84009;2
Sicilia;Agrigento;AG;Campobello di Licata;84010;3
Sicilia;Agrigento;AG;Canicattì;84011;3
Sicilia;Agrigento;AG;Casteltermini;84012;2
Sicilia;Agrigento;AG;Castrofilippo;84013;3
Sicilia;Agrigento;AG;Cattolica Eraclea;84014;2
Sicilia;Agrigento;AG;Cianciana;84015;2
Sicilia;Agrigento;AG;Comitini;84016;3
Sicilia;Agrigento;AG;Favara;84017;3
Sicilia;Agrigento;AG;Grotte;84018;3
Sicilia;Agrigento;AG;Joppolo Giancaxio;84019;2
Sicilia;Agrigento;AG;Lampedusa e Linosa;84020;4
Sicilia;Agrigento;AG;Licata;84021;3
Sicilia;Agrigento;AG;Lucca Sicula;84022;2
Sicilia;Agrigento;AG;Menfi;84023;1
Sicilia;Agrigento;AG;Montallegro;84024;2
Sicilia;Agrigento;AG;Montevago;84025;1
Sicilia;Agrigento;AG;Naro;84026;3
Sicilia;Agrigento;AG;Palma di Montechiaro;84027;3
Sicilia;Agrigento;AG;Porto Empedocle;84028;2
Sicilia;Agrigento;AG;Racalmuto;84029;3
Sicilia;Agrigento;AG;Raffadali;84030;2
Sicilia;Agrigento;AG;Ravanusa;84031;3
Sicilia;Agrigento;AG;Realmonte;84032;2
Sicilia;Agrigento;AG;Ribera;84033;2
Sicilia;Agrigento;AG;Sambuca di Sicilia;84034;2
Sicilia;Agrigento;AG;San Biagio Platani;84035;2
Sicilia;Agrigento;AG;San Giovanni Gemini;84036;2
Sicilia;Agrigento;AG;Santa Elisabetta;84037;2
Sicilia;Agrigento;AG;Santa Margherita di Belice;84038;1
Sicilia;Agrigento;AG;Sant'Angelo Muxaro;84039;2
Sicilia;Agrigento;AG;Santo Stefano Quisquina;84040;2
Sicilia;Agrigento;AG;Sciacca;84041;2
Sicilia;Agrigento;AG;Siculiana;84042;2
Sicilia;Agrigento;AG;Villafranca Sicula;84043;2
Sicilia;Caltanissetta;CL;Acquaviva Platani;85001;3
Sicilia;Caltanissetta;CL;Bompensiere;85002;3
Sicilia;Caltanissetta;CL;Butera;85003;3
Sicilia;Caltanissetta;CL;Caltanissetta;85004;3
Sicilia;Caltanissetta;CL;Campofranco;85005;3
Sicilia;Caltanissetta;CL;Delia;85006;3
Sicilia;Caltanissetta;CL;Gela;85007;2
Sicilia;Caltanissetta;CL;Marianopoli;85008;3
Sicilia;Caltanissetta;CL;Mazzarino;85009;3
Sicilia;Caltanissetta;CL;Milena;85010;3
Sicilia;Caltanissetta;CL;Montedoro;85011;3
Sicilia;Caltanissetta;CL;Mussomeli;85012;3
Sicilia;Caltanissetta;CL;Niscemi;85013;2
Sicilia;Caltanissetta;CL;Resuttano;85014;2
Sicilia;Caltanissetta;CL;Riesi;85015;3
Sicilia;Caltanissetta;CL;San Cataldo;85016;3
Sicilia;Caltanissetta;CL;Santa Caterina Villarmosa;85017;2
Sicilia;Caltanissetta;CL;Serradifalco;85018;3
Sicilia;Caltanissetta;CL;Sommatino;85019;3
Sicilia;Caltanissetta;CL;Sutera;85020;3
Sicilia;Caltanissetta;CL;Vallelunga Pratameno;85021;3
Sicilia;Caltanissetta;CL;Villalba;85022;3
Sicilia;Enna;EN;Agira;86001;2
Sicilia;Enna;EN;Aidone;86002;2
Sicilia;Enna;EN;Assoro;86003;2
Sicilia;Enna;EN;Barrafranca;86004;3
Sicilia;Enna;EN;Calascibetta;86005;2
Sicilia;Enna;EN;Catenanuova;86006;2
Sicilia;Enna;EN;Centuripe;86007;2
Sicilia;Enna;EN;Cerami;86008;2
Sicilia;Enna;EN;Enna;86009;2
Sicilia;Enna;EN;Gagliano Castelferrato;86010;2
Sicilia;Enna;EN;Leonforte;86011;2
Sicilia;Enna;EN;Nicosia;86012;2
Sicilia;Enna;EN;Nissoria;86013;2
Sicilia;Enna;EN;Piazza Armerina;86014;2
Sicilia;Enna;EN;Pietraperzia;86015;3
Sicilia;Enna;EN;Regalbuto;86016;2
Sicilia;Enna;EN;Sperlinga;86017;2
Sicilia;Enna;EN;Troina;86018;2
Sicilia;Enna;EN;Valguarnera Caropepe;86019;2
Sicilia;Enna;EN;Villarosa;86020;2
Sicilia;Catania;CT;Aci Bonaccorsi;87001;2
Sicilia;Catania;CT;Aci Castello;87002;2
Sicilia;Catania;CT;Aci Catena;87003;2
Sicilia;Catania;CT;Acireale;87004;2
Sicilia;Catania;CT;Aci Sant'Antonio;87005;2
Sicilia;Catania;CT;Adrano;87006;2
Sicilia;Catania;CT;Belpasso;87007;2
Sicilia;Catania;CT;Biancavilla;87008;2
Sicilia;Catania;CT;Bronte;87009;2
Sicilia;Catania;CT;Calatabiano;87010;2
Sicilia;Catania;CT;Caltagirone;87011;2
Sicilia;Catania;CT;Camporotondo Etneo;87012;2
Sicilia;Catania;CT;Castel di Iudica;87013;2
Sicilia;Catania;CT;Castiglione di Sicilia;87014;2
Sicilia;Catania;CT;Catania;87015;2
Sicilia;Catania;CT;Fiumefreddo di Sicilia;87016;2
Sicilia;Catania;CT;Giarre;87017;2
Sicilia;Catania;CT;Grammichele;87018;2
Sicilia;Catania;CT;Gravina di Catania;87019;2
Sicilia;Catania;CT;Licodia Eubea;87020;1
Sicilia;Catania;CT;Linguaglossa;87021;2
Sicilia;Catania;CT;Maletto;87022;2
Sicilia;Catania;CT;Mascali;87023;2
Sicilia;Catania;CT;Mascalucia;87024;2
Sicilia;Catania;CT;Militello in Val di Catania;87025;1
Sicilia;Catania;CT;Milo;87026;2
Sicilia;Catania;CT;Mineo;87027;2
Sicilia;Catania;CT;Mirabella Imbaccari;87028;2
Sicilia;Catania;CT;Misterbianco;87029;2
Sicilia;Catania;CT;Motta Sant'Anastasia;87030;2
Sicilia;Catania;CT;Nicolosi;87031;2
Sicilia;Catania;CT;Palagonia;87032;2
Sicilia;Catania;CT;Paternò;87033;2
Sicilia;Catania;CT;Pedara;87034;2
Sicilia;Catania;CT;Piedimonte Etneo;87035;2
Sicilia;Catania;CT;Raddusa;87036;2
Sicilia;Catania;CT;Ramacca;87037;2
Sicilia;Catania;CT;Randazzo;87038;2
Sicilia;Catania;CT;Riposto;87039;2
Sicilia;Catania;CT;San Cono;87040;2
Sicilia;Catania;CT;San Giovanni la Punta;87041;2
Sicilia;Catania;CT;San Gregorio di Catania;87042;2
Sicilia;Catania;CT;San Michele di Ganzaria;87043;2
Sicilia;Catania;CT;San Pietro Clarenza;87044;2
Sicilia;Catania;CT;Sant'Agata li Battiati;87045;2
Sicilia;Catania;CT;Sant'Alfio;87046;2
Sicilia;Catania;CT;Santa Maria di Licodia;87047;2
Sicilia;Catania;CT;Santa Venerina;87048;2
Sicilia;Catania;CT;Scordia;87049;1
Sicilia;Catania;CT;Trecastagni;87050;2
Sicilia;Catania;CT;Tremestieri Etneo;87051;2
Sicilia;Catania;CT;Valverde;87052;2
Sicilia;Catania;CT;Viagrande;87053;2
Sicilia;Catania;CT;Vizzini;87054;1
Sicilia;Catania;CT;Zafferana Etnea;87055;2
Sicilia;Catania;CT;Mazzarrone;87056;2
Sicilia;Catania;CT;Maniace;87057;2
Sicilia;Catania;CT;Ragalna;87058;2
Sicilia;Ragusa;RG;Acate;88001;2
Sicilia;Ragusa;RG;Chiaramonte Gulfi;88002;1
Sicilia;Ragusa;RG;Comiso;88003;2
Sicilia;Ragusa;RG;Giarratana;88004;1
Sicilia;Ragusa;RG;Ispica;88005;2
Sicilia;Ragusa;RG;Modica;88006;1
Sicilia;Ragusa;RG;Monterosso Almo;88007;1
Sicilia;Ragusa;RG;Pozzallo;88008;2
Sicilia;Ragusa;RG;Ragusa;88009;1
Sicilia;Ragusa;RG;Santa Croce Camerina;88010;2
Sicilia;Ragusa;RG;Scicli;88011;2
Sicilia;Ragusa;RG;Vittoria;88012;2
Sicilia;Siracusa;SR;Augusta;89001;1
Sicilia;Siracusa;SR;Avola;89002;2
Sicilia;Siracusa;SR;Buccheri;89003;1
Sicilia;Siracusa;SR;Buscemi;89004;1
Sicilia;Siracusa;SR;Canicattini Bagni;89005;1
Sicilia;Siracusa;SR;Carlentini;89006;1
Sicilia;Siracusa;SR;Cassaro;89007;1
Sicilia;Siracusa;SR;Ferla;89008;1
Sicilia;Siracusa;SR;Floridia;89009;1
Sicilia;Siracusa;SR;Francofonte;89010;1
Sicilia;Siracusa;SR;Lentini;89011;1
Sicilia;Siracusa;SR;Melilli;89012;1
Sicilia;Siracusa;SR;Noto;89013;1
Sicilia;Siracusa;SR;Pachino;89014;2
Sicilia;Siracusa;SR;Palazzolo Acreide;89015;1
Sicilia;Siracusa;SR;Rosolini;89016;2
Sicilia;Siracusa;SR;Siracusa;89017;1
Sicilia;Siracusa;SR;Solarino;89018;1
Sicilia;Siracusa;SR;Sortino;89019;1
Sicilia;Siracusa;SR;Portopalo di Capo Passero;89020;2
Sicilia;Siracusa;SR;Priolo Gargallo;89021;1
Sardegna;Sassari;SS;Aggius;90001;4
Sardegna;Sassari;SS;Alà dei Sardi;90002;4
Sardegna;Sassari;SS;Alghero;90003;4
Sardegna;Sassari;SS;Anela;90004;4
Sardegna;Sassari;SS;Ardara;90005;4
Sardegna;Sassari;SS;Arzachena;90006;4
Sardegna;Sassari;SS;Banari;90007;4
Sardegna;Sassari;SS;Benetutti;90008;4
Sardegna;Sassari;SS;Berchidda;90009;4
Sardegna;Sassari;SS;Bessude;90010;4
Sardegna;Sassari;SS;Bonnanaro;90011;4
Sardegna;Sassari;SS;Bono;90012;4
Sardegna;Sassari;SS;Bonorva;90013;4
Sardegna;Sassari;SS;Bortigiadas;90014;4
Sardegna;Sassari;SS;Borutta;90015;4
Sardegna;Sassari;SS;Bottidda;90016;4
Sardegna;Sassari;SS;Buddusò;90017;4
Sardegna;Sassari;SS;Bultei;90018;4
Sardegna;Sassari;SS;Bulzi;90019;4
Sardegna;Sassari;SS;Burgos;90020;4
Sardegna;Sassari;SS;Calangianus;90021;4
Sardegna;Sassari;SS;Cargeghe;90022;4
Sardegna;Sassari;SS;Castelsardo;90023;4
Sardegna;Sassari;SS;Cheremule;90024;4
Sardegna;Sassari;SS;Chiaramonti;90025;4
Sardegna;Sassari;SS;Codrongianos;90026;4
Sardegna;Sassari;SS;Cossoine;90027;4
Sardegna;Sassari;SS;Esporlatu;90028;4
Sardegna;Sassari;SS;Florinas;90029;4
Sardegna;Sassari;SS;Giave;90030;4
Sardegna;Sassari;SS;Illorai;90031;4
Sardegna;Sassari;SS;Ittireddu;90032;4
Sardegna;Sassari;SS;Ittiri;90033;4
Sardegna;Sassari;SS;Laerru;90034;4
Sardegna;Sassari;SS;La Maddalena;90035;4
Sardegna;Sassari;SS;Luogosanto;90036;4
Sardegna;Sassari;SS;Luras;90037;4
Sardegna;Sassari;SS;Mara;90038;4
Sardegna;Sassari;SS;Martis;90039;4
Sardegna;Sassari;SS;Monteleone Rocca Doria;90040;4
Sardegna;Sassari;SS;Monti;90041;4
Sardegna;Sassari;SS;Mores;90042;4
Sardegna;Sassari;SS;Muros;90043;4
Sardegna;Sassari;SS;Nughedu San Nicolò;90044;4
Sardegna;Sassari;SS;Nule;90045;4
Sardegna;Sassari;SS;Nulvi;90046;4
Sardegna;Sassari;SS;Olbia;90047;4
Sardegna;Sassari;SS;Olmedo;90048;4
Sardegna;Sassari;SS;Oschiri;90049;4
Sardegna;Sassari;SS;Osilo;90050;4
Sardegna;Sassari;SS;Ossi;90051;4
Sardegna;Sassari;SS;Ozieri;90052;4
Sardegna;Sassari;SS;Padria;90053;4
Sardegna;Sassari;SS;Palau;90054;4
Sardegna;Sassari;SS;Pattada;90055;4
Sardegna;Sassari;SS;Perfugas;90056;4
Sardegna;Sassari;SS;Ploaghe;90057;4
Sardegna;Sassari;SS;Porto Torres;90058;4
Sardegna;Sassari;SS;Pozzomaggiore;90059;4
Sardegna;Sassari;SS;Putifigari;90060;4
Sardegna;Sassari;SS;Romana;90061;4
Sardegna;Sassari;SS;Aglientu;90062;4
Sardegna;Sassari;SS;Santa Teresa Gallura;90063;4
Sardegna;Sassari;SS;Sassari;90064;4
Sardegna;Sassari;SS;Sedini;90065;4
Sardegna;Sassari;SS;Semestene;90066;4
Sardegna;Sassari;SS;Sennori;90067;4
Sardegna;Sassari;SS;Siligo;90068;4
Sardegna;Sassari;SS;Sorso;90069;4
Sardegna;Sassari;SS;Tempio Pausania;90070;4
Sardegna;Sassari;SS;Thiesi;90071;4
Sardegna;Sassari;SS;Tissi;90072;4
Sardegna;Sassari;SS;Torralba;90073;4
Sardegna;Sassari;SS;Trinità d'Agultu e Vignola;90074;4
Sardegna;Sassari;SS;Tula;90075;4
Sardegna;Sassari;SS;Uri;90076;4
Sardegna;Sassari;SS;Usini;90077;4
Sardegna;Sassari;SS;Villanova Monteleone;90078;4
Sardegna;Sassari;SS;Valledoria;90079;4
Sardegna;Sassari;SS;Telti;90080;4
Sardegna;Sassari;SS;Badesi;90081;4
Sardegna;Sassari;SS;Viddalba;90082;4
Sardegna;Sassari;SS;Golfo Aranci;90083;4
Sardegna;Sassari;SS;Loiri Porto San Paolo;90084;4
Sardegna;Sassari;SS;Sant'Antonio di Gallura;90085;4
Sardegna;Sassari;SS;Tergu;90086;4
Sardegna;Sassari;SS;Santa Maria Coghinas;90087;4
Sardegna;Sassari;SS;Erula;90088;4
Sardegna;Sassari;SS;Stintino;90089;4
Sardegna;Sassari;SS;Padru;90090;4
Sardegna;Sassari;SS;Budoni;90091;4
Sardegna;Sassari;SS;San Teodoro;90092;4
Sardegna;Nuoro;NU;Aritzo;91001;4
Sardegna;Nuoro;NU;Arzana;91002;4
Sardegna;Nuoro;NU;Atzara;91003;4
Sardegna;Nuoro;NU;Austis;91004;4
Sardegna;Nuoro;NU;Bari Sardo;91005;4
Sardegna;Nuoro;NU;Baunei;91006;4
Sardegna;Nuoro;NU;Belvì;91007;4
Sardegna;Nuoro;NU;Birori;91008;4
Sardegna;Nuoro;NU;Bitti;91009;4
Sardegna;Nuoro;NU;Bolotana;91010;4
Sardegna;Nuoro;NU;Borore;91011;4
Sardegna;Nuoro;NU;Bortigali;91012;4
Sardegna;Nuoro;NU;Desulo;91016;4
Sardegna;Nuoro;NU;Dorgali;91017;4
Sardegna;Nuoro;NU;Dualchi;91018;4
Sardegna;Nuoro;NU;Elini;91019;4
Sardegna;Nuoro;NU;Fonni;91024;4
Sardegna;Nuoro;NU;Gadoni;91025;4
Sardegna;Nuoro;NU;Gairo;91026;4
Sardegna;Nuoro;NU;Galtellì;91027;4
Sardegna;Nuoro;NU;Gavoi;91028;4
Sardegna;Nuoro;NU;Girasole;91031;4
Sardegna;Nuoro;NU;Ilbono;91032;4
Sardegna;Nuoro;NU;Irgoli;91033;4
Sardegna;Nuoro;NU;Jerzu;91035;4
Sardegna;Nuoro;NU;Lanusei;91037;4
Sardegna;Nuoro;NU;Lei;91038;4
Sardegna;Nuoro;NU;Loceri;91039;4
Sardegna;Nuoro;NU;Loculi;91040;4
Sardegna;Nuoro;NU;Lodè;91041;4
Sardegna;Nuoro;NU;Lotzorai;91042;4
Sardegna;Nuoro;NU;Lula;91043;4
Sardegna;Nuoro;NU;Macomer;91044;4
Sardegna;Nuoro;NU;Mamoiada;91046;4
Sardegna;Nuoro;NU;Meana Sardo;91047;4
Sardegna;Nuoro;NU;Noragugume;91050;4
Sardegna;Nuoro;NU;Nuoro;91051;4
Sardegna;Nuoro;NU;Oliena;91055;4
Sardegna;Nuoro;NU;Ollolai;91056;4
Sardegna;Nuoro;NU;Olzai;91057;4
Sardegna;Nuoro;NU;Onanì;91058;4
Sardegna;Nuoro;NU;Onifai;91059;4
Sardegna;Nuoro;NU;Oniferi;91060;4
Sardegna;Nuoro;NU;Orani;91061;4
Sardegna;Nuoro;NU;Orgosolo;91062;4
Sardegna;Nuoro;NU;Orosei;91063;4
Sardegna;Nuoro;NU;Orotelli;91064;4
Sardegna;Nuoro;NU;Ortueri;91066;4
Sardegna;Nuoro;NU;Orune;91067;4
Sardegna;Nuoro;NU;Osidda;91068;4
Sardegna;Nuoro;NU;Osini;91069;4
Sardegna;Nuoro;NU;Ottana;91070;4
Sardegna;Nuoro;NU;Ovodda;91071;4
Sardegna;Nuoro;NU;Perdasdefogu;91072;4
Sardegna;Nuoro;NU;Posada;91073;4
Sardegna;Nuoro;NU;Sarule;91077;4
Sardegna;Nuoro;NU;Silanus;91083;4
Sardegna;Nuoro;NU;Sindia;91084;4
Sardegna;Nuoro;NU;Siniscola;91085;4
Sardegna;Nuoro;NU;Sorgono;91086;4
Sardegna;Nuoro;NU;Talana;91088;4
Sardegna;Nuoro;NU;Tertenia;91089;4
Sardegna;Nuoro;NU;Teti;91090;4
Sardegna;Nuoro;NU;Tiana;91091;4
Sardegna;Nuoro;NU;Tonara;91093;4
Sardegna;Nuoro;NU;Torpè;91094;4
Sardegna;Nuoro;NU;Tortolì;91095;4
Sardegna;Nuoro;NU;Triei;91097;4
Sardegna;Nuoro;NU;Ulassai;91098;4
Sardegna;Nuoro;NU;Urzulei;91099;4
Sardegna;Nuoro;NU;Ussassai;91100;4
Sardegna;Nuoro;NU;Villagrande Strisaili;91101;4
Sardegna;Nuoro;NU;Cardedu;91103;4
Sardegna;Nuoro;NU;Lodine;91104;4
Sardegna;Cagliari;CA;Assemini;92003;4
Sardegna;Cagliari;CA;Cagliari;92009;4
Sardegna;Cagliari;CA;Capoterra;92011;4
Sardegna;Cagliari;CA;Decimomannu;92015;4
Sardegna;Cagliari;CA;Maracalagonis;92037;4
Sardegna;Cagliari;CA;Pula;92050;4
Sardegna;Cagliari;CA;Quartu Sant'Elena;92051;4
Sardegna;Cagliari;CA;Sarroch;92066;4
Sardegna;Cagliari;CA;Selargius;92068;4
Sardegna;Cagliari;CA;Sestu;92074;4
Sardegna;Cagliari;CA;Settimo San Pietro;92075;4
Sardegna;Cagliari;CA;Sinnai;92080;4
Sardegna;Cagliari;CA;Uta;92090;4
Sardegna;Cagliari;CA;Villa San Pietro;92099;4
Sardegna;Cagliari;CA;Quartucciu;92105;4
Sardegna;Cagliari;CA;Elmas;92108;4
Sardegna;Cagliari;CA;Monserrato;92109;4
Friuli-Venezia Giulia;Pordenone;PN;Andreis;93001;1
Friuli-Venezia Giulia;Pordenone;PN;Arba;93002;2
Friuli-Venezia Giulia;Pordenone;PN;Aviano;93004;2
Friuli-Venezia Giulia;Pordenone;PN;Azzano Decimo;93005;3
Friuli-Venezia Giulia;Pordenone;PN;Barcis;93006;1
Friuli-Venezia Giulia;Pordenone;PN;Brugnera;93007;2
Friuli-Venezia Giulia;Pordenone;PN;Budoia;93008;2
Friuli-Venezia Giulia;Pordenone;PN;Caneva;93009;2
Friuli-Venezia Giulia;Pordenone;PN;Casarsa della Delizia;93010;3
Friuli-Venezia Giulia;Pordenone;PN;Castelnovo del Friuli;93011;1
Friuli-Venezia Giulia;Pordenone;PN;Cavasso Nuovo;93012;1
Friuli-Venezia Giulia;Pordenone;PN;Chions;93013;3
Friuli-Venezia Giulia;Pordenone;PN;Cimolais;93014;2
Friuli-Venezia Giulia;Pordenone;PN;Claut;93015;2
Friuli-Venezia Giulia;Pordenone;PN;Clauzetto;93016;1
Friuli-Venezia Giulia;Pordenone;PN;Cordenons;93017;2
Friuli-Venezia Giulia;Pordenone;PN;Cordovado;93018;3
Friuli-Venezia Giulia;Pordenone;PN;Erto e Casso;93019;2
Friuli-Venezia Giulia;Pordenone;PN;Fanna;93020;1
Friuli-Venezia Giulia;Pordenone;PN;Fiume Veneto;93021;3
Friuli-Venezia Giulia;Pordenone;PN;Fontanafredda;93022;2
Friuli-Venezia Giulia;Pordenone;PN;Frisanco;93024;1
Friuli-Venezia Giulia;Pordenone;PN;Maniago;93025;1
Friuli-Venezia Giulia;Pordenone;PN;Meduno;93026;1
Friuli-Venezia Giulia;Pordenone;PN;Montereale Valcellina;93027;1
Friuli-Venezia Giulia;Pordenone;PN;Morsano al Tagliamento;93028;3
Friuli-Venezia Giulia;Pordenone;PN;Pasiano di Pordenone;93029;3
Friuli-Venezia Giulia;Pordenone;PN;Pinzano al Tagliamento;93030;2
Friuli-Venezia Giulia;Pordenone;PN;Polcenigo;93031;2
Friuli-Venezia Giulia;Pordenone;PN;Porcia;93032;2
Friuli-Venezia Giulia;Pordenone;PN;Pordenone;93033;2
Friuli-Venezia Giulia;Pordenone;PN;Prata di Pordenone;93034;2
Friuli-Venezia Giulia;Pordenone;PN;Pravisdomini;93035;3
Friuli-Venezia Giulia;Pordenone;PN;Roveredo in Piano;93036;2
Friuli-Venezia Giulia;Pordenone;PN;Sacile;93037;2
Friuli-Venezia Giulia;Pordenone;PN;San Giorgio della Richinvelda;93038;2
Friuli-Venezia Giulia;Pordenone;PN;San Martino al Tagliamento;93039;2
Friuli-Venezia Giulia;Pordenone;PN;San Quirino;93040;2
Friuli-Venezia Giulia;Pordenone;PN;San Vito al Tagliamento;93041;3
Friuli-Venezia Giulia;Pordenone;PN;Sequals;93042;2
Friuli-Venezia Giulia;Pordenone;PN;Sesto al Reghena;93043;3
Friuli-Venezia Giulia;Pordenone;PN;Spilimbergo;93044;2
Friuli-Venezia Giulia;Pordenone;PN;Tramonti di Sopra;93045;2
Friuli-Venezia Giulia;Pordenone;PN;Tramonti di Sotto;93046;2
Friuli-Venezia Giulia;Pordenone;PN;Travesio;93047;1
Friuli-Venezia Giulia;Pordenone;PN;Vito d'Asio;93049;1
Friuli-Venezia Giulia;Pordenone;PN;Vivaro;93050;2
Friuli-Venezia Giulia;Pordenone;PN;Zoppola;93051;2
Friuli-Venezia Giulia;Pordenone;PN;Vajont;93052;1
Friuli-Venezia Giulia;Pordenone;PN;Valvasone Arzene;93053;2
Molise;Isernia;IS;Acquaviva d'Isernia;94001;1
Molise;Isernia;IS;Agnone;94002;2
Molise;Isernia;IS;Bagnoli del Trigno;94003;2
Molise;Isernia;IS;Belmonte del Sannio;94004;2
Molise;Isernia;IS;Cantalupo nel Sannio;94005;1
Molise;Isernia;IS;Capracotta;94006;2
Molise;Isernia;IS;Carovilli;94007;2
Molise;Isernia;IS;Carpinone;94008;1
Molise;Isernia;IS;Castel del Giudice;94009;2
Molise;Isernia;IS;Castelpetroso;94010;1
Molise;Isernia;IS;Castelpizzuto;94011;1
Molise;Isernia;IS;Castel San Vincenzo;94012;1
Molise;Isernia;IS;Castelverrino;94013;2
Molise;Isernia;IS;Cerro al Volturno;94014;1
Molise;Isernia;IS;Chiauci;94015;2
Molise;Isernia;IS;Civitanova del Sannio;94016;2
Molise;Isernia;IS;Colli a Volturno;94017;1
Molise;Isernia;IS;Conca Casale;94018;2
Molise;Isernia;IS;Filignano;94019;1
Molise;Isernia;IS;Forlì del Sannio;94020;1
Molise;Isernia;IS;Fornelli;94021;1
Molise;Isernia;IS;Frosolone;94022;2
Molise;Isernia;IS;Isernia;94023;1
Molise;Isernia;IS;Longano;94024;1
Molise;Isernia;IS;Macchia d'Isernia;94025;1
Molise;Isernia;IS;Macchiagodena;94026;1
Molise;Isernia;IS;Miranda;94027;1
Molise;Isernia;IS;Montaquila;94028;1
Molise;Isernia;IS;Montenero Val Cocchiara;94029;1
Molise;Isernia;IS;Monteroduni;94030;1
Molise;Isernia;IS;Pesche;94031;1
Molise;Isernia;IS;Pescolanciano;94032;2
Molise;Isernia;IS;Pescopennataro;94033;2
Molise;Isernia;IS;Pettoranello del Molise;94034;1
Molise;Isernia;IS;Pietrabbondante;94035;2
Molise;Isernia;IS;Pizzone;94036;1
Molise;Isernia;IS;Poggio Sannita;94037;2
Molise;Isernia;IS;Pozzilli;94038;1
Molise;Isernia;IS;Rionero Sannitico;94039;1
Molise;Isernia;IS;Roccamandolfi;94040;1
Molise;Isernia;IS;Roccasicura;94041;1
Molise;Isernia;IS;Rocchetta a Volturno;94042;1
Molise;Isernia;IS;San Pietro Avellana;94043;1
Molise;Isernia;IS;Sant'Agapito;94044;1
Molise;Isernia;IS;Santa Maria del Molise;94045;1
Molise;Isernia;IS;Sant'Angelo del Pesco;94046;2
Molise;Isernia;IS;Sant'Elena Sannita;94047;1
Molise;Isernia;IS;Scapoli;94048;1
Molise;Isernia;IS;Sessano del Molise;94049;2
Molise;Isernia;IS;Sesto Campano;94050;2
Molise;Isernia;IS;Vastogirardi;94051;2
Molise;Isernia;IS;Venafro;94052;2
Sardegna;Oristano;OR;Abbasanta;95001;4
Sardegna;Oristano;OR;Aidomaggiore;95002;4
Sardegna;Oristano;OR;Albagiara;95003;4
Sardegna;Oristano;OR;Ales;95004;4
Sardegna;Oristano;OR;Allai;95005;4
Sardegna;Oristano;OR;Arborea;95006;4
Sardegna;Oristano;OR;Ardauli;95007;4
Sardegna;Oristano;OR;Assolo;95008;4
Sardegna;Oristano;OR;Asuni;95009;4
Sardegna;Oristano;OR;Baradili;95010;4
Sardegna;Oristano;OR;Baratili San Pietro;95011;4
Sardegna;Oristano;OR;Baressa;95012;4
Sardegna;Oristano;OR;Bauladu;95013;4
Sardegna;Oristano;OR;Bidonì;95014;4
Sardegna;Oristano;OR;Bonarcado;95015;4
Sardegna;Oristano;OR;Boroneddu;95016;4
Sardegna;Oristano;OR;Busachi;95017;4
Sardegna;Oristano;OR;Cabras;95018;4
Sardegna;Oristano;OR;Cuglieri;95019;4
Sardegna;Oristano;OR;Fordongianus;95020;4
Sardegna;Oristano;OR;Ghilarza;95021;4
Sardegna;Oristano;OR;Gonnoscodina;95022;4
Sardegna;Oristano;OR;Gonnosnò;95023;4
Sardegna;Oristano;OR;Gonnostramatza;95024;4
Sardegna;Oristano;OR;Marrubiu;95025;4
Sardegna;Oristano;OR;Masullas;95026;4
Sardegna;Oristano;OR;Milis;95027;4
Sardegna;Oristano;OR;Mogorella;95028;4
Sardegna;Oristano;OR;Mogoro;95029;4
Sardegna;Oristano;OR;Morgongiori;95030;4
Sardegna;Oristano;OR;Narbolia;95031;4
Sardegna;Oristano;OR;Neoneli;95032;4
Sardegna;Oristano;OR;Norbello;95033;4
Sardegna;Oristano;OR;Nughedu Santa Vittoria;95034;4
Sardegna;Oristano;OR;Nurachi;95035;4
Sardegna;Oristano;OR;Nureci;95036;4
Sardegna;Oristano;OR;Ollastra;95037;4
Sardegna;Oristano;OR;Oristano;95038;4
Sardegna;Oristano;OR;Palmas Arborea;95039;4
Sardegna;Oristano;OR;Pau;95040;4
Sardegna;Oristano;OR;Paulilatino;95041;4
Sardegna;Oristano;OR;Pompu;95042;4
Sardegna;Oristano;OR;Riola Sardo;95043;4
Sardegna;Oristano;OR;Ruinas;95044;4
Sardegna;Oristano;OR;Samugheo;95045;4
Sardegna;Oristano;OR;San Nicolò d'Arcidano;95046;4
Sardegna;Oristano;OR;Santa Giusta;95047;4
Sardegna;Oristano;OR;Villa Sant'Antonio;95048;4
Sardegna;Oristano;OR;Santu Lussurgiu;95049;4
Sardegna;Oristano;OR;San Vero Milis;95050;4
Sardegna;Oristano;OR;Scano di Montiferro;95051;4
Sardegna;Oristano;OR;Sedilo;95052;4
Sardegna;Oristano;OR;Seneghe;95053;4
Sardegna;Oristano;OR;Senis;95054;4
Sardegna;Oristano;OR;Sennariolo;95055;4
Sardegna;Oristano;OR;Siamaggiore;95056;4
Sardegna;Oristano;OR;Siamanna;95057;4
Sardegna;Oristano;OR;Simala;95058;4
Sardegna;Oristano;OR;Simaxis;95059;4
Sardegna;Oristano;OR;Sini;95060;4
Sardegna;Oristano;OR;Siris;95061;4
Sardegna;Oristano;OR;Solarussa;95062;4
Sardegna;Oristano;OR;Sorradile;95063;4
Sardegna;Oristano;OR;Tadasuni;95064;4
Sardegna;Oristano;OR;Terralba;95065;4
Sardegna;Oristano;OR;Tramatza;95066;4
Sardegna;Oristano;OR;Tresnuraghes;95067;4
Sardegna;Oristano;OR;Ulà Tirso;95068;4
Sardegna;Oristano;OR;Uras;95069;4
Sardegna;Oristano;OR;Usellus;95070;4
Sardegna;Oristano;OR;Villanova Truschedu;95071;4
Sardegna;Oristano;OR;Villaurbana;95072;4
Sardegna;Oristano;OR;Villa Verde;95073;4
Sardegna;Oristano;OR;Zeddiani;95074;4
Sardegna;Oristano;OR;Zerfaliu;95075;4
Sardegna;Oristano;OR;Siapiccia;95076;4
Sardegna;Oristano;OR;Curcuris;95077;4
Sardegna;Oristano;OR;Soddì;95078;4
Sardegna;Oristano;OR;Bosa;95079;4
Sardegna;Oristano;OR;Flussio;95080;4
Sardegna;Oristano;OR;Laconi;95082;4
Sardegna;Oristano;OR;Magomadas;95083;4
Sardegna;Oristano;OR;Modolo;95084;4
Sardegna;Oristano;OR;Montresta;95085;4
Sardegna;Oristano;OR;Sagama;95086;4
Sardegna;Oristano;OR;Suni;95087;4
Sardegna;Oristano;OR;Tinnura;95088;4
Piemonte;Biella;BI;Ailoche;96001;4
Piemonte;Biella;BI;Andorno Micca;96002;3
Piemonte;Biella;BI;Benna;96003;4
Piemonte;Biella;BI;Biella;96004;3
Piemonte;Biella;BI;Bioglio;96005;4
Piemonte;Biella;BI;Borriana;96006;4
Piemonte;Biella;BI;Brusnengo;96007;4
Piemonte;Biella;BI;Callabiana;96008;4
Piemonte;Biella;BI;Camandona;96009;4
Piemonte;Biella;BI;Camburzano;96010;3
Piemonte;Biella;BI;Candelo;96012;4
Piemonte;Biella;BI;Caprile;96013;4
Piemonte;Biella;BI;Casapinta;96014;4
Piemonte;Biella;BI;Castelletto Cervo;96015;4
Piemonte;Biella;BI;Cavaglià;96016;4
Piemonte;Biella;BI;Cerrione;96018;4
Piemonte;Biella;BI;Coggiola;96019;4
Piemonte;Biella;BI;Cossato;96020;4
Piemonte;Biella;BI;Crevacuore;96021;4
Piemonte;Biella;BI;Curino;96023;4
Piemonte;Biella;BI;Donato;96024;3
Piemonte;Biella;BI;Dorzano;96025;4
Piemonte;Biella;BI;Gaglianico;96026;4
Piemonte;Biella;BI;Gifflenga;96027;4
Piemonte;Biella;BI;Graglia;96028;3
Piemonte;Biella;BI;Magnano;96030;3
Piemonte;Biella;BI;Massazza;96031;4
Piemonte;Biella;BI;Masserano;96032;4
Piemonte;Biella;BI;Mezzana Mortigliengo;96033;4
Piemonte;Biella;BI;Miagliano;96034;3
Piemonte;Biella;BI;Mongrando;96035;3
Piemonte;Biella;BI;Mottalciata;96037;4
Piemonte;Biella;BI;Muzzano;96038;3
Piemonte;Biella;BI;Netro;96039;3
Piemonte;Biella;BI;Occhieppo Inferiore;96040;3
Piemonte;Biella;BI;Occhieppo Superiore;96041;3
Piemonte;Biella;BI;Pettinengo;96042;4
Piemonte;Biella;BI;Piatto;96043;4
Piemonte;Biella;BI;Piedicavallo;96044;3
Piemonte;Biella;BI;Pollone;96046;3
Piemonte;Biella;BI;Ponderano;96047;4
Piemonte;Biella;BI;Portula;96048;4
Piemonte;Biella;BI;Pralungo;96049;3
Piemonte;Biella;BI;Pray;96050;4
Piemonte;Biella;BI;Ronco Biellese;96053;4
Piemonte;Biella;BI;Roppolo;96054;4
Piemonte;Biella;BI;Rosazza;96055;3
Piemonte;Biella;BI;Sagliano Micca;96056;3
Piemonte;Biella;BI;Sala Biellese;96057;3
Piemonte;Biella;BI;Salussola;96058;4
Piemonte;Biella;BI;Sandigliano;96059;4
Piemonte;Biella;BI;Sordevolo;96063;3
Piemonte;Biella;BI;Sostegno;96064;4
Piemonte;Biella;BI;Strona;96065;4
Piemonte;Biella;BI;Tavigliano;96066;3
Piemonte;Biella;BI;Ternengo;96067;4
Piemonte;Biella;BI;Tollegno;96068;3
Piemonte;Biella;BI;Torrazzo;96069;3
Piemonte;Biella;BI;Valdengo;96071;4
Piemonte;Biella;BI;Vallanzengo;96072;4
Piemonte;Biella;BI;Valle San Nicolao;96074;4
Piemonte;Biella;BI;Veglio;96075;4
Piemonte;Biella;BI;Verrone;96076;4
Piemonte;Biella;BI;Vigliano Biellese;96077;4
Piemonte;Biella;BI;Villa del Bosco;96078;4
Piemonte;Biella;BI;Villanova Biellese;96079;4
Piemonte;Biella;BI;Viverone;96080;4
Piemonte;Biella;BI;Zimone;96081;4
Piemonte;Biella;BI;Zubiena;96082;3
Piemonte;Biella;BI;Zumaglia;96083;4
Piemonte;Biella;BI;Lessona;96085;4
Piemonte;Biella;BI;Campiglia Cervo;96086;3
Piemonte;Biella;BI;Quaregna Cerreto;96087;4
Piemonte;Biella;BI;Valdilana;96088;4
Lombardia;Lecco;LC;Abbadia Lariana;97001;3
Lombardia;Lecco;LC;Airuno;97002;3
Lombardia;Lecco;LC;Annone di Brianza;97003;3
Lombardia;Lecco;LC;Ballabio;97004;3
Lombardia;Lecco;LC;Barzago;97005;3
Lombardia;Lecco;LC;Barzanò;97006;3
Lombardia;Lecco;LC;Barzio;97007;3
Lombardia;Lecco;LC;Bellano;97008;4
Lombardia;Lecco;LC;Bosisio Parini;97009;3
Lombardia;Lecco;LC;Brivio;97010;3
Lombardia;Lecco;LC;Bulciago;97011;3
Lombardia;Lecco;LC;Calco;97012;3
Lombardia;Lecco;LC;Calolziocorte;97013;3
Lombardia;Lecco;LC;Carenno;97014;3
Lombardia;Lecco;LC;Casargo;97015;4
Lombardia;Lecco;LC;Casatenovo;97016;3
Lombardia;Lecco;LC;Cassago Brianza;97017;3
Lombardia;Lecco;LC;Cassina Valsassina;97018;3
Lombardia;Lecco;LC;Castello di Brianza;97019;3
Lombardia;Lecco;LC;Cernusco Lombardone;97020;3
Lombardia;Lecco;LC;Cesana Brianza;97021;3
Lombardia;Lecco;LC;Civate;97022;3
Lombardia;Lecco;LC;Colico;97023;4
Lombardia;Lecco;LC;Colle Brianza;97024;3
Lombardia;Lecco;LC;Cortenova;97025;4
Lombardia;Lecco;LC;Costa Masnaga;97026;3
Lombardia;Lecco;LC;Crandola Valsassina;97027;4
Lombardia;Lecco;LC;Cremella;97028;3
Lombardia;Lecco;LC;Cremeno;97029;3
Lombardia;Lecco;LC;Dervio;97030;4
Lombardia;Lecco;LC;Dolzago;97031;3
Lombardia;Lecco;LC;Dorio;97032;4
Lombardia;Lecco;LC;Ello;97033;3
Lombardia;Lecco;LC;Erve;97034;3
Lombardia;Lecco;LC;Esino Lario;97035;4
Lombardia;Lecco;LC;Galbiate;97036;3
Lombardia;Lecco;LC;Garbagnate Monastero;97037;3
Lombardia;Lecco;LC;Garlate;97038;3
Lombardia;Lecco;LC;Imbersago;97039;3
Lombardia;Lecco;LC;Introbio;97040;3
Lombardia;Lecco;LC;Lecco;97042;3
Lombardia;Lecco;LC;Lierna;97043;4
Lombardia;Lecco;LC;Lomagna;97044;3
Lombardia;Lecco;LC;Malgrate;97045;3
Lombardia;Lecco;LC;Mandello del Lario;97046;3
Lombardia;Lecco;LC;Margno;97047;4
Lombardia;Lecco;LC;Merate;97048;3
Lombardia;Lecco;LC;Missaglia;97049;3
Lombardia;Lecco;LC;Moggio;97050;3
Lombardia;Lecco;LC;Molteno;97051;3
Lombardia;Lecco;LC;Monte Marenzo;97052;3
Lombardia;Lecco;LC;Montevecchia;97053;3
Lombardia;Lecco;LC;Monticello Brianza;97054;3
Lombardia;Lecco;LC;Morterone;97055;3
Lombardia;Lecco;LC;Nibionno;97056;3
Lombardia;Lecco;LC;Oggiono;97057;3
Lombardia;Lecco;LC;Olgiate Molgora;97058;3
Lombardia;Lecco;LC;Olginate;97059;3
Lombardia;Lecco;LC;Oliveto Lario;97060;4
Lombardia;Lecco;LC;Osnago;97061;3
Lombardia;Lecco;LC;Paderno d'Adda;97062;3
Lombardia;Lecco;LC;Pagnona;97063;4
Lombardia;Lecco;LC;Parlasco;97064;4
Lombardia;Lecco;LC;Pasturo;97065;3
Lombardia;Lecco;LC;Perledo;97067;4
Lombardia;Lecco;LC;Pescate;97068;3
Lombardia;Lecco;LC;Premana;97069;4
Lombardia;Lecco;LC;Primaluna;97070;4
Lombardia;Lecco;LC;Robbiate;97071;3
Lombardia;Lecco;LC;Rogeno;97072;3
Lombardia;Lecco;LC;Santa Maria Hoè;97074;3
Lombardia;Lecco;LC;Sirone;97075;3
Lombardia;Lecco;LC;Sirtori;97076;3
Lombardia;Lecco;LC;Sueglio;97077;4
Lombardia;Lecco;LC;Suello;97078;3
Lombardia;Lecco;LC;Taceno;97079;4
Lombardia;Lecco;LC;Valgreghentino;97082;3
Lombardia;Lecco;LC;Valmadrera;97083;3
Lombardia;Lecco;LC;Varenna;97084;4
Lombardia;Lecco;LC;Vercurago;97086;3
Lombardia;Lecco;LC;Viganò;97090;3
Lombardia;Lecco;LC;Verderio;97091;3
Lombardia;Lecco;LC;La Valletta Brianza;97092;3
Lombardia;Lecco;LC;Valvarrone;97093;4
Lombardia;Lodi;LO;Abbadia Cerreto;98001;3
Lombardia;Lodi;LO;Bertonico;98002;3
Lombardia;Lodi;LO;Boffalora d'Adda;98003;3
Lombardia;Lodi;LO;Borghetto Lodigiano;98004;3
Lombardia;Lodi;LO;Borgo San Giovanni;98005;3
Lombardia;Lodi;LO;Brembio;98006;3
Lombardia;Lodi;LO;Casaletto Lodigiano;98008;3
Lombardia;Lodi;LO;Casalmaiocco;98009;3
Lombardia;Lodi;LO;Casalpusterlengo;98010;3
Lombardia;Lodi;LO;Caselle Landi;98011;3
Lombardia;Lodi;LO;Caselle Lurani;98012;3
Lombardia;Lodi;LO;Castelnuovo Bocca d'Adda;98013;3
Lombardia;Lodi;LO;Castiglione d'Adda;98014;3
Lombardia;Lodi;LO;Castiraga Vidardo;98015;3
Lombardia;Lodi;LO;Cavenago d'Adda;98017;3
Lombardia;Lodi;LO;Cervignano d'Adda;98018;3
Lombardia;Lodi;LO;Codogno;98019;3
Lombardia;Lodi;LO;Comazzo;98020;3
Lombardia;Lodi;LO;Cornegliano Laudense;98021;3
Lombardia;Lodi;LO;Corno Giovine;98022;3
Lombardia;Lodi;LO;Cornovecchio;98023;3
Lombardia;Lodi;LO;Corte Palasio;98024;3
Lombardia;Lodi;LO;Crespiatica;98025;3
Lombardia;Lodi;LO;Fombio;98026;3
Lombardia;Lodi;LO;Galgagnano;98027;3
Lombardia;Lodi;LO;Graffignana;98028;3
Lombardia;Lodi;LO;Guardamiglio;98029;3
Lombardia;Lodi;LO;Livraga;98030;3
Lombardia;Lodi;LO;Lodi;98031;3
Lombardia;Lodi;LO;Lodi Vecchio;98032;3
Lombardia;Lodi;LO;Maccastorna;98033;3
Lombardia;Lodi;LO;Mairago;98034;3
Lombardia;Lodi;LO;Maleo;98035;3
Lombardia;Lodi;LO;Marudo;98036;3
Lombardia;Lodi;LO;Massalengo;98037;3
Lombardia;Lodi;LO;Meleti;98038;3
Lombardia;Lodi;LO;Merlino;98039;3
Lombardia;Lodi;LO;Montanaso Lombardo;98040;3
Lombardia;Lodi;LO;Mulazzano;98041;3
Lombardia;Lodi;LO;Orio Litta;98042;3
Lombardia;Lodi;LO;Ospedaletto Lodigiano;98043;3
Lombardia;Lodi;LO;Ossago Lodigiano;98044;3
Lombardia;Lodi;LO;Pieve Fissiraga;98045;3
Lombardia;Lodi;LO;Salerano sul Lambro;98046;3
Lombardia;Lodi;LO;San Fiorano;98047;3
Lombardia;Lodi;LO;San Martino in Strada;98048;3
Lombardia;Lodi;LO;San Rocco al Porto;98049;3
Lombardia;Lodi;LO;Sant'Angelo Lodigiano;98050;3
Lombardia;Lodi;LO;Santo Stefano Lodigiano;98051;3
Lombardia;Lodi;LO;Secugnago;98052;3
Lombardia;Lodi;LO;Senna Lodigiana;98053;3
Lombardia;Lodi;LO;Somaglia;98054;3
Lombardia;Lodi;LO;Sordio;98055;3
Lombardia;Lodi;LO;Tavazzano con Villavesco;98056;3
Lombardia;Lodi;LO;Terranova dei Passerini;98057;3
Lombardia;Lodi;LO;Turano Lodigiano;98058;3
Lombardia;Lodi;LO;Valera Fratta;98059;3
Lombardia;Lodi;LO;Villanova del Sillaro;98060;3
Lombardia;Lodi;LO;Zelo Buon Persico;98061;3
Lombardia;Lodi;LO;Castelgerundo;98062;3
Emilia-Romagna;Rimini;RN;Bellaria-Igea Marina;99001;2
Emilia-Romagna;Rimini;RN;Cattolica;99002;2
Emilia-Romagna;Rimini;RN;Coriano;99003;2
Emilia-Romagna;Rimini;RN;Gemmano;99004;2
Emilia-Romagna;Rimini;RN;Misano Adriatico;99005;2
Emilia-Romagna;Rimini;RN;Mondaino;99006;2
Emilia-Romagna;Rimini;RN;Montefiore Conca;99008;2
Emilia-Romagna;Rimini;RN;Montegridolfo;99009;2
Emilia-Romagna;Rimini;RN;Morciano di Romagna;99011;2
Emilia-Romagna;Rimini;RN;Riccione;99013;2
Emilia-Romagna;Rimini;RN;Rimini;99014;2
Emilia-Romagna;Rimini;RN;Saludecio;99015;2
Emilia-Romagna;Rimini;RN;San Clemente;99016;2
Emilia-Romagna;Rimini;RN;San Giovanni in Marignano;99017;2
Emilia-Romagna;Rimini;RN;Santarcangelo di Romagna;99018;2
Emilia-Romagna;Rimini;RN;Verucchio;99020;2
Emilia-Romagna;Rimini;RN;Casteldelci;99021;2
Emilia-Romagna;Rimini;RN;Maiolo;99022;2
Emilia-Romagna;Rimini;RN;Novafeltria;99023;2
Emilia-Romagna;Rimini;RN;Pennabilli;99024;2
Emilia-Romagna;Rimini;RN;San Leo;99025;2
Emilia-Romagna;Rimini;RN;Sant'Agata Feltria;99026;2
Emilia-Romagna;Rimini;RN;Talamello;99027;2
Emilia-Romagna;Rimini;RN;Poggio Torriana;99028;2
Emilia-Romagna;Rimini;RN;Montescudo-Monte Colombo;99029;2
Emilia-Romagna;Rimini;RN;Montecopiolo;99030;2
Emilia-Romagna;Rimini;RN;Sassofeltrio;99031;2
Toscana;Prato;PO;Cantagallo;100001;2
Toscana;Prato;PO;Carmignano;100002;3
Toscana;Prato;PO;Montemurlo;100003;2
Toscana;Prato;PO;Poggio a Caiano;100004;3
Toscana;Prato;PO;Prato;100005;3
Toscana;Prato;PO;Vaiano;100006;2
Toscana;Prato;PO;Vernio;100007;2
Calabria;Crotone;KR;Belvedere di Spinello;101001;2
Calabria;Crotone;KR;Caccuri;101002;2
Calabria;Crotone;KR;Carfizzi;101003;2
Calabria;Crotone;KR;Casabona;101004;2
Calabria;Crotone;KR;Castelsilano;101005;2
Calabria;Crotone;KR;Cerenzia;101006;2
Calabria;Crotone;KR;Cirò;101007;2
Calabria;Crotone;KR;Cirò Marina;101008;2
Calabria;Crotone;KR;Cotronei;101009;2
Calabria;Crotone;KR;Crotone;101010;2
Calabria;Crotone;KR;Crucoli;101011;2
Calabria;Crotone;KR;Cutro;101012;2
Calabria;Crotone;KR;Isola di Capo Rizzuto;101013;2
Calabria;Crotone;KR;Melissa;101014;2
Calabria;Crotone;KR;Mesoraca;101015;2
Calabria;Crotone;KR;Pallagorio;101016;2
Calabria;Crotone;KR;Petilia Policastro;101017;2
Calabria;Crotone;KR;Roccabernarda;101018;2
Calabria;Crotone;KR;Rocca di Neto;101019;2
Calabria;Crotone;KR;San Mauro Marchesato;101020;2
Calabria;Crotone;KR;San Nicola dell'Alto;101021;2
Calabria;Crotone;KR;Santa Severina;101022;2
Calabria;Crotone;KR;Savelli;101023;2
Calabria;Crotone;KR;Scandale;101024;2
Calabria;Crotone;KR;Strongoli;101025;2
Calabria;Crotone;KR;Umbriatico;101026;2
Calabria;Crotone;KR;Verzino;101027;2
Calabria;Vibo Valentia;VV;Acquaro;102001;1
Calabria;Vibo Valentia;VV;Arena;102002;1
Calabria;Vibo Valentia;VV;Briatico;102003;1
Calabria;Vibo Valentia;VV;Brognaturo;102004;1
Calabria;Vibo Valentia;VV;Capistrano;102005;1
Calabria;Vibo Valentia;VV;Cessaniti;102006;1
Calabria;Vibo Valentia;VV;Dasà;102007;1
Calabria;Vibo Valentia;VV;Dinami;102008;1
Calabria;Vibo Valentia;VV;Drapia;102009;1
Calabria;Vibo Valentia;VV;Fabrizia;102010;1
Calabria;Vibo Valentia;VV;Filadelfia;102011;1
Calabria;Vibo Valentia;VV;Filandari;102012;1
Calabria;Vibo Valentia;VV;Filogaso;102013;1
Calabria;Vibo Valentia;VV;Francavilla Angitola;102014;1
Calabria;Vibo Valentia;VV;Francica;102015;1
Calabria;Vibo Valentia;VV;Gerocarne;102016;1
Calabria;Vibo Valentia;VV;Jonadi;102017;1
Calabria;Vibo Valentia;VV;Joppolo;102018;1
Calabria;Vibo Valentia;VV;Limbadi;102019;1
Calabria;Vibo Valentia;VV;Maierato;102020;1
Calabria;Vibo Valentia;VV;Mileto;102021;1
Calabria;Vibo Valentia;VV;Mongiana;102022;1
Calabria;Vibo Valentia;VV;Monterosso Calabro;102023;1
Calabria;Vibo Valentia;VV;Nardodipace;102024;1
Calabria;Vibo Valentia;VV;Nicotera;102025;1
Calabria;Vibo Valentia;VV;Parghelia;102026;1
Calabria;Vibo Valentia;VV;Pizzo;102027;1
Calabria;Vibo Valentia;VV;Pizzoni;102028;1
Calabria;Vibo Valentia;VV;Polia;102029;1
Calabria;Vibo Valentia;VV;Ricadi;102030;1
Calabria;Vibo Valentia;VV;Rombiolo;102031;1
Calabria;Vibo Valentia;VV;San Calogero;102032;1
Calabria;Vibo Valentia;VV;San Costantino Calabro;102033;1
Calabria;Vibo Valentia;VV;San Gregorio d'Ippona;102034;1
Calabria;Vibo Valentia;VV;San Nicola da Crissa;102035;1
Calabria;Vibo Valentia;VV;Sant'Onofrio;102036;1
Calabria;Vibo Valentia;VV;Serra San Bruno;102037;1
Calabria;Vibo Valentia;VV;Simbario;102038;1
Calabria;Vibo Valentia;VV;Sorianello;102039;1
Calabria;Vibo Valentia;VV;Soriano Calabro;102040;1
Calabria;Vibo Valentia;VV;Spadola;102041;1
Calabria;Vibo Valentia;VV;Spilinga;102042;1
Calabria;Vibo Valentia;VV;Stefanaconi;102043;1
Calabria;Vibo Valentia;VV;Tropea;102044;1
Calabria;Vibo Valentia;VV;Vallelonga;102045;1
Calabria;Vibo Valentia;VV;Vazzano;102046;1
Calabria;Vibo Valentia;VV;Vibo Valentia;102047;1
Calabria;Vibo Valentia;VV;Zaccanopoli;102048;1
Calabria;Vibo Valentia;VV;Zambrone;102049;1
Calabria;Vibo Valentia;VV;Zungri;102050;1
Piemonte;Verbano-Cusio-Ossola;VB;Antrona Schieranco;103001;3
Piemonte;Verbano-Cusio-Ossola;VB;Anzola d'Ossola;103002;4
Piemonte;Verbano-Cusio-Ossola;VB;Arizzano;103003;4
Piemonte;Verbano-Cusio-Ossola;VB;Arola;103004;4
Piemonte;Verbano-Cusio-Ossola;VB;Aurano;103005;4
Piemonte;Verbano-Cusio-Ossola;VB;Baceno;103006;3S
Piemonte;Verbano-Cusio-Ossola;VB;Bannio Anzino;103007;3
Piemonte;Verbano-Cusio-Ossola;VB;Baveno;103008;4
Piemonte;Verbano-Cusio-Ossola;VB;Bee;103009;4
Piemonte;Verbano-Cusio-Ossola;VB;Belgirate;103010;4
Piemonte;Verbano-Cusio-Ossola;VB;Beura-Cardezza;103011;3
Piemonte;Verbano-Cusio-Ossola;VB;Bognanco;103012;3
Piemonte;Verbano-Cusio-Ossola;VB;Brovello-Carpugnino;103013;4
Piemonte;Verbano-Cusio-Ossola;VB;Calasca-Castiglione;103014;3
Piemonte;Verbano-Cusio-Ossola;VB;Cambiasca;103015;4
Piemonte;Verbano-Cusio-Ossola;VB;Cannero Riviera;103016;4
Piemonte;Verbano-Cusio-Ossola;VB;Cannobio;103017;4
Piemonte;Verbano-Cusio-Ossola;VB;Caprezzo;103018;4
Piemonte;Verbano-Cusio-Ossola;VB;Casale Corte Cerro;103019;4
Piemonte;Verbano-Cusio-Ossola;VB;Ceppo Morelli;103021;3
Piemonte;Verbano-Cusio-Ossola;VB;Cesara;103022;4
Piemonte;Verbano-Cusio-Ossola;VB;Cossogno;103023;4
Piemonte;Verbano-Cusio-Ossola;VB;Craveggia;103024;3
Piemonte;Verbano-Cusio-Ossola;VB;Crevoladossola;103025;3
Piemonte;Verbano-Cusio-Ossola;VB;Crodo;103026;3S
Piemonte;Verbano-Cusio-Ossola;VB;Domodossola;103028;3
Piemonte;Verbano-Cusio-Ossola;VB;Druogno;103029;3
Piemonte;Verbano-Cusio-Ossola;VB;Formazza;103031;3
Piemonte;Verbano-Cusio-Ossola;VB;Germagno;103032;4
Piemonte;Verbano-Cusio-Ossola;VB;Ghiffa;103033;4
Piemonte;Verbano-Cusio-Ossola;VB;Gignese;103034;4
Piemonte;Verbano-Cusio-Ossola;VB;Gravellona Toce;103035;4
Piemonte;Verbano-Cusio-Ossola;VB;Gurro;103036;4
Piemonte;Verbano-Cusio-Ossola;VB;Intragna;103037;4
Piemonte;Verbano-Cusio-Ossola;VB;Loreglia;103038;4
Piemonte;Verbano-Cusio-Ossola;VB;Macugnaga;103039;3
Piemonte;Verbano-Cusio-Ossola;VB;Madonna del Sasso;103040;4
Piemonte;Verbano-Cusio-Ossola;VB;Malesco;103041;4
Piemonte;Verbano-Cusio-Ossola;VB;Masera;103042;3
Piemonte;Verbano-Cusio-Ossola;VB;Massiola;103043;4
Piemonte;Verbano-Cusio-Ossola;VB;Mergozzo;103044;4
Piemonte;Verbano-Cusio-Ossola;VB;Miazzina;103045;4
Piemonte;Verbano-Cusio-Ossola;VB;Montecrestese;103046;3
Piemonte;Verbano-Cusio-Ossola;VB;Montescheno;103047;3
Piemonte;Verbano-Cusio-Ossola;VB;Nonio;103048;4
Piemonte;Verbano-Cusio-Ossola;VB;Oggebbio;103049;4
Piemonte;Verbano-Cusio-Ossola;VB;Omegna;103050;4
Piemonte;Verbano-Cusio-Ossola;VB;Ornavasso;103051;4
Piemonte;Verbano-Cusio-Ossola;VB;Pallanzeno;103052;3
Piemonte;Verbano-Cusio-Ossola;VB;Piedimulera;103053;3
Piemonte;Verbano-Cusio-Ossola;VB;Pieve Vergonte;103054;4
Piemonte;Verbano-Cusio-Ossola;VB;Premeno;103055;4
Piemonte;Verbano-Cusio-Ossola;VB;Premia;103056;3
Piemonte;Verbano-Cusio-Ossola;VB;Premosello-Chiovenda;103057;4
Piemonte;Verbano-Cusio-Ossola;VB;Quarna Sopra;103058;4
Piemonte;Verbano-Cusio-Ossola;VB;Quarna Sotto;103059;4
Piemonte;Verbano-Cusio-Ossola;VB;Re;103060;4
Piemonte;Verbano-Cusio-Ossola;VB;San Bernardino Verbano;103061;4
Piemonte;Verbano-Cusio-Ossola;VB;Santa Maria Maggiore;103062;3
Piemonte;Verbano-Cusio-Ossola;VB;Stresa;103064;4
Piemonte;Verbano-Cusio-Ossola;VB;Toceno;103065;3
Piemonte;Verbano-Cusio-Ossola;VB;Trarego Viggiona;103066;4
Piemonte;Verbano-Cusio-Ossola;VB;Trasquera;103067;3S
Piemonte;Verbano-Cusio-Ossola;VB;Trontano;103068;3
Piemonte;Verbano-Cusio-Ossola;VB;Valstrona;103069;4
Piemonte;Verbano-Cusio-Ossola;VB;Vanzone con San Carlo;103070;3
Piemonte;Verbano-Cusio-Ossola;VB;Varzo;103071;3S
Piemonte;Verbano-Cusio-Ossola;VB;Verbania;103072;4
Piemonte;Verbano-Cusio-Ossola;VB;Vignone;103074;4
Piemonte;Verbano-Cusio-Ossola;VB;Villadossola;103075;3
Piemonte;Verbano-Cusio-Ossola;VB;Villette;103076;4
Piemonte;Verbano-Cusio-Ossola;VB;Vogogna;103077;4
Piemonte;Verbano-Cusio-Ossola;VB;Borgomezzavalle;103078;3
Piemonte;Verbano-Cusio-Ossola;VB;Valle Cannobina;103079;4
Lombardia;Monza e della Brianza;MB;Agrate Brianza;108001;3
Lombardia;Monza e della Brianza;MB;Aicurzio;108002;3
Lombardia;Monza e della Brianza;MB;Albiate;108003;3
Lombardia;Monza e della Brianza;MB;Arcore;108004;3
Lombardia;Monza e della Brianza;MB;Barlassina;108005;4
Lombardia;Monza e della Brianza;MB;Bellusco;108006;3
Lombardia;Monza e della Brianza;MB;Bernareggio;108007;3
Lombardia;Monza e della Brianza;MB;Besana in Brianza;108008;3
Lombardia;Monza e della Brianza;MB;Biassono;108009;3
Lombardia;Monza e della Brianza;MB;Bovisio-Masciago;108010;4
Lombardia;Monza e della Brianza;MB;Briosco;108011;3
Lombardia;Monza e della Brianza;MB;Brugherio;108012;3
Lombardia;Monza e della Brianza;MB;Burago di Molgora;108013;3
Lombardia;Monza e della Brianza;MB;Camparada;108014;3
Lombardia;Monza e della Brianza;MB;Carate Brianza;108015;3
Lombardia;Monza e della Brianza;MB;Carnate;108016;3
Lombardia;Monza e della Brianza;MB;Cavenago di Brianza;108017;3
Lombardia;Monza e della Brianza;MB;Ceriano Laghetto;108018;4
Lombardia;Monza e della Brianza;MB;Cesano Maderno;108019;4
Lombardia;Monza e della Brianza;MB;Cogliate;108020;4
Lombardia;Monza e della Brianza;MB;Concorezzo;108021;3
Lombardia;Monza e della Brianza;MB;Correzzana;108022;3
Lombardia;Monza e della Brianza;MB;Desio;108023;3
Lombardia;Monza e della Brianza;MB;Giussano;108024;4
Lombardia;Monza e della Brianza;MB;Lazzate;108025;4
Lombardia;Monza e della Brianza;MB;Lesmo;108026;3
Lombardia;Monza e della Brianza;MB;Limbiate;108027;4
Lombardia;Monza e della Brianza;MB;Lissone;108028;3
Lombardia;Monza e della Brianza;MB;Macherio;108029;3
Lombardia;Monza e della Brianza;MB;Meda;108030;4
Lombardia;Monza e della Brianza;MB;Mezzago;108031;3
Lombardia;Monza e della Brianza;MB;Misinto;108032;4
Lombardia;Monza e della Brianza;MB;Monza;108033;3
Lombardia;Monza e della Brianza;MB;Muggiò;108034;3
Lombardia;Monza e della Brianza;MB;Nova Milanese;108035;4
Lombardia;Monza e della Brianza;MB;Ornago;108036;3
Lombardia;Monza e della Brianza;MB;Renate;108037;3
Lombardia;Monza e della Brianza;MB;Ronco Briantino;108038;3
Lombardia;Monza e della Brianza;MB;Seregno;108039;3
Lombardia;Monza e della Brianza;MB;Seveso;108040;4
Lombardia;Monza e della Brianza;MB;Sovico;108041;3
Lombardia;Monza e della Brianza;MB;Sulbiate;108042;3
Lombardia;Monza e della Brianza;MB;Triuggio;108043;3
Lombardia;Monza e della Brianza;MB;Usmate Velate;108044;3
Lombardia;Monza e della Brianza;MB;Varedo;108045;4
Lombardia;Monza e della Brianza;MB;Vedano al Lambro;108046;3
Lombardia;Monza e della Brianza;MB;Veduggio con Colzano;108047;3
Lombardia;Monza e della Brianza;MB;Verano Brianza;108048;4
Lombardia;Monza e della Brianza;MB;Villasanta;108049;3
Lombardia;Monza e della Brianza;MB;Vimercate;108050;3
Lombardia;Monza e della Brianza;MB;Busnago;108051;3
Lombardia;Monza e della Brianza;MB;Caponago;108052;3
Lombardia;Monza e della Brianza;MB;Cornate d'Adda;108053;3
Lombardia;Monza e della Brianza;MB;Lentate sul Seveso;108054;4
Lombardia;Monza e della Brianza;MB;Roncello;108055;3
Marche;Fermo;FM;Altidona;109001;2
Marche;Fermo;FM;Amandola;109002;2
Marche;Fermo;FM;Belmonte Piceno;109003;2
Marche;Fermo;FM;Campofilone;109004;2
Marche;Fermo;FM;Falerone;109005;2
Marche;Fermo;FM;Fermo;109006;2
Marche;Fermo;FM;Francavilla d'Ete;109007;2
Marche;Fermo;FM;Grottazzolina;109008;2
Marche;Fermo;FM;Lapedona;109009;2
Marche;Fermo;FM;Magliano di Tenna;109010;2
Marche;Fermo;FM;Massa Fermana;109011;2
Marche;Fermo;FM;Monsampietro Morico;109012;2
Marche;Fermo;FM;Montappone;109013;2
Marche;Fermo;FM;Montefalcone Appennino;109014;2
Marche;Fermo;FM;Montefortino;109015;2
Marche;Fermo;FM;Monte Giberto;109016;2
Marche;Fermo;FM;Montegiorgio;109017;2
Marche;Fermo;FM;Montegranaro;109018;2
Marche;Fermo;FM;Monteleone di Fermo;109019;2
Marche;Fermo;FM;Montelparo;109020;2
Marche;Fermo;FM;Monte Rinaldo;109021;2
Marche;Fermo;FM;Monterubbiano;109022;2
Marche;Fermo;FM;Monte San Pietrangeli;109023;2
Marche;Fermo;FM;Monte Urano;109024;2
Marche;Fermo;FM;Monte Vidon Combatte;109025;2
Marche;Fermo;FM;Monte Vidon Corrado;109026;2
Marche;Fermo;FM;Montottone;109027;2
Marche;Fermo;FM;Moresco;109028;2
Marche;Fermo;FM;Ortezzano;109029;2
Marche;Fermo;FM;Pedaso;109030;2
Marche;Fermo;FM;Petritoli;109031;2
Marche;Fermo;FM;Ponzano di Fermo;109032;2
Marche;Fermo;FM;Porto San Giorgio;109033;2
Marche;Fermo;FM;Porto Sant'Elpidio;109034;2
Marche;Fermo;FM;Rapagnano;109035;2
Marche;Fermo;FM;Santa Vittoria in Matenano;109036;2
Marche;Fermo;FM;Sant'Elpidio a Mare;109037;2
Marche;Fermo;FM;Servigliano;109038;2
Marche;Fermo;FM;Smerillo;109039;2
Marche;Fermo;FM;Torre San Patrizio;109040;2
Puglia;Barletta-Andria-Trani;BT;Andria;110001;3
Puglia;Barletta-Andria-Trani;BT;Barletta;110002;2
Puglia;Barletta-Andria-Trani;BT;Bisceglie;110003;3
Puglia;Barletta-Andria-Trani;BT;Canosa di Puglia;110004;2
Puglia;Barletta-Andria-Trani;BT;Margherita di Savoia;110005;2
Puglia;Barletta-Andria-Trani;BT;Minervino Murge;110006;2
Puglia;Barletta-Andria-Trani;BT;San Ferdinando di Puglia;110007;2
Puglia;Barletta-Andria-Trani;BT;Spinazzola;110008;2
Puglia;Barletta-Andria-Trani;BT;Trani;110009;3
Puglia;Barletta-Andria-Trani;BT;Trinitapoli;110010;2
Sardegna;Sud Sardegna;SU;Arbus;111001;4
Sardegna;Sud Sardegna;SU;Armungia;111002;4
Sardegna;Sud Sardegna;SU;Ballao;111003;4
Sardegna;Sud Sardegna;SU;Barrali;111004;4
Sardegna;Sud Sardegna;SU;Barumini;111005;4
Sardegna;Sud Sardegna;SU;Buggerru;111006;4
Sardegna;Sud Sardegna;SU;Burcei;111007;4
Sardegna;Sud Sardegna;SU;Calasetta;111008;4
Sardegna;Sud Sardegna;SU;Carbonia;111009;4
Sardegna;Sud Sardegna;SU;Carloforte;111010;4
Sardegna;Sud Sardegna;SU;Castiadas;111011;4
Sardegna;Sud Sardegna;SU;Collinas;111012;4
Sardegna;Sud Sardegna;SU;Decimoputzu;111013;4
Sardegna;Sud Sardegna;SU;Dolianova;111014;4
Sardegna;Sud Sardegna;SU;Domus de Maria;111015;4
Sardegna;Sud Sardegna;SU;Domusnovas;111016;4
Sardegna;Sud Sardegna;SU;Donori;111017;4
Sardegna;Sud Sardegna;SU;Escalaplano;111018;4
Sardegna;Sud Sardegna;SU;Escolca;111019;4
Sardegna;Sud Sardegna;SU;Esterzili;111020;4
Sardegna;Sud Sardegna;SU;Fluminimaggiore;111021;4
Sardegna;Sud Sardegna;SU;Furtei;111022;4
Sardegna;Sud Sardegna;SU;Genoni;111023;4
Sardegna;Sud Sardegna;SU;Genuri;111024;4
Sardegna;Sud Sardegna;SU;Gergei;111025;4
Sardegna;Sud Sardegna;SU;Gesico;111026;4
Sardegna;Sud Sardegna;SU;Gesturi;111027;4
Sardegna;Sud Sardegna;SU;Giba;111028;4
Sardegna;Sud Sardegna;SU;Goni;111029;4
Sardegna;Sud Sardegna;SU;Gonnesa;111030;4
Sardegna;Sud Sardegna;SU;Gonnosfanadiga;111031;4
Sardegna;Sud Sardegna;SU;Guamaggiore;111032;4
Sardegna;Sud Sardegna;SU;Guasila;111033;4
Sardegna;Sud Sardegna;SU;Guspini;111034;4
Sardegna;Sud Sardegna;SU;Iglesias;111035;4
Sardegna;Sud Sardegna;SU;Isili;111036;4
Sardegna;Sud Sardegna;SU;Las Plassas;111037;4
Sardegna;Sud Sardegna;SU;Lunamatrona;111038;4
Sardegna;Sud Sardegna;SU;Mandas;111039;4
Sardegna;Sud Sardegna;SU;Masainas;111040;4
Sardegna;Sud Sardegna;SU;Monastir;111041;4
Sardegna;Sud Sardegna;SU;Muravera;111042;4
Sardegna;Sud Sardegna;SU;Musei;111043;4
Sardegna;Sud Sardegna;SU;Narcao;111044;4
Sardegna;Sud Sardegna;SU;Nuragus;111045;4
Sardegna;Sud Sardegna;SU;Nurallao;111046;4
Sardegna;Sud Sardegna;SU;Nuraminis;111047;4
Sardegna;Sud Sardegna;SU;Nurri;111048;4
Sardegna;Sud Sardegna;SU;Nuxis;111049;4
Sardegna;Sud Sardegna;SU;Orroli;111050;4
Sardegna;Sud Sardegna;SU;Ortacesus;111051;4
Sardegna;Sud Sardegna;SU;Pabillonis;111052;4
Sardegna;Sud Sardegna;SU;Pauli Arbarei;111053;4
Sardegna;Sud Sardegna;SU;Perdaxius;111054;4
Sardegna;Sud Sardegna;SU;Pimentel;111055;4
Sardegna;Sud Sardegna;SU;Piscinas;111056;4
Sardegna;Sud Sardegna;SU;Portoscuso;111057;4
Sardegna;Sud Sardegna;SU;Sadali;111058;4
Sardegna;Sud Sardegna;SU;Samassi;111059;4
Sardegna;Sud Sardegna;SU;Samatzai;111060;4
Sardegna;Sud Sardegna;SU;San Basilio;111061;4
Sardegna;Sud Sardegna;SU;San Gavino Monreale;111062;4
Sardegna;Sud Sardegna;SU;San Giovanni Suergiu;111063;4
Sardegna;Sud Sardegna;SU;San Nicolò Gerrei;111064;4
Sardegna;Sud Sardegna;SU;San Sperate;111065;4
Sardegna;Sud Sardegna;SU;San Vito;111066;4
Sardegna;Sud Sardegna;SU;Sanluri;111067;4
Sardegna;Sud Sardegna;SU;Santadi;111068;4
Sardegna;Sud Sardegna;SU;Sant'Andrea Frius;111069;4
Sardegna;Sud Sardegna;SU;Sant'Anna Arresi;111070;4
Sardegna;Sud Sardegna;SU;Sant'Antioco;111071;4
Sardegna;Sud Sardegna;SU;Sardara;111072;4
Sardegna;Sud Sardegna;SU;Segariu;111073;4
Sardegna;Sud Sardegna;SU;Selegas;111074;4
Sardegna;Sud Sardegna;SU;Senorbì;111075;4
Sardegna;Sud Sardegna;SU;Serdiana;111076;4
Sardegna;Sud Sardegna;SU;Serramanna;111077;4
Sardegna;Sud Sardegna;SU;Serrenti;111078;4
Sardegna;Sud Sardegna;SU;Serri;111079;4
Sardegna;Sud Sardegna;SU;Setzu;111080;4
Sardegna;Sud Sardegna;SU;Seui;111081;4
Sardegna;Sud Sardegna;SU;Seulo;111082;4
Sardegna;Sud Sardegna;SU;Siddi;111083;4
Sardegna;Sud Sardegna;SU;Siliqua;111084;4
Sardegna;Sud Sardegna;SU;Silius;111085;4
Sardegna;Sud Sardegna;SU;Siurgus Donigala;111086;4
Sardegna;Sud Sardegna;SU;Soleminis;111087;4
Sardegna;Sud Sardegna;SU;Suelli;111088;4
Sardegna;Sud Sardegna;SU;Teulada;111089;4
Sardegna;Sud Sardegna;SU;Tratalias;111090;4
Sardegna;Sud Sardegna;SU;Tuili;111091;4
Sardegna;Sud Sardegna;SU;Turri;111092;4
Sardegna;Sud Sardegna;SU;Ussana;111093;4
Sardegna;Sud Sardegna;SU;Ussaramanna;111094;4
Sardegna;Sud Sardegna;SU;Vallermosa;111095;4
Sardegna;Sud Sardegna;SU;Villacidro;111096;4
Sardegna;Sud Sardegna;SU;Villamar;111097;4
Sardegna;Sud Sardegna;SU;Villamassargia;111098;4
Sardegna;Sud Sardegna;SU;Villanova Tulo;111099;4
Sardegna;Sud Sardegna;SU;Villanovaforru;111100;4
Sardegna;Sud Sardegna;SU;Villanovafranca;111101;4
Sardegna;Sud Sardegna;SU;Villaperuccio;111102;4
Sardegna;Sud Sardegna;SU;Villaputzu;111103;4
Sardegna;Sud Sardegna;SU;Villasalto;111104;4
Sardegna;Sud Sardegna;SU;Villasimius;111105;4
Sardegna;Sud Sardegna;SU;Villasor;111106;4
Sardegna;Sud Sardegna;SU;Villaspeciosa;111107;4
